date,actual_total_load_kW,predicted_total_load_kW,actual_pv_generation_kW,predicted_pv_generation_kW,actual_net_load_kW,predicted_net_load_kW
2020-10-22 09:30:00,22.267418356,20.579838,161.28388388580643,153.0118882244385,-139.01646552980642,-132.43205042536624
2020-10-22 09:45:00,33.267418356,35.51999,134.50083803657654,191.17648518116476,-101.23341968057653,-155.6564961674929
2020-10-22 10:00:00,14.780064017,20.286386,98.02663952604328,146.16059245640753,-83.24657550904328,-125.87420596653936
2020-10-22 10:15:00,7.780064017,8.106505,43.913900710487994,114.77595514419914,-36.13383669348799,-106.66944975021721
2020-10-22 10:30:00,7.780064017,7.8437777,38.58733848040615,77.8431378822702,-30.807274463406152,-69.99936022571502
2020-10-22 10:45:00,18.780064017,19.106613,89.72000779694258,75.74974864477231,-70.93994377994258,-56.64313548559262
2020-10-22 11:00:00,16.040151886,18.625813,112.18602482962949,105.87156107074638,-96.14587294362948,-87.2457485402288
2020-10-22 11:15:00,9.040151886,9.119278,163.07658677181269,127.96721424940617,-154.0364348858127,-118.8479362953046
2020-10-22 11:30:00,5.040151886,4.1253433,140.82937296279945,168.8295974471629,-135.78922107679946,-164.704254124409
2020-10-22 11:45:00,5.040151886,4.7689953,206.90702353907977,157.7225898319827,-201.86687165307978,-152.95359454694852
2020-10-22 12:00:00,5.441595633000002,5.336358,136.06906275417938,195.93340883925376,-130.6274671211794,-190.59705076888022
2020-10-22 12:15:00,5.441595633000002,5.905047,162.78413617831436,145.84078195525916,-157.34254054531436,-139.9357350154093
2020-10-22 12:30:00,5.441595633000002,6.3485975,242.6181244412846,165.24251350670153,-237.17652880828462,-158.89391598015123
2020-10-22 12:45:00,16.441595633000002,18.40625,267.9854890050514,226.0664057919443,-251.54389337205143,-207.6601557919443
2020-10-22 13:00:00,25.494248672,32.674747,245.77889885312297,215.36348175612906,-220.28465018112297,-182.68873428908805
2020-10-22 13:15:00,27.494248672,31.444542,164.39269169412103,203.31099229526143,-136.89844302212103,-171.86645036410908
2020-10-22 13:30:00,25.494248672,28.758947,245.0991984044185,157.28152238441032,-219.6049497324185,-128.5225750119738
2020-10-22 13:45:00,25.494248672,29.98203,160.33262049182804,202.20695297063165,-134.83837181982804,-172.22492210210137
2020-10-22 14:00:00,16.356785963,18.05353,305.8820872223704,134.06029894355703,-289.5253012593704,-116.00676920417715
2020-10-22 14:15:00,15.356785963,16.016521,305.74272600665864,200.04552564720615,-290.38594004365865,-184.02900419334873
2020-10-22 14:30:00,15.356785963,16.033686,224.19654683638012,204.9991997495973,-208.83976087338013,-188.9655140653932
2020-10-22 14:45:00,26.356785963,31.306433,158.22899670585593,169.59439042423895,-131.87221074285594,-138.28795770023993
2020-10-22 15:00:00,17.60152307099999,23.53153,59.31907266633868,120.33745289519106,-41.71754959533869,-96.80592251494204
2020-10-22 15:15:00,16.401523071,16.696693,48.103017168474395,66.29935628671197,-31.701494097474395,-49.60266286630181
2020-10-22 15:30:00,24.401523071,29.504383,34.18223914882772,53.542944132592694,-9.78071607782772,-24.03856104543449
2020-10-22 15:45:00,23.401523071,25.8977,23.53256223583144,35.98309580628536,-0.13103916483143863,-10.085396450206261
2020-10-22 16:00:00,12.810898336,15.828577,17.062315816491584,19.77561858387008,-4.251417480491584,-3.9470415422441043
2020-10-22 16:15:00,6.810898335999999,6.3767858,7.434546309196814,13.789776934954446,-0.6236479731968148,-7.412991179796975
2020-10-22 16:30:00,12.810898336,15.010654,2.3196703460021553,6.927908813611403,10.491227989997844,8.082745635851488
2020-10-22 16:45:00,12.810898336,14.99378,0.0,3.451634394638087,12.810898336,11.54214574147031
2020-10-22 17:00:00,11.002329366000012,16.54133,0.0,0.6055891204208227,11.002329366000012,15.935741217103592
2020-10-22 17:15:00,2.202329366,3.345827,0.0,0.24595453611407947,2.202329366,3.0998725665470532
2020-10-22 17:30:00,2.202329366,3.7330184,0.0,-0.11388798177093229,2.202329366,3.8469063800558443
2020-10-22 17:45:00,2.202329366,3.7330184,0.0,-0.37808712412271916,2.202329366,4.111105522407631
2020-10-22 18:00:00,10.688273446999998,7.668049,0.0,-0.8016966026519202,10.688273446999998,8.4697454612945
2020-10-22 18:15:00,10.688273446999998,11.240026,0.0,-0.7989295359827181,10.688273446999998,12.038956009981742
2020-10-22 18:30:00,10.688273446999998,11.250995,0.0,-0.6983750069409452,10.688273446999998,11.949369689252958
2020-10-22 18:45:00,10.688273446999998,11.277365,0.0,-0.6392605537056034,10.688273446999998,11.916625284540565
2020-10-22 19:00:00,14.487093995000004,11.521954,0.0,-0.5055923009588962,14.487093995000004,12.027545883722569
2020-10-22 19:15:00,14.487093995000004,15.941293,0.0,-0.45955609844875334,14.487093995000004,16.4008488612051
2020-10-22 19:30:00,25.487093995000002,26.255093,0.0,-0.44078589752348585,25.487093995000002,26.695878518373096
2020-10-22 19:45:00,21.487093995000002,24.208082,0.0,-0.3640098066818577,21.487093995000002,24.572092005778536
2020-10-22 20:00:00,10.060669583000001,14.32321,0.0,-0.04072088484042802,10.060669583000001,14.363930647413671
2020-10-22 20:15:00,10.060669583000001,10.878618,0.0,-0.03656551986030998,10.060669583000001,10.915183760216756
2020-10-22 20:30:00,10.060669583000001,10.82831,0.0,0.03446187595293615,10.060669583000001,10.793848136864447
2020-10-22 20:45:00,10.060669583000001,10.878618,0.0,0.060780980703936005,10.060669583000001,10.81783725965251
2020-10-22 21:00:00,17.650822483,19.656378,0.0,0.04449814739496005,17.650822483,19.611879644963437
2020-10-22 21:15:00,14.650822482999999,16.040169,0.0,0.14469442115740427,14.650822482999999,15.895474341049628
2020-10-22 21:30:00,6.650822482999998,7.818269,0.0,0.2659607787075541,6.650822482999998,7.552307997232387
2020-10-22 21:45:00,6.650822482999998,7.044919,0.0,0.28600733926463995,6.650822482999998,6.758911674712411
2020-10-22 22:00:00,3.2763354050000006,6.1883082,0.0,0.32070646378153433,3.2763354050000006,5.86760177520162
2020-10-22 22:15:00,3.2763354050000006,4.140395,0.0,0.32108144758682833,3.2763354050000006,3.8193137169029177
2020-10-22 22:30:00,3.2763354050000006,4.140395,0.0,0.3168953319305555,3.2763354050000006,3.8234998325591905
2020-10-22 22:45:00,3.2763354050000006,4.1561174,0.0,0.33248373210326754,3.2763354050000006,3.823633707166752
2020-10-22 23:00:00,4.596446455999998,3.0292706,0.0,0.21658210726911598,4.596446455999998,2.8126885416871827
2020-10-22 23:15:00,4.596446455999998,5.0103383,0.0,0.20080303241658448,4.596446455999998,4.809535274010417
2020-10-22 23:30:00,4.596446455999998,5.0103383,0.0,0.24105435148559884,4.596446455999998,4.769283954941403
2020-10-22 23:45:00,4.596446455999998,5.0103383,0.0,0.2545855937872855,4.596446455999998,4.755752712639716
2020-10-23 00:00:00,2.2009927300000003,3.9481363,0.0,-0.02689807080376838,2.2009927300000003,3.975034400454647
2020-10-23 00:15:00,2.2009927300000003,2.4860528,0.0,-0.0036020660349588285,2.2009927300000003,2.4896548175760964
2020-10-23 00:30:00,2.2009927300000003,2.4860528,0.0,-0.0006253519800739626,2.2009927300000003,2.4866781035212115
2020-10-23 00:45:00,2.2009927300000003,2.4860528,0.0,0.0018025971637837257,2.2009927300000003,2.484250154377354
2020-10-23 01:00:00,12.706386847,13.485639,0.0,-0.1679534449799639,12.706386847,13.653592063449203
2020-10-23 01:15:00,12.706386847,12.859188,0.0,-0.14900658701468494,12.706386847,13.00819466684867
2020-10-23 01:30:00,12.706386847,12.859188,0.0,-0.15054626119107006,12.706386847,13.009734341025055
2020-10-23 01:45:00,12.706386847,12.756329,0.0,-0.15345021432720884,12.706386847,12.909778797090881
2020-10-23 02:00:00,9.010245702999999,11.309203,0.0,0.6603495372501315,9.010245702999999,10.648853610638053
2020-10-23 02:15:00,1.0102457029999998,0.12998964,0.0,0.4118243949778603,1.0102457029999998,-0.2818347560532616
2020-10-23 02:30:00,1.0102457029999998,1.0766077,0.0,0.27769447619726584,1.0102457029999998,0.7989132279653318
2020-10-23 02:45:00,1.0102457029999998,1.0766077,0.0,0.2431674458913048,1.0102457029999998,0.8334402582712929
2020-10-23 03:00:00,0.8223821060000003,1.1436372,0.0,0.8504852830990383,0.8223821060000003,0.2931518972293309
2020-10-23 03:15:00,0.8223821060000003,0.9162684,0.0,0.37262634314232634,0.8223821060000003,0.5436420651561661
2020-10-23 03:30:00,0.8223821060000003,0.9162684,0.0,0.36109984826698216,0.8223821060000003,0.5551685600315103
2020-10-23 03:45:00,0.8223821060000003,0.9162684,0.0,0.3548158415297341,0.8223821060000003,0.5614525667687583
2020-10-23 04:00:00,1.060713394,1.0035402,0.0,1.3327668931749184,1.060713394,-0.3292267349031288
2020-10-23 04:15:00,1.060713394,1.1351088,0.0,1.171215926879185,1.060713394,-0.03610709833456838
2020-10-23 04:30:00,1.060713394,1.1351088,0.0,1.1903109520918784,1.060713394,-0.05520212354726173
2020-10-23 04:45:00,1.060713394,1.1636186,0.0,1.0066807376946931,1.060713394,0.15693782691101976
2020-10-23 05:00:00,1.355395356,1.0657609,0.0,2.5354926455762152,1.355395356,-1.4697317946698432
2020-10-23 05:15:00,1.355395356,1.2785743,0.0,2.548883445724887,1.355395356,-1.270309098228854
2020-10-23 05:30:00,1.355395356,1.2785743,0.0,2.5875694610331017,1.355395356,-1.308995113537069
2020-10-23 05:45:00,1.355395356,1.2631207,0.0,2.6740408545679415,1.355395356,-1.4109202033228243
2020-10-23 06:00:00,2.8712008019999993,2.0967505,0.953213020036576,8.258779640450767,1.9179877819634232,-6.162029142632774
2020-10-23 06:15:00,2.8712008019999993,3.3394876,4.9064066274755165,8.78984358834152,-2.035205825475517,-5.450356035698698
2020-10-23 06:30:00,2.8712008019999993,3.3394876,16.791159581485548,12.407382497403102,-13.91995877948555,-9.06789494476028
2020-10-23 06:45:00,2.8712008019999993,3.3527045,42.11786035032152,23.766326610840206,-39.246659548321524,-20.41362208584631
2020-10-23 07:00:00,4.891266453,5.5798845,94.03729823281326,53.09260808782402,-89.14603177981326,-47.51272355871025
2020-10-23 07:15:00,4.891266453,6.1795406,102.2345934437592,102.8258700311005,-97.3433269907592,-96.64632939694522
2020-10-23 07:30:00,4.891266453,6.1326213,115.63788672551823,117.32679702412211,-110.74662027251823,-111.19417573582255
2020-10-23 07:45:00,4.891266453,6.1825075,129.25857720912086,139.65525468370865,-124.36731075612086,-133.47274716875503
2020-10-23 08:00:00,8.31986906,8.876495,145.1361279707403,157.3671447164953,-136.8162589107403,-148.49064935516716
2020-10-23 08:15:00,8.31986906,9.603176,157.6010552260248,172.88750315040699,-149.2811861660248,-163.28432703346363
2020-10-23 08:30:00,8.31986906,9.449685,187.1571772644091,189.08530610267056,-178.8373082044091,-179.63562100592983
2020-10-23 08:45:00,8.31986906,9.449685,264.84864911459965,219.00085801613835,-256.5287800545997,-209.55117291939763
2020-10-23 09:00:00,7.1328846200000005,7.7212873,229.0324538483965,261.83009051517445,-221.8995692283965,-254.10880326465565
2020-10-23 09:15:00,7.1328846200000005,7.991738,286.22969047521667,250.7916615463306,-279.09680585521664,-242.7999237037708
2020-10-23 09:30:00,7.1328846200000005,7.9457245,255.76515343388792,292.5991285317009,-248.63226881388792,-284.6534040443962
2020-10-23 09:45:00,18.13288462,17.26771,210.74077106063027,290.20510602818297,-192.60788644063027,-272.9373962961273
2020-10-23 10:00:00,20.206787806,18.805914,213.62479873269672,244.31552181036147,-193.41801092669672,-225.50960788519058
2020-10-23 10:15:00,20.206787806,19.63916,220.7651483631832,251.907339170995,-200.5583605571832,-232.268179014745
2020-10-23 10:30:00,17.206787806,17.789474,277.42856688272354,261.4908675508587,-260.2217790767235,-243.701393063554
2020-10-23 10:45:00,9.206787806000003,8.614839,247.46836905001118,297.13973512927424,-238.26158124401118,-288.52489652911555
2020-10-23 11:00:00,7.0567718630000025,8.099675,228.78841844252776,265.4229514394999,-221.73164657952776,-257.3232762609721
2020-10-23 11:15:00,7.0567718630000025,6.2840276,225.37063325263946,256.8210381419277,-218.31386138963947,-250.53701056548118
2020-10-23 11:30:00,7.0567718630000025,6.3343353,239.92992060305278,258.74422489786735,-232.87314874005278,-252.40988957071892
2020-10-23 11:45:00,7.0567718630000025,6.3384886,229.37019917607066,267.2071714955249,-222.31342731307066,-260.8686829167285
2020-10-23 12:00:00,4.789094697000001,6.560523,211.00721179064612,241.33325480637703,-206.21811709364613,-234.77273177323494
2020-10-23 12:15:00,4.789094697000001,5.0760374,167.7998333840635,231.12615458454837,-163.0107386870635,-226.050117177627
2020-10-23 12:30:00,4.789094697000001,5.0760374,191.38198912575166,203.88985955162426,-186.59289442875166,-198.81382214470287
2020-10-23 12:45:00,4.789094697000001,5.0760374,162.47655785730055,216.603817657861,-157.68746316030055,-211.5277802509396
2020-10-23 13:00:00,3.0862005600000004,4.6379905,159.3255467101217,179.44215993451186,-156.2393461501217,-174.80416945981094
2020-10-23 13:15:00,3.0862005600000004,3.2281373,168.52599966923853,172.26437142502334,-165.43979910923852,-169.03623417030838
2020-10-23 13:30:00,3.0862005600000004,3.2281373,185.66739485507594,175.25533972419288,-182.58119429507593,-172.0272024694779
2020-10-23 13:45:00,3.0862005600000004,3.2281373,185.97621606790125,180.83306608941285,-182.89001550790124,-177.6049288346979
2020-10-23 14:00:00,3.6584151730000007,3.2443755,145.77033916565748,165.38789947353638,-142.11192399265747,-162.14352400623596
2020-10-23 14:15:00,14.658415173000002,14.544923,96.70265515673928,140.25714413335191,-82.04423998373929,-125.7122213046776
2020-10-23 14:30:00,14.658415173000002,15.767336,88.8047100570107,100.71545852543017,-74.1462948840107,-84.94812263370653
2020-10-23 14:45:00,14.658415173000002,15.8043585,50.28872306260355,88.00316438090613,-35.63030788960355,-72.19880589854529
2020-10-23 15:00:00,25.413760724,24.507494,29.36873619236616,52.21433921135982,-3.954975468366161,-27.7068452385815
2020-10-23 15:15:00,25.413760724,26.081083,20.123703161943233,31.07988148799456,5.2900575620567665,-4.998798190265067
2020-10-23 15:30:00,15.413760724,19.707184,16.30262856758202,19.82315403285498,-0.8888678435820196,-0.11597019496435479
2020-10-23 15:45:00,14.413760724,15.455752,6.338846305683431,14.984735791703011,8.074914418316569,0.47101658103868793
2020-10-23 16:00:00,16.802487185000004,15.461599,1.0321199890574848,4.847900783201938,15.77036719594252,10.613698566773648
2020-10-23 16:15:00,17.802487185000004,21.290592,0.0,3.2338446449925566,17.802487185000004,18.056747548610957
2020-10-23 16:30:00,27.802487185000004,27.2612,0.0,3.4196045638006325,27.802487185000004,23.841595387371243
2020-10-23 16:45:00,15.802487185000002,20.389177,0.0,1.801430646299103,15.802487185000002,18.587746676088592
2020-10-23 17:00:00,38.015093228,36.03675,0.0,1.564934157428655,38.015093228,34.47181663602838
2020-10-23 17:15:00,49.015093228,49.81891,0.0,1.4090006058852884,49.015093228,48.40990808552096
2020-10-23 17:30:00,42.015093228,38.498238,0.0,0.20911133376066793,42.015093228,38.289126276102614
2020-10-23 17:45:00,47.015093228,42.561367,0.0,0.34668477768858785,47.015093228,42.21468225722352
2020-10-23 18:00:00,26.435636554,20.402472,0.0,-0.5882915186374361,26.435636554,20.990763060995835
2020-10-23 18:15:00,24.435636554,23.035036,0.0,-0.45361736638318206,24.435636554,23.488653453419314
2020-10-23 18:30:00,18.435636554,16.374443,0.0,-0.39228418298036083,18.435636554,16.76672723717958
2020-10-23 18:45:00,13.435636553999997,13.57078,0.0,-0.3606510930062107,13.435636553999997,13.93143089342125
2020-10-23 19:00:00,21.425808734999997,24.664675,0.0,-0.2932925820588369,21.425808734999997,24.95796734096997
2020-10-23 19:15:00,23.425808734999997,22.658815,0.0,-0.2736563367369619,23.425808734999997,22.932471720648095
2020-10-23 19:30:00,23.425808734999997,24.349377,0.0,-0.2882619786235462,23.425808734999997,24.637638657090342
2020-10-23 19:45:00,23.425808734999997,24.349377,0.0,-0.27243814297794267,23.425808734999997,24.62181482144474
2020-10-23 20:00:00,20.15978671,23.728626,0.0,0.007352870439006121,20.15978671,23.721273380781696
2020-10-23 20:15:00,42.15978671,36.688877,0.0,-0.09813696703178565,42.15978671,36.787014072744675
2020-10-23 20:30:00,62.15978671,54.64961,0.0,-0.21741602201787658,62.15978671,54.867024634078426
2020-10-23 20:45:00,62.15978671,65.14469,0.0,-0.19895313651975954,62.15978671,65.34364460380492
2020-10-23 21:00:00,37.85455855,44.473145,0.0,-0.03561165003230571,37.85455855,44.50875618128231
2020-10-23 21:15:00,12.85455855,17.611532,0.0,0.22968002027648715,12.85455855,17.381852191027225
2020-10-23 21:30:00,5.854558549999999,5.1727533,0.0,0.32640842857924823,5.854558549999999,4.846344905466162
2020-10-23 21:45:00,5.854558549999999,5.9542894,0.0,0.33239080054227343,5.854558549999999,5.6218986357980585
2020-10-23 22:00:00,6.649015350000001,5.3059206,0.0,0.2619632976295784,6.649015350000001,5.043957303261535
2020-10-23 22:15:00,28.64901535,26.92788,0.0,-0.00040775485287192215,28.64901535,26.928287088348966
2020-10-23 22:30:00,28.64901535,32.167423,0.0,0.0005303231477505888,28.64901535,32.166892925143266
2020-10-23 22:45:00,50.64901535,50.288013,0.0,-0.15746752964785238,50.64901535,50.445480987899806
2020-10-23 23:00:00,43.156066628000005,45.968483,0.0,-0.1966696318081428,43.156066628000005,46.16515260299955
2020-10-23 23:15:00,31.156066628,32.56849,0.0,-0.010933380489816291,31.156066628,32.57942245519685
2020-10-23 23:30:00,23.156066628,26.258038,0.0,0.12062145233034982,23.156066628,26.13741611480832
2020-10-23 23:45:00,18.156066628,18.034925,0.0,0.24124471988730434,18.156066628,17.793680740928124
2020-10-24 00:00:00,11.961532648,14.854989,0.0,-0.13218323883787797,11.961532648,14.987172290656726
2020-10-24 00:15:00,2.9615326480000004,2.7733755,0.0,-0.39121949583127347,2.9615326480000004,3.164595007000707
2020-10-24 00:30:00,2.9615326480000004,3.4054325,0.0,-0.3398657456280417,2.9615326480000004,3.7452982083203024
2020-10-24 00:45:00,2.9615326480000004,3.3881543,0.0,-0.29842682252611674,2.9615326480000004,3.686581090790887
2020-10-24 01:00:00,2.59008558,2.773133,0.0,-0.6248825925135534,2.59008558,3.3980156319880406
2020-10-24 01:15:00,2.59008558,2.7931836,0.0,-0.6475951728337971,2.59008558,3.4407787379735675
2020-10-24 01:30:00,2.59008558,2.6952531,0.0,-0.5843563921716576,2.59008558,3.279609525945461
2020-10-24 01:45:00,2.59008558,2.699568,0.0,-0.5843505213708965,2.59008558,3.28391855458928
2020-10-24 02:00:00,3.446598852000001,2.971918,0.0,0.4767979030151669,3.446598852000001,2.4951202030639346
2020-10-24 02:15:00,3.446598852000001,3.469305,0.0,0.30106883752147595,3.446598852000001,3.1682362009306724
2020-10-24 02:30:00,3.446598852000001,3.4649901,0.0,0.23866058942907642,3.446598852000001,3.226329549578492
2020-10-24 02:45:00,3.446598852000001,3.4050899,0.0,0.06469165309500269,3.446598852000001,3.340398202099089
2020-10-24 03:00:00,4.228648065,3.6839488,0.0,1.0561889296074343,4.228648065,2.627759825656848
2020-10-24 03:15:00,4.228648065,4.4206333,0.0,1.0407079705954514,4.228648065,3.3799253454445877
2020-10-24 03:30:00,4.228648065,4.4206333,0.0,1.0306096735389323,4.228648065,3.3900236425011068
2020-10-24 03:45:00,4.228648065,4.4051795,0.0,1.0281929964110796,4.228648065,3.3769865041687543
2020-10-24 04:00:00,5.182421723,4.238737,0.0,2.8031233728616387,5.182421723,1.4356137334616035
2020-10-24 04:15:00,5.182421723,4.925436,0.0,2.843424128195929,5.182421723,2.082011891701532
2020-10-24 04:30:00,5.182421723,4.9317446,0.0,2.8726590472816866,5.182421723,2.0590855282188016
2020-10-24 04:45:00,5.182421723,4.9317446,0.0,2.91019991709039,5.182421723,2.0215446584100984
2020-10-24 05:00:00,5.888736863000002,4.973766,0.0,4.690190279907841,5.888736863000002,0.28357557015929746
2020-10-24 05:15:00,5.888736863000002,6.256616,0.0,4.669711908681499,5.888736863000002,1.586904206888569
2020-10-24 05:30:00,5.888736863000002,6.256616,0.0,4.658430467094633,5.888736863000002,1.598185648475435
2020-10-24 05:45:00,5.888736863000002,6.256616,0.0,4.649477290035082,5.888736863000002,1.607138825534986
2020-10-24 06:00:00,5.9963777339999975,6.958965,0.0,7.8257771381522465,5.9963777339999975,-0.8668123134757328
2020-10-24 06:15:00,5.9963777339999975,6.481048,0.9068474976855222,7.712797897960832,5.089530236314475,-1.2317497908136152
2020-10-24 06:30:00,16.996377734,17.023384,2.4994910067394343,8.58610711616541,14.496886727260565,8.437276978072871
2020-10-24 06:45:00,27.996377734,28.784348,4.0006633333924215,10.699973354133455,23.99571440060758,18.084374180046233
2020-10-24 07:00:00,42.314357363,41.75505,6.782508551530489,15.928470355265672,35.53184881146951,25.826580303914014
2020-10-24 07:15:00,32.314357363,35.713913,17.394783854128498,18.904941759097852,14.919573508871501,16.808971204769335
2020-10-24 07:30:00,38.314357363,36.92821,34.99745775842681,37.963422697600066,3.3168996045731873,-1.035211485441863
2020-10-24 07:45:00,53.314357363,53.18691,62.47227933351287,63.695055440626696,-9.157921970512874,-10.508146718702868
2020-10-24 08:00:00,45.587589201,52.335903,184.23280204279394,90.42987223061537,-138.64521284179392,-38.093969062890764
2020-10-24 08:15:00,30.587589201,34.993034,239.4708334528677,184.75348539867866,-208.88324425186772,-149.7604510358857
2020-10-24 08:30:00,20.587589201,23.423294,214.848296120966,232.3122800146129,-194.26070691996603,-208.88898594723008
2020-10-24 08:45:00,18.587589201,21.151613,187.73374537798645,233.5965608559457,-169.14615617698644,-212.44494762047208
2020-10-24 09:00:00,16.190420801999995,9.038998,146.3553166642755,211.10633383966956,-130.1648958622755,-202.06733618952308
2020-10-24 09:15:00,16.190420801999995,15.1108465,163.888140443674,174.977248525314,-147.69771964167398,-159.86640200584378
2020-10-24 09:30:00,16.190420801999995,15.176244,222.95308326061112,191.74815872010277,-206.76266245861112,-176.5719149380593
2020-10-24 09:45:00,16.190420801999995,15.226552,141.26694997682029,240.96008752245885,-125.0765291748203,-225.73353551287633
2020-10-24 10:00:00,10.776311655000004,15.487811,112.61746726177473,161.89037158151783,-101.84115560677473,-146.4025604929558
2020-10-24 10:15:00,10.776311655000004,11.071584,72.01316965492482,140.92244442712405,-61.23685799992482,-129.85086067926028
2020-10-24 10:30:00,10.776311655000004,11.071584,49.49531030066488,109.27177386276175,-38.71899864566488,-98.20019011489798
2020-10-24 10:45:00,10.776311655000004,10.863411,52.26886358079321,91.93668517173236,-41.49255192579321,-81.07327422202533
2020-10-24 11:00:00,7.467056219999999,9.619471,44.92068309490429,87.04895558728342,-37.453626874904295,-77.42948499096994
2020-10-24 11:15:00,7.467056219999999,7.7212567,80.47858643884311,83.29831508546484,-73.0115302188431,-75.57705835252416
2020-10-24 11:30:00,7.467056219999999,7.7212567,61.13204601712974,109.77404842897968,-53.66498979712974,-102.05279169603901
2020-10-24 11:45:00,7.467056219999999,7.7212567,34.71067465470363,93.79973828114723,-27.24361843470363,-86.07848154820655
2020-10-24 12:00:00,8.035985493000002,7.2548237,39.04663394616107,65.7228661273896,-31.01064845316107,-58.46804244269721
2020-10-24 12:15:00,8.035985493000002,8.084475,60.64913179123152,65.80796092924169,-52.61314629823151,-57.723486365643055
2020-10-24 12:30:00,8.035985493000002,8.084475,200.3388849025064,80.23653993832221,-192.3028994095064,-72.15206537472358
2020-10-24 12:45:00,8.035985493000002,7.881235,464.98628185656605,181.99001199156453,-456.95029636356605,-174.10877686888387
2020-10-24 13:00:00,9.503363809,8.026007,400.307722775688,300.14687271301483,-390.80435896668797,-292.12086601440643
2020-10-24 13:15:00,9.503363809,8.952692,366.55196620010105,271.1438847561546,-357.04860239110104,-262.19119272429424
2020-10-24 13:30:00,9.503363809,8.635515,319.3002875299963,260.99088201402105,-309.7969237209963,-252.35536680100836
2020-10-24 13:45:00,9.503363809,8.595636,242.38229045384588,248.8721286166958,-232.87892664484588,-240.27649224889794
2020-10-24 14:00:00,5.136798440999999,8.600115,283.87796030019103,187.92363689413622,-278.74116185919104,-179.32352207174853
2020-10-24 14:15:00,5.136798440999999,5.11747,170.06235884216994,205.77841967299457,-164.92556040116995,-200.66094988539692
2020-10-24 14:30:00,5.136798440999999,5.377933,229.3901944012771,145.32611006744645,-224.25339596027712,-139.94817704208634
2020-10-24 14:45:00,16.136798441,16.830078,171.41647024042976,169.66809122105275,-155.27967179942976,-152.83801309605275
2020-10-24 15:00:00,14.026315578,15.987984,67.8310196926904,115.50652631280673,-53.8047041146904,-99.51854260919345
2020-10-24 15:15:00,14.026315578,14.627827,50.695569351621906,57.47017453451659,-36.669253773621904,-42.84234784384276
2020-10-24 15:30:00,3.0263155779999997,4.9869866,108.28011662203357,47.618630424706176,-105.25380104403358,-42.6316437875907
2020-10-24 15:45:00,3.0263155779999997,3.5157442,88.78894592322142,69.12107514399946,-85.76263034522142,-65.60533093470991
2020-10-24 16:00:00,3.152138304,4.0734158,36.26050087420135,43.87690322940864,-33.10836257020135,-39.803487473183054
2020-10-24 16:15:00,36.152138304,38.53688,7.8531326789745535,21.31574893396557,28.299005625025444,17.221131559198493
2020-10-24 16:30:00,47.152138304,45.693806,1.0070229536102024,10.172776501314774,46.145115350389794,35.521029193265306
2020-10-24 16:45:00,58.152138304,58.38612,0.0,6.058546602447762,58.152138304,52.327573240081534
2020-10-24 17:00:00,74.184241362,76.32795,0.0,4.053686523037119,74.184241362,72.27426300088867
2020-10-24 17:15:00,34.78424136200001,44.46303,0.0,0.23831391988521922,34.78424136200001,44.224717848913606
2020-10-24 17:30:00,23.984241362,26.205149,0.0,-0.37302392694898423,23.984241362,26.5781726238484
2020-10-24 17:45:00,3.9842413620000006,8.0435095,0.0,-0.6553164058741504,3.9842413620000006,8.698825889211554
2020-10-24 18:00:00,9.431653064000004,10.353569,0.0,-0.7224002702887901,9.431653064000004,11.07596930105051
2020-10-24 18:15:00,9.431653064000004,11.017424,0.0,-0.7713343575925765,9.431653064000004,11.78875798735332
2020-10-24 18:30:00,14.431653064000004,13.871913,0.0,-0.7633335450387683,14.431653064000004,14.635246501276562
2020-10-24 18:45:00,14.431653064000004,14.911437,0.0,-0.7698041050263199,14.431653064000004,15.681241139633254
2020-10-24 19:00:00,13.449456470000001,12.1370945,0.0,-0.6554448241247225,13.449456470000001,12.792539321805387
2020-10-24 19:15:00,24.44945647,22.826088,0.0,-0.6476645917374518,24.44945647,23.47375254339761
2020-10-24 19:30:00,44.44945647,41.72833,0.0,-0.5950424700861979,44.44945647,42.32337117492018
2020-10-24 19:45:00,46.44945647,40.82627,0.0,-0.5350294806763937,46.44945647,41.3613005378053
2020-10-24 20:00:00,37.41949062,38.61379,0.0,-0.4208303372421752,37.41949062,39.0346189419785
2020-10-24 20:15:00,26.419490619999998,27.776865,0.0,-0.4171839919849908,26.419490619999998,28.194048997478156
2020-10-24 20:30:00,15.419490619999996,14.9052515,0.0,-0.39009447918003126,15.419490619999996,15.295345982170755
2020-10-24 20:45:00,12.419490619999996,14.157696,0.0,-0.3533511248759328,12.419490619999996,14.511046895139605
2020-10-24 21:00:00,17.226836835,13.785448,0.0,-0.11672632928156645,17.226836835,13.902174403622388
2020-10-24 21:15:00,10.226836835000002,10.645327,0.0,-0.03184311021779884,10.226836835000002,10.677169724597682
2020-10-24 21:30:00,10.226836835000002,9.36063,0.0,-0.07866079939561132,10.226836835000002,9.439290834796003
2020-10-24 21:45:00,10.226836835000002,9.36063,0.0,-0.06607008841191686,10.226836835000002,9.426700123812308
2020-10-24 22:00:00,21.889554996,18.432035,0.0,-0.0688550416931647,21.889554996,18.500890487860158
2020-10-24 22:15:00,32.889554996,25.785946,0.0,-0.1549935195350588,32.889554996,25.940939411869042
2020-10-24 22:30:00,32.889554996,30.080685,0.0,-0.13697558807646637,32.889554996,30.2176602499417
2020-10-24 22:45:00,43.889554996,34.885944,0.0,-0.2189007682345948,43.889554996,35.104845134689675
2020-10-24 23:00:00,35.010184665,31.55959,0.0,-0.20542727713771491,35.010184665,31.765016663124044
2020-10-24 23:15:00,31.010184665,26.852587,0.0,-0.08362415185223171,31.010184665,26.93621089806805
2020-10-24 23:30:00,32.010184665,28.942795,0.0,-0.07470619580730997,32.010184665,29.017500995611996
2020-10-24 23:45:00,19.810184665000012,18.826387,0.0,0.08843092463688229,19.810184665000012,18.737956480758626
2020-10-25 00:00:00,11.675555463999999,7.2452784,0.0,-0.44364013376960465,11.675555463999999,7.688918492229077
2020-10-25 00:15:00,11.675555463999999,10.268326,0.0,-0.338481736810322,11.675555463999999,10.606807542474385
2020-10-25 00:30:00,11.675555463999999,10.268326,0.0,-0.31796774466407307,11.675555463999999,10.586293550328136
2020-10-25 00:45:00,11.675555463999999,10.31291,0.0,-0.26360060003857655,11.675555463999999,10.576510679994632
2020-10-25 01:00:00,3.533479375999999,9.160164,0.0,-0.5809820471092425,3.533479375999999,9.741145926503775
2020-10-25 01:15:00,3.533479375999999,3.377586,0.0,-0.5483266631262761,3.533479375999999,3.9259125510352115
2020-10-25 01:30:00,3.533479375999999,3.377586,0.0,-0.550408335830615,3.533479375999999,3.9279942237395504
2020-10-25 01:45:00,3.533479375999999,3.377586,0.0,-0.5509164770971317,3.533479375999999,3.928502365006067
2020-10-25 02:00:00,3.881692911000002,3.6719248,0.0,-0.0994060500696935,3.881692911000002,3.7713308795527256
2020-10-25 02:15:00,14.881692911000002,14.808602,0.0,0.01740706084987209,14.881692911000002,14.791195272218976
2020-10-25 02:30:00,10.881692911000002,10.535363,0.0,0.07766837960316486,10.881692911000002,10.457694817723496
2020-10-25 02:45:00,3.881692911000002,2.919843,0.0,-0.2402155882842535,3.881692911000002,3.1600585467345708
2020-10-25 03:00:00,3.555154335,4.0787015,0.0,1.1629206315862683,3.555154335,2.9157808645379992
2020-10-25 03:15:00,3.555154335,3.7328732,0.0,1.8967728669325163,3.555154335,1.836100334437723
2020-10-25 03:30:00,3.555154335,3.7831807,0.0,1.5841300147990234,3.555154335,2.199050698854541
2020-10-25 03:45:00,3.555154335,3.7831807,0.0,1.094686006656393,3.555154335,2.6884947069971714
2020-10-25 04:00:00,3.8990362980000004,4.1554966,0.0,2.5335464339716385,3.8990362980000004,1.6219501633184006
2020-10-25 04:15:00,3.8990362980000004,4.3837266,0.0,2.5369269278880777,3.8990362980000004,1.8467996689441977
2020-10-25 04:30:00,3.8990362980000004,4.3837266,0.0,2.5502236245163363,3.8990362980000004,1.833502972315939
2020-10-25 04:45:00,3.8990362980000004,4.3837266,0.0,2.580081715359495,3.8990362980000004,1.8036448814727803
2020-10-25 05:00:00,5.581409141,4.3837266,0.0,3.8698630117528454,5.581409141,0.51386358507943
2020-10-25 05:15:00,5.581409141,6.196493,0.0,3.8929373548057113,5.581409141,2.3035557939979996
2020-10-25 05:30:00,5.581409141,6.196493,0.0,3.9079475745717094,5.581409141,2.2885455742320016
2020-10-25 05:45:00,5.581409141,6.196493,0.0,3.9222704925872565,5.581409141,2.2742226562164545
2020-10-25 06:00:00,7.655880535000002,6.933113,0.0,6.25032089243637,7.655880535000002,0.6827922057081617
2020-10-25 06:15:00,7.655880535000002,8.342028,0.9192083084134778,6.291595352673192,6.736672226586524,2.0504323115113783
2020-10-25 06:30:00,7.655880535000002,8.295766,5.632064283643385,7.061943339450861,2.0238162513566174,1.233822537319159
2020-10-25 06:45:00,7.655880535000002,8.295766,5.977545677311663,10.076804360859663,1.6783348576883395,-1.7810384840896436
2020-10-25 07:00:00,14.333613411000002,11.617076,6.7122866930580365,14.2805056779231,7.621326717941965,-2.66342975781812
2020-10-25 07:15:00,14.333613411000002,14.07369,10.073758680278575,12.87825620941843,4.259854730721427,1.1954342050102813
2020-10-25 07:30:00,25.333613411,21.44245,18.290309609223584,19.1410769360788,7.043303801776418,2.301372633623348
2020-10-25 07:45:00,25.333613411,23.442095,44.610968201155984,30.101761763848625,-19.277354790155982,-6.65966696099218
2020-10-25 08:00:00,25.339521056999992,25.194853,53.33728007216146,49.896115615440706,-27.99775901516147,-24.701262786461214
2020-10-25 08:15:00,16.139521057000003,14.406188,55.384510276712696,55.56462716391482,-39.24498921971269,-41.15843915274539
2020-10-25 08:30:00,14.339521056999994,14.679997,38.571000673380425,65.6674847806692,-24.231479616380433,-50.98748733651637
2020-10-25 08:45:00,14.339521056999994,14.002851,45.69136747984342,54.805212467732574,-31.35184642284343,-40.802361935200835
2020-10-25 09:00:00,16.796138963999997,14.719067,40.076036992374156,55.5919311183503,-23.27989802837416,-40.872864498477256
2020-10-25 09:15:00,16.796138963999997,17.251513,18.617582505359113,48.23095928691744,-1.8214435413591161,-30.97944675945162
2020-10-25 09:30:00,16.796138963999997,17.446623,19.38001880932832,32.37429129799336,-2.5838798453283225,-14.927668449482617
2020-10-25 09:45:00,16.796138963999997,17.446623,17.432578232468007,35.028301804890965,-0.6364392684680098,-17.581678956380223
2020-10-25 10:00:00,14.582696317,15.721923,27.644455170769866,30.101973845963713,-13.061758853769867,-14.380050971513029
2020-10-25 10:15:00,14.582696317,14.050522,38.773293016108276,37.73681075857011,-24.190596699108276,-23.68628890798417
2020-10-25 10:30:00,14.582696317,14.063546,38.237717292639594,48.16181548453311,-23.655020975639594,-34.09826930380801
2020-10-25 10:45:00,14.582696317,14.063546,45.611909013851395,49.803938451495064,-31.029212696851395,-35.740392270769966
2020-10-25 11:00:00,11.769435592,12.9638405,42.81818305794531,50.9143623219357,-31.04874746594531,-37.95052183731656
2020-10-25 11:15:00,11.769435592,10.630425,44.3424516646825,49.33730771474368,-32.5730160726825,-38.706882261557645
2020-10-25 11:30:00,11.769435592,10.625908,50.747971906104986,51.657199934693146,-38.978536314104986,-41.03129203674393
2020-10-25 11:45:00,11.769435592,10.625908,45.27699616352229,56.367397895137906,-33.50756057152229,-45.74148999718869
2020-10-25 12:00:00,12.967685493,10.853605,59.10429517428185,48.800674885385405,-46.136609681281854,-37.94706961499966
2020-10-25 12:15:00,12.967685493,12.114961,52.203410184508456,57.911125651544864,-39.23572469150846,-45.79616498107367
2020-10-25 12:30:00,12.967685493,12.114961,58.27398458384199,51.71294017491813,-45.30629909084199,-39.59797950444694
2020-10-25 12:45:00,12.967685493,12.114961,44.6436174083284,55.33377469467166,-31.675931915328405,-43.21881402420047
2020-10-25 13:00:00,15.004282846000004,12.2234745,57.32877300679396,43.74639432769604,-42.32449016079396,-31.52291982513256
2020-10-25 13:15:00,37.004282846,25.997723,43.83142273591432,53.3649024405303,-6.827139889914321,-27.36717981479788
2020-10-25 13:30:00,48.004282846,35.63835,40.78294651319532,45.08562023426461,7.2213363328046825,-9.447268793834922
2020-10-25 13:45:00,48.004282846,37.372707,29.77799678720594,42.285686682079444,18.226286058794063,-4.912979315136084
2020-10-25 14:00:00,56.68691997,44.162216,31.08217701596975,30.750871424521677,25.604742954030247,13.411344762001761
2020-10-25 14:15:00,35.68691997,32.70771,37.25443403139357,29.98044790360919,-1.5675140613935739,2.727262362504092
2020-10-25 14:30:00,36.28691997000002,32.755,40.45752415417384,31.57113081424883,-4.170604184173818,1.1838702538664059
2020-10-25 14:45:00,26.686919969999998,25.514065,36.94852293503121,29.07016566606941,-10.261602965031209,-3.556100877251051
2020-10-25 15:00:00,33.584352468,29.094347,34.9705239735697,16.359407277028524,-1.386171505569699,12.734939723093547
2020-10-25 15:15:00,43.584352468,32.70733,39.55866635642463,15.672786244506646,4.025686111575368,17.034542551880072
2020-10-25 15:30:00,25.584352468,24.761827,21.261614366795104,14.358132894031176,4.322738101204894,10.403694574840895
2020-10-25 15:45:00,25.584352468,21.66951,16.909277593901255,10.077143172378515,8.675074874098744,11.592366715316798
2020-10-25 16:00:00,15.870251451000005,12.324472,7.317541684354142,3.7886295505591017,8.552709766645863,8.535842876809063
2020-10-25 16:15:00,13.870251451000005,13.6793165,2.9147284229010775,1.6400751656662722,10.955523028098927,12.039241355024647
2020-10-25 16:30:00,24.870251451000005,20.820498,0.45098251294118424,1.1164039921001807,24.41926893805882,19.7040935207172
2020-10-25 16:45:00,35.870251451,29.816668,0.0,0.6556187654452338,35.870251451,29.161048791317462
2020-10-25 17:00:00,34.93917414,35.213043,0.0,-0.11377573336553504,34.93917414,35.32681894625616
2020-10-25 17:15:00,25.93917414,30.059647,0.0,-0.25845240126442015,25.93917414,30.318099007709733
2020-10-25 17:30:00,28.93917414,31.607412,0.0,-0.36019695401684537,28.93917414,31.967609292273682
2020-10-25 17:45:00,45.93917414,46.901993,0.0,-0.32723869640429826,45.93917414,47.22923149425586
2020-10-25 18:00:00,43.51417661800001,39.34401,0.0,-0.5611019512376895,43.51417661800001,39.90511135065175
2020-10-25 18:15:00,43.51417661800001,41.18685,0.0,-0.5970424462195051,43.51417661800001,41.78389394768435
2020-10-25 18:30:00,43.51417661800001,41.632935,0.0,-0.6000250810417597,43.51417661800001,42.23295965135426
2020-10-25 18:45:00,39.51417661800001,39.01147,0.0,-0.5857285627441559,39.51417661800001,39.59719935742189
2020-10-25 19:00:00,31.125093547999995,30.669691,0.0,-0.5415146368625133,31.125093547999995,31.211205722677942
2020-10-25 19:15:00,31.125093547999995,31.894506,0.0,-0.5718664829345129,31.125093547999995,32.466372937402284
2020-10-25 19:30:00,53.125093547999995,52.106586,0.0,-0.6477680117422483,53.125093547999995,52.75435446804108
2020-10-25 19:45:00,53.125093547999995,49.923,0.0,-0.6225092163373215,53.125093547999995,50.54550955203068
2020-10-25 20:00:00,45.996327398,49.048058,0.0,-0.4963332126187111,45.996327398,49.54439076877105
2020-10-25 20:15:00,36.996327398,39.301594,0.0,-0.42726896181645657,36.996327398,39.72886274233404
2020-10-25 20:30:00,17.396327397999976,20.9685,0.0,-0.32149346140567936,17.396327397999976,21.28999359873478
2020-10-25 20:45:00,20.996327398,23.066786,0.0,-0.32944167289614257,20.996327398,23.39622748527407
2020-10-25 21:00:00,31.016567091,39.43733,0.0,-0.32268611091361266,31.016567091,39.76001444953666
2020-10-25 21:15:00,31.016567091,33.788845,0.0,-0.29983525187262494,31.016567091,34.08868031412848
2020-10-25 21:30:00,31.016567091,34.199657,0.0,-0.3368758620182791,31.016567091,34.53653330220383
2020-10-25 21:45:00,19.81656709100001,25.490044,0.0,-0.30542195220338997,19.81656709100001,25.795465592340108
2020-10-25 22:00:00,19.096588585,19.67207,0.0,-0.31196239817707927,19.096588585,19.984031947737627
2020-10-25 22:15:00,30.096588585,36.280857,0.0,-0.3502682157907123,30.096588585,36.631125301972354
2020-10-25 22:30:00,30.096588585,34.045025,0.0,-0.3176285835048659,30.096588585,34.362653455331035
2020-10-25 22:45:00,30.096588585,33.910923,0.0,-0.3471426337650573,30.096588585,34.25806563791545
2020-10-25 23:00:00,18.067717054,22.263224,0.0,-0.3888199904400863,18.067717054,22.652043638511376
2020-10-25 23:15:00,18.067717054,18.983131,0.0,-0.357724633232814,18.067717054,19.34085604192422
2020-10-25 23:30:00,29.067717054,33.900013,0.0,-0.3574120628945404,29.067717054,34.25742503286524
2020-10-25 23:45:00,29.067717054,31.007137,0.0,-0.2791147890577871,29.067717054,31.28625208764177
2020-10-26 00:00:00,21.04454195,22.77997,0.0,-0.10117933543518298,21.04454195,22.881149504502567
2020-10-26 00:15:00,17.04454195,18.61576,0.0,-0.11895669048359381,17.04454195,18.73471749370625
2020-10-26 00:30:00,17.04454195,17.584467,0.0,-0.11455087975912293,17.04454195,17.699017813963223
2020-10-26 00:45:00,10.04454195,11.300303,0.0,-0.11771743980666038,10.04454195,11.418020898974142
2020-10-26 01:00:00,3.1921775879999994,4.6875153,0.0,0.03743665696052012,3.1921775879999994,4.650078601828542
2020-10-26 01:15:00,3.1921775879999994,3.3591979,0.0,-0.14122705076280007,3.1921775879999994,3.5004249057585275
2020-10-26 01:30:00,3.1921775879999994,3.3591979,0.0,-0.13694773375705005,3.1921775879999994,3.4961455887527775
2020-10-26 01:45:00,3.1921775879999994,3.4095058,0.0,-0.17775687242509364,3.1921775879999994,3.5872627165413045
2020-10-26 02:00:00,2.138357545,3.5389402,0.0,0.36941836175878506,2.138357545,3.1695218295101357
2020-10-26 02:15:00,2.138357545,2.5346916,0.0,0.3911584017353825,2.138357545,2.1435331704539484
2020-10-26 02:30:00,2.138357545,2.570398,0.0,0.31957959155029314,2.138357545,2.250818500719604
2020-10-26 02:45:00,2.138357545,2.5324905,0.0,0.23745096146345446,2.138357545,2.295039530403611
2020-10-26 03:00:00,2.547268961,2.5492122,0.0,0.6574642834478163,2.547268961,1.8917479338831162
2020-10-26 03:15:00,2.547268961,2.9587839,0.0,0.6306759574316335,2.547268961,2.328107907543342
2020-10-26 03:30:00,2.547268961,2.9587839,0.0,0.585282555312136,2.547268961,2.3735013096628395
2020-10-26 03:45:00,2.547268961,2.9587839,0.0,0.5476527669552284,2.547268961,2.411131098019747
2020-10-26 04:00:00,3.7462643609999997,3.1671102,0.0,0.7869949801920199,3.7462643609999997,2.3801152245046353
2020-10-26 04:15:00,3.7462643609999997,4.1279283,0.0,0.7697251005008948,3.7462643609999997,3.3582031564876305
2020-10-26 04:30:00,3.7462643609999997,4.1124744,0.0,0.7577343538136175,3.7462643609999997,3.3547400877147027
2020-10-26 04:45:00,3.7462643609999997,4.0416193,0.0,0.751625618148659,3.7462643609999997,3.289993682693626
2020-10-26 05:00:00,2.490554399,4.107875,0.4927156918263832,1.46129059791188,1.9978387071736168,2.646584272388413
2020-10-26 05:15:00,2.490554399,2.9057136,1.99569077071841,1.5552096101069024,0.49486362828159014,1.350503948090119
2020-10-26 05:30:00,2.490554399,2.9057136,0.9518288923036721,1.8709300555995387,1.538725506696328,1.0347835025974828
2020-10-26 05:45:00,13.490554399,16.125683,0.8943201214163365,2.6656132778568353,12.596234277583664,13.460069552953712
2020-10-26 06:00:00,14.468298883,16.753393,0.4735160046433216,6.259827060730017,13.994782878356677,10.493566112487756
2020-10-26 06:15:00,14.468298883,16.130472,0.9829962394954309,6.162512343679159,13.485302643504568,9.96795983954838
2020-10-26 06:30:00,6.468298883,8.194775,4.399761943265315,5.018752859356288,2.0685369397346856,3.1760217683292593
2020-10-26 06:45:00,3.468298883,4.2890167,10.737295774700085,9.44249019039747,-7.268996891700085,-5.153473466764657
2020-10-26 07:00:00,7.251095144999999,8.690794,22.71791290392156,16.784358929020065,-15.466817758921563,-8.093564937931198
2020-10-26 07:15:00,7.251095144999999,8.945508,33.59539146981691,27.481881414713136,-26.34429632481691,-18.536373411478273
2020-10-26 07:30:00,7.251095144999999,8.951577,41.859014359660954,35.78345132992598,-34.60791921466095,-26.83187414334151
2020-10-26 07:45:00,7.251095144999999,9.129326,52.966316546949116,44.19645360567402,-45.715221401949115,-35.067127738974804
2020-10-26 08:00:00,21.340820689000005,24.980768,91.65413859614407,54.81403522194985,-70.31331790714407,-29.8332670182145
2020-10-26 08:15:00,32.340820689000005,39.018528,107.33291456239185,94.11870942474565,-74.99209387339184,-55.100181440126505
2020-10-26 08:30:00,31.340820689000005,35.38564,140.75291398193244,112.38321593520396,-109.41209329293244,-76.99757674453014
2020-10-26 08:45:00,31.340820689000005,35.98274,128.51148073785896,146.91055273115768,-97.17066004885896,-110.92781423628463
2020-10-26 09:00:00,25.074169771,26.948544,134.27643805208407,133.28952092942185,-109.20226828108407,-106.34097738083787
2020-10-26 09:15:00,24.47416977099998,26.792248,160.93188973655464,149.46021645681844,-136.45771996555465,-122.66796868460165
2020-10-26 09:30:00,14.074169771000001,14.017805,135.17943714849602,177.7321296955104,-121.10526737749602,-163.7143245960231
2020-10-26 09:45:00,14.074169771000001,15.022391,117.79303479621987,159.77812190224122,-103.71886502521987,-144.75573058296632
2020-10-26 10:00:00,13.691973913999998,14.128395,105.02385389014132,127.85635606481162,-91.33187997614132,-113.72796098424521
2020-10-26 10:15:00,13.691973913999998,14.405909,116.85925027916285,121.29578221721259,-103.16727636516285,-106.88987363261786
2020-10-26 10:30:00,13.691973913999998,14.411978,120.84221939389175,130.95312353972326,-107.15024547989175,-116.54114577177893
2020-10-26 10:45:00,13.691973913999998,14.361811,136.72760670352363,136.20211263977274,-123.03563278952363,-121.84030195556863
2020-10-26 11:00:00,9.023838210000001,12.941297,157.95047539178847,144.21672090734484,-148.92663718178846,-131.27542432989122
2020-10-26 11:15:00,9.023838210000001,8.854012,290.5274801061654,165.34139834038393,-281.5036418961654,-156.4873868047394
2020-10-26 11:30:00,9.023838210000001,9.086287,322.4687102171079,252.91340467915035,-313.4448720071079,-243.82711813435054
2020-10-26 11:45:00,9.023838210000001,9.299501,247.68191455931753,270.74632318133126,-238.65807634931753,-261.4468217622639
2020-10-26 12:00:00,7.9387481609999995,9.176612,257.04170483516367,222.00285744602212,-249.10295667416366,-212.82624554569253
2020-10-26 12:15:00,18.938748161,22.85013,264.05914302869394,236.85889566807236,-245.12039486769393,-214.0087655868956
2020-10-26 12:30:00,18.938748161,22.762123,243.37818819206186,239.35784689411486,-224.43944003106185,-216.5957237862047
2020-10-26 12:45:00,14.938748161,19.349697,130.19378676958362,223.51443193018423,-115.25503860858362,-204.16473481714712
2020-10-26 13:00:00,17.971692890000003,21.607061,162.54386976644108,144.5461236511733,-144.57217687644106,-122.9390622650649
2020-10-26 13:15:00,6.971692890000003,9.209864,144.81183850174367,156.2945120256059,-137.84014561174365,-147.08464836288618
2020-10-26 13:30:00,6.971692890000003,7.936461,143.90859164503055,145.3984548980289,-136.93689875503054,-137.4619939261966
2020-10-26 13:45:00,6.971692890000003,7.9692264,140.7239179540296,139.8774568387533,-133.75222506402957,-131.90823047843224
2020-10-26 14:00:00,3.611080265999999,7.392386,113.99395898225593,123.61283861605429,-110.38287871625593,-116.22045265642905
2020-10-26 14:15:00,14.611080265999998,19.406591,77.15502840503387,110.62985421636758,-62.54394813903387,-91.2232628009623
2020-10-26 14:30:00,20.611080266,31.479008,94.8037682816409,83.25549157897342,-74.1926880156409,-51.776483858026154
2020-10-26 14:45:00,14.611080265999998,19.989079,92.2982451929957,94.52975882000155,-77.68716492699569,-74.54068029827303
2020-10-26 15:00:00,25.844614258,33.23793,44.77391593743005,80.00301661725014,-18.929301679430047,-46.76508631939858
2020-10-26 15:15:00,23.844614258,33.443768,30.69003376879872,45.78079325840547,-6.84541951079872,-12.337025710798045
2020-10-26 15:30:00,25.844614258,32.83656,21.115481603005037,28.223553153119006,4.729132654994963,4.613006142535291
2020-10-26 15:45:00,25.844614258,33.284973,15.497340739271253,20.72432513475404,10.347273518728747,12.56064800977721
2020-10-26 16:00:00,32.774981308,40.36085,2.8710271238456,9.911362162675958,29.9039541841544,30.44948912516584
2020-10-26 16:15:00,28.774981308,37.509815,0.0,6.120114897118388,28.774981308,31.389700318946065
2020-10-26 16:30:00,16.774981308,23.509165,0.0,3.1528643124585374,16.774981308,20.356300497722128
2020-10-26 16:45:00,16.774981308,20.353891,0.0,1.9230838976343962,16.774981308,18.43080747504627
2020-10-26 17:00:00,17.061504956999997,21.016375,0.0,0.22254257591036797,17.061504956999997,20.793832012102328
2020-10-26 17:15:00,16.061504956999997,21.531977,0.0,-0.10049606305370873,16.061504956999997,21.63247276288281
2020-10-26 17:30:00,6.061504956999999,9.035615,0.0,-0.2861727116169145,6.061504956999999,9.321787678963107
2020-10-26 17:45:00,6.061504956999999,7.688611,0.0,-0.4349358427159685,6.061504956999999,8.123546873294583
2020-10-26 18:00:00,21.502438833999996,24.182209,0.0,-0.6350433140467234,21.502438833999996,24.8172523289393
2020-10-26 18:15:00,21.502438833999996,24.164446,0.0,-0.5642807692625517,21.502438833999996,24.728726646337748
2020-10-26 18:30:00,32.502438833999996,33.60093,0.0,-0.5837645239294896,32.502438833999996,34.184693784183395
2020-10-26 18:45:00,37.502438833999996,39.43976,0.0,-0.5620432688641436,37.502438833999996,40.001801569645394
2020-10-26 19:00:00,30.396519088000005,28.226822,0.0,-0.38514385526130746,30.396519088000005,28.61196575467537
2020-10-26 19:15:00,16.396519088000005,16.799547,0.0,-0.3602650650899274,16.396519088000005,17.159812260524497
2020-10-26 19:30:00,14.396519088000003,15.977331,0.0,-0.37835424039634724,14.396519088000003,16.35568540189537
2020-10-26 19:45:00,14.396519088000003,15.24801,0.0,-0.3473897546229995,14.396519088000003,15.59539943632466
2020-10-26 20:00:00,8.841949927000002,13.9178705,0.0,-0.20699207462860614,8.841949927000002,14.124862596174017
2020-10-26 20:15:00,8.841949927000002,9.654625,0.0,-0.19563045051867178,8.841949927000002,9.850255389483516
2020-10-26 20:30:00,8.841949927000002,9.654625,0.0,-0.115437469937132,8.841949927000002,9.770062408901977
2020-10-26 20:45:00,19.841949927,22.779934,0.0,-0.12312825409545092,19.841949927,22.90306218353881
2020-10-26 21:00:00,16.687487562,24.096603,0.0,-0.08360261488291265,16.687487562,24.1802060084376
2020-10-26 21:15:00,16.687487562,22.822874,0.0,-0.024604786796602274,16.687487562,22.84747885601047
2020-10-26 21:30:00,16.687487562,21.859018,0.0,0.001911951023335301,16.687487562,21.85710637478233
2020-10-26 21:45:00,27.687487562,33.217026,0.0,-0.006021383221390342,27.687487562,33.223047140057325
2020-10-26 22:00:00,28.041876337999998,34.197563,0.0,-0.01699544811474063,28.041876337999998,34.21455861950146
2020-10-26 22:15:00,28.041876337999998,35.328526,0.0,-0.024495315789873406,28.041876337999998,35.35302085900276
2020-10-26 22:30:00,13.041876337999998,17.9863,0.0,0.14412123630868023,13.041876337999998,17.842178278461827
2020-10-26 22:45:00,6.041876337999999,6.2797184,0.0,0.2711832037799152,6.041876337999999,6.008535195267936
2020-10-26 23:00:00,4.577112172999999,5.265755,0.0,0.1900592631772956,4.577112172999999,5.075695913366894
2020-10-26 23:15:00,4.577112172999999,4.787838,0.0,0.2061605559801717,4.577112172999999,4.581677426197563
2020-10-26 23:30:00,4.577112172999999,4.8607483,0.0,0.13301872412286897,4.577112172999999,4.727729566892756
2020-10-26 23:45:00,4.577112172999999,4.8607483,0.0,0.12301749151320152,4.577112172999999,4.737730799502423
2020-10-27 00:00:00,3.962523394000002,3.7997148,0.0,-0.10084446435556871,3.962523394000002,3.9005592680512473
2020-10-27 00:15:00,3.962523394000002,4.1123157,0.0,-0.05642190232920463,3.962523394000002,4.168737557083843
2020-10-27 00:30:00,3.962523394000002,4.1123157,0.0,-0.038910355524264806,3.962523394000002,4.151226010278903
2020-10-27 00:45:00,3.962523394000002,4.1123157,0.0,-0.007371261384274352,3.962523394000002,4.119686916138913
2020-10-27 01:00:00,3.221397639999999,3.2349186,0.0,-0.09000166200093063,3.221397639999999,3.324920256361282
2020-10-27 01:15:00,3.221397639999999,2.981286,0.0,-0.09084943074179563,3.221397639999999,3.0721354796309557
2020-10-27 01:30:00,3.221397639999999,2.981286,0.0,-0.09830124187606615,3.221397639999999,3.079587290765226
2020-10-27 01:45:00,3.221397639999999,2.981286,0.0,-0.10264318690576879,3.221397639999999,3.083929235794929
2020-10-27 02:00:00,2.480271885999999,2.7867172,0.0,0.5362606753388509,2.480271885999999,2.250456501098527
2020-10-27 02:15:00,2.480271885999999,2.0025356,0.0,0.49974036147377177,2.480271885999999,1.5027952201149732
2020-10-27 02:30:00,2.480271885999999,1.9955007,0.0,0.47756585563530585,2.480271885999999,1.517934828149179
2020-10-27 02:45:00,2.480271885999999,1.9770362,0.0,0.45933601655999723,2.480271885999999,1.5177002211566775
2020-10-27 03:00:00,1.7391461320000001,2.022808,0.0,1.0249986801255995,1.7391461320000001,0.9978093948255724
2020-10-27 03:15:00,1.7391461320000001,1.2554761,0.0,1.003392568480252,1.7391461320000001,0.2520835486538422
2020-10-27 03:30:00,1.7391461320000001,1.2660615,0.0,0.9859838037091543,1.7391461320000001,0.2800777407091807
2020-10-27 03:45:00,1.7391461320000001,1.2660615,0.0,0.9707492734187902,1.7391461320000001,0.2953122709995447
2020-10-27 04:00:00,3.0892582740000014,1.5517718,0.0,1.7104133578763925,3.0892582740000014,-0.15864159788951504
2020-10-27 04:15:00,3.0892582740000014,3.047286,0.0,1.7004466877151705,3.0892582740000014,1.3468393459152006
2020-10-27 04:30:00,3.0892582740000014,3.047286,0.0,1.690173114954482,3.0892582740000014,1.357112918675889
2020-10-27 04:45:00,3.0892582740000014,3.047286,0.0,1.6910546121213779,3.0892582740000014,1.3562314215089932
2020-10-27 05:00:00,2.6946401789999994,2.8197973,0.0,4.1700522027806075,2.6946401789999994,-1.350254925330046
2020-10-27 05:15:00,2.6946401789999994,2.2567608,0.0,4.113458736741786,2.6946401789999994,-1.8566979010942033
2020-10-27 05:30:00,2.6946401789999994,2.2567608,0.0,4.1311377757038406,2.6946401789999994,-1.8743769400562575
2020-10-27 05:45:00,2.6946401789999994,2.3291504,0.0,5.032158751135541,2.6946401789999994,-2.7030083128268254
2020-10-27 06:00:00,3.5717418180000005,3.0776238,0.0,11.015213191450218,3.5717418180000005,-7.93758934730349
2020-10-27 06:15:00,3.5717418180000005,3.439769,0.0,11.036609581027998,3.5717418180000005,-7.596840551410688
2020-10-27 06:30:00,3.5717418180000005,3.4870257,1.0046699331455156,9.751642030109515,2.567071884854485,-6.264616292347064
2020-10-27 06:45:00,3.5717418180000005,3.4870257,3.306014126772037,9.992192651776499,0.26572769122796336,-6.505166914014048
2020-10-27 07:00:00,7.537122803000001,6.6351004,10.231586701411095,14.62117948894376,-2.694463898411094,-7.986079124258701
2020-10-27 07:15:00,7.537122803000001,8.164623,11.921955591255141,18.740478090761826,-4.384832788255141,-10.57585483026378
2020-10-27 07:30:00,7.537122803000001,8.135457,17.463452097029336,21.63556496829873,-9.926329294029335,-13.500107929419336
2020-10-27 07:45:00,18.537122803000003,20.146244,15.411762322587144,29.156353223349825,3.1253604804128585,-9.01010917427756
2020-10-27 08:00:00,18.784444541,25.632189,13.976864121407804,24.3731872404353,4.807580419592195,1.2590015565617705
2020-10-27 08:15:00,16.784444541,20.167757,18.71039744110403,27.033357714019402,-1.9259529001040292,-6.8656006797176445
2020-10-27 08:30:00,7.784444541,9.574101,36.84147138313858,32.676622817638304,-29.057026842138583,-23.10252136957922
2020-10-27 08:45:00,7.784444541,9.039995,53.260341189824395,54.077540566380165,-45.475896648824396,-45.03754537289872
2020-10-27 09:00:00,17.424112448,9.06369,62.18826625474011,61.20461240986857,-44.76415380674011,-52.14092222432169
2020-10-27 09:15:00,17.424112448,16.440767,46.69385901365317,68.37014327269374,-29.26974656565317,-51.92937598448573
2020-10-27 09:30:00,17.424112448,16.440767,65.48696118032758,54.19131763354429,-48.06284873232758,-37.75055034533628
2020-10-27 09:45:00,28.424112448,31.018047,104.83630386380224,73.9581166000274,-76.41219141580224,-42.94006926726372
2020-10-27 10:00:00,30.304238694000006,32.348354,71.0938409391905,94.3721228216763,-40.789602245190494,-62.02376848207669
2020-10-27 10:15:00,30.304238694000006,32.622963,16.98222871578666,68.2119700616363,13.322009978213345,-35.58900710997614
2020-10-27 10:30:00,20.304238694000006,19.957275,34.62461527058984,27.505681051783355,-14.320376576589837,-7.548405661158355
2020-10-27 10:45:00,30.304238694000006,34.204826,81.89725150099854,46.864655923239845,-51.59301280699853,-12.659829568259376
2020-10-27 11:00:00,22.674809193999998,32.43573,117.12695115580198,73.09963041260214,-94.45214196180197,-40.66390043213339
2020-10-27 11:15:00,22.674809193999998,28.262886,180.41842604362853,100.25405957250287,-157.74361684962852,-71.99117352513959
2020-10-27 11:30:00,22.674809193999998,28.361893,113.98152470247699,150.72868701580637,-91.306715508477,-122.36679431561106
2020-10-27 11:45:00,15.674809194,18.66805,99.93140377406431,102.23023449699815,-84.2565945800643,-83.56218373100694
2020-10-27 12:00:00,13.638430793999998,12.197665,41.67903572855196,89.87153430766517,-28.04060493455196,-77.6738690931266
2020-10-27 12:15:00,13.638430793999998,13.063418,24.24979705768006,50.113973151710304,-10.611366263680061,-37.050554763343605
2020-10-27 12:30:00,13.638430793999998,13.175548,53.79936017197646,39.277705027759175,-40.16092937797646,-26.102157427966695
2020-10-27 12:45:00,13.638430793999998,13.225856,65.73425608941892,61.272471751482406,-52.09582529541892,-48.04661592415086
2020-10-27 13:00:00,6.325586308000003,12.6220255,97.98935053164999,63.34953084466787,-91.66376422364999,-50.72750535486074
2020-10-27 13:15:00,6.325586308000003,6.4965186,131.0220375482968,88.29167894877435,-124.6964512402968,-81.79516033686639
2020-10-27 13:30:00,6.325586308000003,6.75698,88.3292991961238,109.72721220374837,-82.0037128881238,-102.97023226142659
2020-10-27 13:45:00,6.325586308000003,6.75698,72.28958796959044,79.45577829981531,-65.96400166159044,-72.69879835749353
2020-10-27 14:00:00,5.943984843999999,6.4690704,100.99935247379601,66.7028012504188,-95.05536762979601,-60.23373081584849
2020-10-27 14:15:00,5.943984843999999,6.20861,79.34332713140847,81.24466962992578,-73.39934228740847,-75.03605957209497
2020-10-27 14:30:00,27.943984844,32.72096,121.66437237800912,67.68340126270537,-93.72038753400912,-34.96244255298858
2020-10-27 14:45:00,27.943984844,32.89088,117.22795713173359,84.49837524707686,-89.28397228773359,-51.60749466236007
2020-10-27 15:00:00,29.512496398,33.519478,88.2651213850539,69.65575228473195,-58.752624987053906,-36.136274440493665
2020-10-27 15:15:00,14.312496398000011,17.799547,122.64267228504684,49.72638718698273,-108.33017588704683,-31.926839991548157
2020-10-27 15:30:00,7.512496398,7.371823,117.46280605520612,59.77695855392496,-109.95030965720612,-52.40513571991007
2020-10-27 15:45:00,7.512496398,7.103785,52.49040790688315,55.70791458922475,-44.97791150888315,-48.604129551230365
2020-10-27 16:00:00,12.070219656999997,7.716888,15.423636408700371,17.290963612618803,-3.353416751700374,-9.574075661721587
2020-10-27 16:15:00,12.070219656999997,11.219301,4.797285842885256,6.775246542804826,7.272933814114741,4.444054680950057
2020-10-27 16:30:00,12.070219656999997,11.092847,0.0,4.660953812275396,12.070219656999997,6.431893058146967
2020-10-27 16:45:00,12.070219656999997,11.240958,0.0,2.614304372742163,12.070219656999997,8.62665384106399
2020-10-27 17:00:00,8.512008908999999,11.690855,0.0,0.7970827647602715,8.512008908999999,10.893772261484846
2020-10-27 17:15:00,8.512008908999999,8.362243,0.0,0.4920736659861661,8.512008908999999,7.870169032683267
2020-10-27 17:30:00,8.512008908999999,8.232535,0.0,0.24812282233482363,8.512008908999999,7.984412539908829
2020-10-27 17:45:00,8.512008908999999,8.232535,0.0,0.05285501528114522,8.512008908999999,8.179680346962508
2020-10-27 18:00:00,18.268872852999994,11.700167,0.0,-0.37886752363405585,18.268872852999994,12.079034225904564
2020-10-27 18:15:00,40.26887285299999,38.456894,0.0,-0.2541436634065263,40.26887285299999,38.71103758430496
2020-10-27 18:30:00,62.26887285299999,69.01437,0.0,-0.2168929061190702,62.26887285299999,69.23126668541595
2020-10-27 18:45:00,62.26887285299999,64.3778,0.0,-0.5208248842998443,62.26887285299999,64.89862487209281
2020-10-27 19:00:00,53.85474691900001,56.174847,0.0,-0.5839119652138393,53.85474691900001,56.75875861438376
2020-10-27 19:15:00,40.85474691900001,42.51501,0.0,-0.3509694551132415,40.85474691900001,42.86598028885348
2020-10-27 19:30:00,25.854746919000004,28.696964,0.0,-0.28282349866500234,25.854746919000004,28.97978776258102
2020-10-27 19:45:00,14.854746919000004,12.694427,0.0,-0.24731894296165635,14.854746919000004,12.941745479521716
2020-10-27 20:00:00,33.329162338,33.722908,0.0,-0.17901406128948338,33.329162338,33.90192208130902
2020-10-27 20:15:00,37.329162338,34.20052,0.0,-0.18077457993595047,37.329162338,34.38129414170353
2020-10-27 20:30:00,37.329162338,37.70168,0.0,-0.18612166148232057,37.329162338,37.887800891218646
2020-10-27 20:45:00,37.329162338,37.988537,0.0,-0.21244571173006854,37.329162338,38.200982546446866
2020-10-27 21:00:00,24.32781868,32.08605,0.0,-0.13001347366186977,24.32781868,32.21606159988257
2020-10-27 21:15:00,15.32781868,16.340258,0.0,-0.09452965960089899,15.32781868,16.43478730425422
2020-10-27 21:30:00,8.32781868,8.75474,0.0,-0.07285956614830547,8.32781868,8.827599327500845
2020-10-27 21:45:00,8.32781868,8.044865,0.0,-0.07966673496405285,8.32781868,8.12453138950507
2020-10-27 22:00:00,8.57748669,7.79905,0.0,-0.08905735424280359,8.57748669,7.888107208521368
2020-10-27 22:15:00,8.57748669,8.517611,0.0,-0.07722086003341666,8.57748669,8.594831409960175
2020-10-27 22:30:00,19.57748669,19.170359,0.0,-0.07230272978115437,19.57748669,19.242661387618067
2020-10-27 22:45:00,30.57748669,33.111076,0.0,-0.04469841870839375,30.57748669,33.15577477368886
2020-10-27 23:00:00,34.411041350000005,34.525322,0.0,-0.12252029131422681,34.411041350000005,34.64784225176344
2020-10-27 23:15:00,35.211041350000016,36.764584,0.0,-0.11087781047942713,35.211041350000016,36.875461398125914
2020-10-27 23:30:00,30.411041350000005,30.380968,0.0,-0.014970981622934976,30.411041350000005,30.395939075495004
2020-10-27 23:45:00,25.411041350000005,26.770918,0.0,0.089973497869276,25.411041350000005,26.680944394586778
2020-10-28 00:00:00,8.839070818,8.438712,0.0,-0.07266519901315605,8.839070818,8.51137731906931
2020-10-28 00:15:00,3.839070817999999,3.986036,0.0,-0.12894200376490617,3.839070817999999,4.114978066005507
2020-10-28 00:30:00,3.839070817999999,3.902443,0.0,-0.1058920858536122,3.839070817999999,4.008335017982518
2020-10-28 00:45:00,3.839070817999999,3.9238086,0.0,-0.08908100821470477,3.839070817999999,4.012889582891218
2020-10-28 01:00:00,2.842621261,3.259615,0.0,-0.20105424398414862,2.842621261,3.4606691884421563
2020-10-28 01:15:00,2.842621261,3.1670246,0.0,-0.2108534704488988,2.842621261,3.3778780828756565
2020-10-28 01:30:00,2.842621261,3.1670246,0.0,-0.2116468656478051,2.842621261,3.378671478074563
2020-10-28 01:45:00,2.842621261,3.1670246,0.0,-0.21228729041370642,2.842621261,3.379311902840464
2020-10-28 02:00:00,2.7863780740000004,3.1346748,0.0,0.399924261031276,2.7863780740000004,2.734750526490086
2020-10-28 02:15:00,2.7863780740000004,3.1346748,0.0,0.3949273818659592,2.7863780740000004,2.739747405655403
2020-10-28 02:30:00,2.7863780740000004,3.1346748,0.0,0.38404831163300635,2.7863780740000004,2.750626475888356
2020-10-28 02:45:00,2.7863780740000004,3.1346748,0.0,0.35868422182382786,2.7863780740000004,2.7759905656975343
2020-10-28 03:00:00,3.7944257850000005,3.1513965,0.0,0.9322407958354945,3.7944257850000005,2.219155717149735
2020-10-28 03:15:00,3.7944257850000005,3.7954361,0.0,0.8976072308222321,3.7944257850000005,2.89782891305289
2020-10-28 03:30:00,3.7944257850000005,3.7954361,0.0,0.8607627264827301,3.7944257850000005,2.934673417392392
2020-10-28 03:45:00,3.7944257850000005,3.7729478,0.0,0.8327629465763565,3.7944257850000005,2.9401848416621688
2020-10-28 04:00:00,2.7666501210000005,4.4554496,0.0,2.209166612508871,2.7666501210000005,2.2462829686373693
2020-10-28 04:15:00,2.7666501210000005,3.7553692,0.0,2.7118414713443473,2.7666501210000005,1.04352771505702
2020-10-28 04:30:00,2.7666501210000005,3.678544,0.0,2.207869330033322,2.7666501210000005,1.4706747144613068
2020-10-28 04:45:00,2.7666501210000005,3.4180827,0.0,1.9427699169877117,2.7666501210000005,1.4753127970930988
2020-10-28 05:00:00,3.461942166,3.1118457,0.0,4.5154617758099915,3.461942166,-1.403616044074762
2020-10-28 05:15:00,3.461942166,3.4955227,0.0,4.630800578791743,3.461942166,-1.1352778412886915
2020-10-28 05:30:00,3.461942166,3.4955227,0.0,4.7315222772083025,3.461942166,-1.2359995397052508
2020-10-28 05:45:00,3.461942166,3.4871697,0.0,4.833883231302038,3.461942166,-1.3467134887178096
2020-10-28 06:00:00,8.655648631,4.2469406,0.0,10.652431585965042,8.655648631,-6.405490973172073
2020-10-28 06:15:00,8.655648631,8.202483,0.0,10.171247331867622,8.655648631,-1.9687641546825638
2020-10-28 06:30:00,8.655648631,8.202483,2.9511636825421514,10.092688513652215,5.704484948457848,-1.8902053364671563
2020-10-28 06:45:00,8.655648631,8.202483,12.182299586981026,12.73191394639213,-3.526650955981026,-4.529430769207071
2020-10-28 07:00:00,15.032010836,11.69705,22.680801104395186,24.213052567266036,-7.648790268395187,-12.516002472661544
2020-10-28 07:15:00,15.032010836,14.901608,34.78214143222075,32.745476072072194,-19.75013059622075,-17.843867604970143
2020-10-28 07:30:00,15.032010836,14.769361,46.97815657154904,51.055745555900344,-31.946145735549045,-36.28638501360298
2020-10-28 07:45:00,15.032010836,14.683601,89.70190315487318,67.0674360572086,-74.66989231887318,-52.383834677814065
2020-10-28 08:00:00,16.485725709,17.085123,71.56161790236989,101.00501593933616,-55.07589219336989,-83.91989287720237
2020-10-28 08:15:00,16.485725709,15.921403,94.10852941822112,88.55572975453398,-77.62280370922113,-72.6343268233206
2020-10-28 08:30:00,38.485725709,38.397594,89.12723343134941,110.50623652087504,-50.64150772234941,-72.10864206897074
2020-10-28 08:45:00,38.485725709,37.2815,103.20722296711739,110.4347841431485,-64.72149725811738,-73.15328237312897
2020-10-28 09:00:00,30.102464621999992,32.32649,170.23037589333822,111.63111999856687,-140.12791127133823,-79.30463150369383
2020-10-28 09:15:00,14.102464621999992,13.158865,150.28817939343782,172.6814423358766,-136.18571477143783,-159.522577360901
2020-10-28 09:30:00,20.102464621999992,20.9697,137.26595911517737,170.35330552594093,-117.16349449317738,-149.38360566632178
2020-10-28 09:45:00,27.102464621999992,25.914679,159.18167055466162,165.66560206291854,-132.07920593266164,-139.75092348931014
2020-10-28 10:00:00,9.221673468,13.121566,367.8610719078186,176.95391623186552,-358.6393984398186,-163.8323504130789
2020-10-28 10:15:00,9.221673468,9.707077,236.02755151583216,309.3864477528133,-226.80587804783215,-299.6793707264461
2020-10-28 10:30:00,9.221673468,9.702559,180.57874510778467,239.0308093102422,-171.35707163978466,-229.32824983911183
2020-10-28 10:45:00,9.221673468,9.613933,147.45682179791498,207.25368505083256,-138.23514832991498,-197.63975244127445
2020-10-28 11:00:00,7.6369705439999995,9.0584,229.13337090346104,170.53063160458754,-221.49640035946103,-161.47223145047377
2020-10-28 11:15:00,7.6369705439999995,8.4070215,280.8729251795078,233.15902058776146,-273.23595463550777,-224.7519990652395
2020-10-28 11:30:00,7.6369705439999995,8.571057,274.2736608326093,263.43831589242393,-266.6366902886093,-254.86725857278282
2020-10-28 11:45:00,7.6369705439999995,8.101172,391.2929983051848,262.1231526338735,-383.6560277611848,-254.02198018666888
2020-10-28 12:00:00,10.040776404,8.509768,187.78753573632594,308.24967424121803,-177.74675933232592,-299.7399067088694
2020-10-28 12:15:00,21.040776404,21.96288,299.31149734912833,208.02855246430138,-278.27072094512835,-186.06567328339318
2020-10-28 12:30:00,43.040776404,42.84634,300.5621648289591,273.206586682468,-257.5213884249591,-230.36024650302465
2020-10-28 12:45:00,43.040776404,44.654797,419.04468015305366,279.9008337644578,-376.0039037490537,-235.246037164116
2020-10-28 13:00:00,22.611940891000003,26.431217,219.7614192267125,299.200729139994,-197.1494783357125,-272.7695119463905
2020-10-28 13:15:00,21.611940891000003,19.856453,335.1931076542932,211.60574367634473,-313.5811667632932,-191.7492907344502
2020-10-28 13:30:00,32.611940891,33.857197,237.0450272905185,267.0043194541118,-204.43308639951852,-233.14712264625047
2020-10-28 13:45:00,22.611940891000003,24.069462,118.1727228943885,213.43273976612386,-95.5607820033885,-189.3632779436141
2020-10-28 14:00:00,19.74432117,19.163391,138.2283193685257,128.46728316965846,-118.48399819852568,-109.30389205637721
2020-10-28 14:15:00,10.74432117,10.54287,92.86207370515824,137.88237976214674,-82.11775253515825,-127.33951019427565
2020-10-28 14:30:00,10.74432117,9.304029,82.50538028385405,103.2342732607299,-71.76105911385406,-93.93024379600823
2020-10-28 14:45:00,32.74432117,33.511105,72.45143654699456,92.84319428116811,-39.70711537699456,-59.332089697427875
2020-10-28 15:00:00,34.207511982999996,31.319082,59.18310625819383,68.40226061024121,-24.975594275193835,-37.08317835010938
2020-10-28 15:15:00,34.207511982999996,32.622215,67.474450536714,58.62743008482969,-33.266938553714006,-26.005214813833597
2020-10-28 15:30:00,34.207511982999996,32.622215,48.14288977820581,57.64037641697788,-13.935377795205817,-25.018161145981786
2020-10-28 15:45:00,12.207511982999998,12.169744,25.492526617506027,33.318461610449724,-13.285014634506028,-21.14871807254689
2020-10-28 16:00:00,11.094963428000002,11.369422,12.14266504949382,16.346552045806046,-1.0477016214938182,-4.977130086882706
2020-10-28 16:15:00,11.094963428000002,10.979824,1.871887005570624,8.200018660414512,9.223076422429378,2.779805405747597
2020-10-28 16:30:00,11.094963428000002,10.979824,0.0,3.868078406559519,11.094963428000002,7.11174565960259
2020-10-28 16:45:00,11.094963428000002,11.0187645,0.0,2.850329609506665,11.094963428000002,8.168434886342943
2020-10-28 17:00:00,13.329081331999998,11.503859,0.0,0.7952421108310909,13.329081331999998,10.70861645545309
2020-10-28 17:15:00,13.329081331999998,12.8501625,0.0,-0.10702687143555345,13.329081331999998,12.95718937753907
2020-10-28 17:30:00,13.329081331999998,12.882788,0.0,-0.5298872919268077,13.329081331999998,13.412674996394582
2020-10-28 17:45:00,35.329081332,38.6708,0.0,-0.5598566608562151,35.329081332,39.230655916227306
2020-10-28 18:00:00,48.79235714699999,42.026917,0.0,-0.8713055696945605,48.79235714699999,42.89822207360081
2020-10-28 18:15:00,26.792357146999986,29.426567,0.0,-0.8021520364776143,26.792357146999986,30.228719114114334
2020-10-28 18:30:00,26.792357146999986,25.65363,0.0,-0.7928381024481573,26.792357146999986,26.446467405426674
2020-10-28 18:45:00,26.792357146999986,25.875902,0.0,-0.6909269564054884,26.792357146999986,26.566829132308808
2020-10-28 19:00:00,35.960522065999996,35.48429,0.0,-0.5525163158316434,35.960522065999996,36.0368073924918
2020-10-28 19:15:00,57.960522065999996,59.599297,0.0,-0.5664510926988938,57.960522065999996,60.16574766252311
2020-10-28 19:30:00,68.960522066,75.61478,0.0,-0.5420949347235179,68.960522066,76.15687154605165
2020-10-28 19:45:00,68.960522066,74.213264,0.0,-0.5276477835211689,68.960522066,74.7409122488532
2020-10-28 20:00:00,58.18950083600001,65.45272,0.0,-0.44103325158116136,58.18950083600001,65.893753893671
2020-10-28 20:15:00,35.18950083600001,41.147648,0.0,-0.3129985472010609,35.18950083600001,41.46064640486708
2020-10-28 20:30:00,19.189500836000004,20.06387,0.0,-0.21018761836448363,19.189500836000004,20.274057094682842
2020-10-28 20:45:00,19.189500836000004,19.283741,0.0,-0.21661409551322308,19.189500836000004,19.500355092827675
2020-10-28 21:00:00,15.321603480999995,15.89304,0.0,-0.04395970528995996,15.321603480999995,15.936999408659101
2020-10-28 21:15:00,15.321603480999995,14.450593,0.0,-0.07664585760557252,15.321603480999995,14.527238852295515
2020-10-28 21:30:00,15.321603480999995,14.587655,0.0,-0.09216495752497622,15.321603480999995,14.679820024968825
2020-10-28 21:45:00,15.321603480999995,14.605197,0.0,-0.026474601639292605,15.321603480999995,14.631671554459118
2020-10-28 22:00:00,13.701087835000001,14.270674,0.0,-0.007742841514747245,13.701087835000001,14.278416593345803
2020-10-28 22:15:00,13.701087835000001,13.322838,0.0,0.0169601213716718,13.701087835000001,13.305877708218173
2020-10-28 22:30:00,13.701087835000001,13.322838,0.0,0.022182930364244124,13.701087835000001,13.3006548992256
2020-10-28 22:45:00,24.701087835000003,23.773626,0.0,-0.038351415790058074,24.701087835000003,23.811977743304706
2020-10-28 23:00:00,20.295560127000005,23.376009,0.0,-0.1366712829181217,20.295560127000005,23.51268027034488
2020-10-28 23:15:00,20.295560127000005,20.212791,0.0,-0.14758967947607637,20.295560127000005,20.36038112234717
2020-10-28 23:30:00,12.295560127000005,12.398779,0.0,0.002045207092819079,12.295560127000005,12.396733708312455
2020-10-28 23:45:00,9.295560127000005,10.014598,0.0,0.13573421275589304,9.295560127000005,9.878863680005338
2020-10-29 00:00:00,7.383657975,6.4723225,0.0,-0.14774201453357627,7.383657975,6.620064478522834
2020-10-29 00:15:00,7.383657975,6.894206,0.0,-0.09907306125926951,7.383657975,6.993279108317375
2020-10-29 00:30:00,18.383657975,17.653383,0.0,-0.06567876781616733,18.383657975,17.71906202282105
2020-10-29 00:45:00,15.383657975,16.29122,0.0,-0.04555302065124345,15.383657975,16.336772731954955
2020-10-29 01:00:00,4.033529283000001,6.955858,0.0,-0.26563850292752555,4.033529283000001,7.221496733518346
2020-10-29 01:15:00,4.033529283000001,3.8303454,0.0,-0.2741216566463801,4.033529283000001,4.104467048873553
2020-10-29 01:30:00,4.033529283000001,3.7800379,0.0,-0.26383867156293583,4.033529283000001,4.043876551506783
2020-10-29 01:45:00,4.033529283000001,3.8303454,0.0,-0.27289785047105497,4.033529283000001,4.103243242698228
2020-10-29 02:00:00,5.879626794,3.8768253,0.0,0.09711883633616736,5.879626794,3.779706496305434
2020-10-29 02:15:00,5.879626794,5.83698,0.0,0.0721455870226525,5.879626794,5.764834279005179
2020-10-29 02:30:00,5.879626794,5.83698,0.0,0.03800143558119273,5.879626794,5.798978430446639
2020-10-29 02:45:00,5.879626794,5.83698,0.0,-0.013990261910161839,5.879626794,5.850970127937994
2020-10-29 03:00:00,6.348560514,6.062325,0.0,0.562390269981356,6.348560514,5.499934730781583
2020-10-29 03:15:00,6.348560514,6.0306845,0.0,0.5525269112696102,6.348560514,5.478157559860761
2020-10-29 03:30:00,6.348560514,6.0306845,0.0,0.5605549882992918,6.348560514,5.470129482831079
2020-10-29 03:45:00,6.348560514,6.0306845,0.0,0.5810650563434593,6.348560514,5.449619414786912
2020-10-29 04:00:00,5.265850645000001,6.089365,0.0,1.5979609653055942,5.265850645000001,4.49140404018757
2020-10-29 04:15:00,5.265850645000001,5.132228,0.0,1.6165919549284187,5.265850645000001,3.5156359427156243
2020-10-29 04:30:00,5.265850645000001,5.116774,0.0,1.682634467323747,5.265850645000001,3.434139614860091
2020-10-29 04:45:00,5.265850645000001,5.120325,0.0,1.7788799505332626,5.265850645000001,3.341445137967714
2020-10-29 05:00:00,4.012470624,5.345605,0.0,4.540421831007621,4.012470624,0.805183065537789
2020-10-29 05:15:00,4.012470624,4.179799,0.0,4.55647282406113,4.012470624,-0.3766737441661103
2020-10-29 05:30:00,4.012470624,4.179799,0.0,4.5775343032227624,4.012470624,-0.3977352233277429
2020-10-29 05:45:00,4.012470624,4.179799,0.0,4.596517971475353,4.012470624,-0.4167188915803335
2020-10-29 06:00:00,5.246155454000001,5.3998036,0.0,12.081444532483165,5.246155454000001,-6.681640894024913
2020-10-29 06:15:00,5.246155454000001,5.6304193,0.0,11.922466872737514,5.246155454000001,-6.292047618434536
2020-10-29 06:30:00,5.246155454000001,5.7281256,2.2665191999235272,11.805818800612585,2.979636254076474,-6.077693228407995
2020-10-29 06:45:00,5.246155454000001,5.797241,7.037265534104198,13.576454251953535,-1.7911100801041968,-7.779213041016035
2020-10-29 07:00:00,13.658420962000003,9.763358,14.355176250846753,21.208174664449565,-0.6967552888467505,-11.444816548299663
2020-10-29 07:15:00,13.658420962000003,14.378879,58.43230885685921,28.63132959497483,-44.77388789485921,-14.252451001530005
2020-10-29 07:30:00,13.658420962000003,14.357222,76.78794441395948,70.07907850628953,-63.12952345195948,-55.72185690289598
2020-10-29 07:45:00,13.658420962000003,14.246631,72.07857650366041,90.75026080718624,-58.420155541660414,-76.5036301385461
2020-10-29 08:00:00,23.527573140999998,17.062378,154.99827661926352,89.16923058736089,-131.47070347826352,-72.10685265767339
2020-10-29 08:15:00,23.527573140999998,23.217709,193.32954774114305,165.91646474085846,-169.80197460014304,-142.69875615321197
2020-10-29 08:30:00,44.527573141,41.78237,245.2016170118699,207.27705290317658,-200.6740438708699,-165.4946813821805
2020-10-29 08:45:00,44.527573141,41.607086,268.858173294276,245.95576747402336,-224.330600153276,-204.34868129238274
2020-10-29 09:00:00,42.473822946,40.32921,245.20263664151676,262.85778582753983,-202.72881369551675,-222.5285774535164
2020-10-29 09:15:00,38.473822946,39.718258,218.8907934392819,252.8666885372322,-180.4169704932819,-213.14843063317946
2020-10-29 09:30:00,32.473822946,30.433897,250.61526458727346,253.46698310572253,-218.14144164127345,-223.03308608728992
2020-10-29 09:45:00,32.473822946,31.513285,190.29092407250863,279.72330154031283,-157.81710112650865,-248.2100168570853
2020-10-29 10:00:00,15.134452604999998,20.184776,162.70759473717106,218.3344864715699,-147.57314213217106,-198.14971016541756
2020-10-29 10:15:00,14.134452604999998,13.464551,120.2542557270769,203.3599593246866,-106.1198031220769,-189.89540835270174
2020-10-29 10:30:00,14.134452604999998,13.118569,181.7422268757702,172.55145559353025,-167.6077742707702,-159.43288621944578
2020-10-29 10:45:00,14.134452604999998,13.175481,147.65973249566343,221.9581009780082,-133.52527989066343,-208.78262013541786
2020-10-29 11:00:00,7.4371243650000025,12.523503,77.34022186827933,176.6667955011282,-69.90309750327933,-164.14329219760037
2020-10-29 11:15:00,7.4371243650000025,7.0539627,77.90397741987519,117.35308911951753,-70.46685305487519,-110.299126411998
2020-10-29 11:30:00,7.4371243650000025,7.0539627,103.84878124223036,120.15492785719147,-96.41165687723036,-113.10096514967194
2020-10-29 11:45:00,7.4371243650000025,7.01731,146.28870463696336,137.56076154872048,-138.85158027196337,-130.5434514062034
2020-10-29 12:00:00,11.355899729999996,7.493305,162.86281412788648,164.94327339241818,-151.50691439788648,-157.44996818611935
2020-10-29 12:15:00,22.355899729999997,21.402964,146.10812128872615,173.66285646386802,-123.75222155872615,-152.25989282556236
2020-10-29 12:30:00,22.355899729999997,20.966677,211.75268869207963,156.5875836152714,-189.39678896207963,-135.62090690323527
2020-10-29 12:45:00,19.355899729999997,19.281591,387.4378865096279,206.76489097050973,-368.0819867796279,-187.48329955510445
2020-10-29 13:00:00,10.319519197,11.071828,102.72862617941317,270.05030535321936,-92.40910698241316,-258.9784774647306
2020-10-29 13:15:00,10.319519197,9.429737,37.93914829046124,112.8824335601573,-27.619629093461242,-103.45269646909284
2020-10-29 13:30:00,32.319519197,33.786007,44.779068242557486,62.239230533504426,-12.459549045557488,-28.45322360601419
2020-10-29 13:45:00,43.319519197,42.756523,65.438204715518,62.73832886952121,-22.118685518518,-19.981805737196993
2020-10-29 14:00:00,47.678046695,44.54415,57.958765128723364,65.33100902416662,-10.280718433723365,-20.786857718014275
2020-10-29 14:15:00,37.678046695,41.207615,38.53827997194525,58.10212288020057,-0.8602332769452516,-16.894507981518927
2020-10-29 14:30:00,58.678046695,61.775307,61.897740394653674,41.83293469711896,-3.219693699653675,19.9423720045412
2020-10-29 14:45:00,58.678046695,66.78634,76.606268644001,48.1138909084392,-17.928221949001006,18.67244789771314
2020-10-29 15:00:00,57.98446331700001,68.46418,114.11867217335855,41.18672158750341,-56.13420885635854,27.277458405172368
2020-10-29 15:15:00,46.98446331700001,51.65406,98.8660357525355,56.95301312838848,-51.88157243553549,-5.298952764618946
2020-10-29 15:30:00,36.184463316999995,42.12667,58.77525943947004,43.795738394657924,-22.590796122470046,-1.6690675572555804
2020-10-29 15:45:00,35.98446331700001,39.11024,24.1690657514806,25.41051107052867,11.815397565519408,13.699729865750626
2020-10-29 16:00:00,37.661990102,36.14698,10.177461332644258,6.362438216396675,27.48452876935574,29.784542069247856
2020-10-29 16:15:00,44.861990101999986,44.01105,2.676314375517679,3.8277966675466297,42.18567572648231,40.18325451043189
2020-10-29 16:30:00,40.661990102,40.91026,0.4728986941868388,1.912390109651235,40.18909140781316,38.99786913717494
2020-10-29 16:45:00,39.661990102,38.467827,0.0,0.6875016694581743,39.661990102,37.78032517380355
2020-10-29 17:00:00,49.313535202000004,48.153168,0.0,-0.28119551573286394,49.313535202000004,48.434363240342236
2020-10-29 17:15:00,55.313535202000004,53.448273,0.0,-0.41660848982794285,55.313535202000004,53.86488119490607
2020-10-29 17:30:00,65.313535202,64.00686,0.0,-0.40557616319543677,65.313535202,64.41243498887903
2020-10-29 17:45:00,36.313535202000004,41.468697,0.0,-0.8115027230707642,36.313535202000004,42.28019931730905
2020-10-29 18:00:00,40.468631611000006,37.201477,0.0,-0.815694841448603,40.468631611000006,38.017171892229854
2020-10-29 18:15:00,43.468631611000006,43.72363,0.0,-0.7535466040761697,43.468631611000006,44.477175601878905
2020-10-29 18:30:00,40.468631611000006,40.326992,0.0,-0.7225399399955325,40.468631611000006,41.049531974907644
2020-10-29 18:45:00,37.468631611000006,39.856716,0.0,-0.7583201180103273,37.468631611000006,40.615036274016184
2020-10-29 19:00:00,18.828640146999998,28.833414,0.0,-0.6269481911789533,18.828640146999998,29.460362268937743
2020-10-29 19:15:00,18.828640146999998,19.893032,0.0,-0.6405172554574242,18.828640146999998,20.533549329432034
2020-10-29 19:30:00,18.828640146999998,20.75486,0.0,-0.6260897397156892,18.828640146999998,21.380949664032094
2020-10-29 19:45:00,18.828640146999998,20.444624,0.0,-0.5825423606866195,18.828640146999998,21.027166307830175
2020-10-29 20:00:00,37.823585120999994,29.436893,0.0,-0.4391776694418158,37.823585120999994,29.87607113257658
2020-10-29 20:15:00,44.823585120999994,47.221916,0.0,-0.35309796848646535,44.823585120999994,47.575014167216935
2020-10-29 20:30:00,33.823585120999994,33.97323,0.0,-0.221453681308435,33.823585120999994,34.194682135898276
2020-10-29 20:45:00,26.823585120999994,26.313128,0.0,-0.17965326031551776,26.823585120999994,26.492780778015714
2020-10-29 21:00:00,16.134812426,23.468151,0.0,-0.010283976906142134,16.134812426,23.478435069435438
2020-10-29 21:15:00,27.134812426,26.445417,0.0,0.01879912853688459,27.134812426,26.42661827563792
2020-10-29 21:30:00,27.134812426,27.294668,0.0,0.10568940747684763,27.134812426,27.188978790154987
2020-10-29 21:45:00,27.134812426,27.31665,0.0,0.1017812969766031,27.134812426,27.214869093648396
2020-10-29 22:00:00,30.47589888699999,29.070753,0.0,0.08720400298302067,30.47589888699999,28.983549094551158
2020-10-29 22:15:00,24.47589888699999,27.592104,0.0,0.21777265344555274,24.47589888699999,27.37433130468433
2020-10-29 22:30:00,16.47589888699999,15.938417,0.0,0.25074728725258744,16.47589888699999,15.687670147439796
2020-10-29 22:45:00,16.47589888699999,16.015347,0.0,0.23964275659951084,16.47589888699999,15.7757037705001
2020-10-29 23:00:00,12.431868212000001,13.01193,0.0,0.14935105736963095,12.431868212000001,12.862579408328612
2020-10-29 23:15:00,12.431868212000001,12.10179,0.0,0.12580274510003953,12.431868212000001,11.975987683061582
2020-10-29 23:30:00,12.431868212000001,12.10179,0.0,0.12268071199385744,12.431868212000001,11.979109716167764
2020-10-29 23:45:00,12.431868212000001,12.10179,0.0,0.1387495529651791,12.431868212000001,11.963040875196443
2020-10-30 00:00:00,8.454348030000002,8.647196,0.0,-0.169246871398948,8.454348030000002,8.816442687438988
2020-10-30 00:15:00,8.454348030000002,7.8104835,0.0,-0.1584006711250786,8.454348030000002,7.9688841267830375
2020-10-30 00:30:00,8.454348030000002,7.8104835,0.0,-0.17636067762112717,8.454348030000002,7.986844133279086
2020-10-30 00:45:00,8.454348030000002,7.8104835,0.0,-0.16358980377062615,8.454348030000002,7.974073259428585
2020-10-30 01:00:00,6.0892312440000005,6.565016,0.0,-0.4070114405147446,6.0892312440000005,6.972027233361424
2020-10-30 01:15:00,6.0892312440000005,6.068048,0.0,-0.3775114549261903,6.0892312440000005,6.445559455261884
2020-10-30 01:30:00,6.0892312440000005,6.068048,0.0,-0.3693644929600427,6.0892312440000005,6.437412493295736
2020-10-30 01:45:00,6.0892312440000005,6.068048,0.0,-0.3629059075926683,6.0892312440000005,6.4309539079283615
2020-10-30 02:00:00,5.8660630120000015,6.2964725,0.0,-0.26005119538279964,5.8660630120000015,6.556523744821276
2020-10-30 02:15:00,5.8660630120000015,5.6574173,0.0,-0.29347906791291856,5.8660630120000015,5.9508963652762
2020-10-30 02:30:00,5.8660630120000015,5.6574173,0.0,-0.3373868630457376,5.8660630120000015,5.994804160409019
2020-10-30 02:45:00,5.8660630120000015,5.6419635,0.0,-0.3769522160924438,5.8660630120000015,6.01891569799552
2020-10-30 03:00:00,5.880775565,5.7927036,0.0,0.3505714121100362,5.880775565,5.442132216430003
2020-10-30 03:15:00,5.880775565,6.41766,0.0,0.32646407268797517,5.880775565,6.091196163670667
2020-10-30 03:30:00,5.880775565,6.409834,0.0,0.30101132681615794,5.880775565,6.108822581264897
2020-10-30 03:45:00,5.880775565,6.409834,0.0,0.27418308020603,5.880775565,6.135650827875025
2020-10-30 04:00:00,5.369193881,6.7282057,0.0,1.2061778678489299,5.369193881,5.522027812998238
2020-10-30 04:15:00,5.369193881,5.753141,0.0,1.1857165891276074,5.369193881,4.567424337233477
2020-10-30 04:30:00,5.369193881,5.7079215,0.0,1.1956421137120632,5.369193881,4.512279391262302
2020-10-30 04:45:00,5.369193881,5.7079215,0.0,1.221551748704428,5.369193881,4.486369756269937
2020-10-30 05:00:00,6.955705986999998,5.5603647,0.0,2.5455600181203817,6.955705986999998,3.0148047050851847
2020-10-30 05:15:00,6.955705986999998,6.6505103,0.0,2.62580974751451,6.955705986999998,4.024700563612199
2020-10-30 05:30:00,6.955705986999998,6.6505103,0.0,2.664845773977308,6.955705986999998,3.985664537149401
2020-10-30 05:45:00,6.955705986999998,6.6505103,0.0,2.686145515887863,6.955705986999998,3.964364795238846
2020-10-30 06:00:00,9.375165710000001,7.4806914,0.0,5.53518997553105,9.375165710000001,1.9455014574218312
2020-10-30 06:15:00,9.375165710000001,9.027901,0.0,5.620942304927284,9.375165710000001,3.4069583908734975
2020-10-30 06:30:00,9.375165710000001,9.027901,1.4767210862606754,5.6263829663164735,7.8984446237393255,3.4015177294843078
2020-10-30 06:45:00,9.375165710000001,9.027901,6.2397255693767155,6.509187271111659,3.1354401406232855,2.518713424689122
2020-10-30 07:00:00,17.70181073099999,13.487829,23.85423786450924,15.008562697351733,-6.152427133509249,-1.5207334889777098
2020-10-30 07:15:00,17.70181073099999,17.81808,41.130003561751465,30.276134242345734,-23.428192830751474,-12.458053340246124
2020-10-30 07:30:00,17.70181073099999,17.81808,69.72103061986222,47.51361357740824,-52.019219888862224,-29.695532675308634
2020-10-30 07:45:00,17.70181073099999,17.81808,74.67353666903553,75.86591994970807,-56.97172593803553,-58.04783904760846
2020-10-30 08:00:00,23.909306482999995,21.674566,109.68368527350292,82.27042989294016,-85.77437879050292,-60.59586362401926
2020-10-30 08:15:00,23.909306482999995,24.249472,155.42618900183555,118.07014913341385,-131.51688251883556,-93.82067746898514
2020-10-30 08:30:00,23.909306482999995,24.332037,145.51029990111073,165.66903257373912,-121.60099341811073,-141.33699560169322
2020-10-30 08:45:00,23.909306482999995,24.577316,147.62745017261062,162.14508179298736,-123.71814368961063,-137.56776550880767
2020-10-30 09:00:00,30.090916202000002,32.60714,142.64191556100843,162.9792953430891,-112.55099935900843,-130.37215575568675
2020-10-30 09:15:00,30.090916202000002,30.461674,130.29941989188023,164.73254561121183,-100.20850368988023,-134.27087187463957
2020-10-30 09:30:00,29.090916202000002,30.388563,84.1345413310447,154.06853262337614,-55.0436251290447,-123.67996946724821
2020-10-30 09:45:00,19.090916202000002,18.920473,77.43654053372592,117.83720516410322,-58.345624331725915,-98.91673206534834
2020-10-30 10:00:00,27.187934802,28.332542,121.02569768658613,104.15780078524911,-93.83776288458613,-75.82525836581551
2020-10-30 10:15:00,38.187934802,40.22298,113.86008320903841,145.53241358423918,-75.6721484070384,-105.3094330849716
2020-10-30 10:30:00,38.187934802,40.37203,129.45171701745824,137.97512318098478,-91.26378221545824,-97.6030948301547
2020-10-30 10:45:00,35.187934802,38.48677,151.42450070197958,154.70696211808752,-116.23656589997958,-116.2201914882047
2020-10-30 11:00:00,19.519746753,27.819456,106.31656472074955,163.45363982371902,-86.79681796774955,-135.63418372325515
2020-10-30 11:15:00,11.519746752999998,11.477367,89.3858680258968,130.88065479796,-77.8661212728968,-119.40328739683696
2020-10-30 11:30:00,11.519746752999998,10.576319,99.95984747459705,118.1916848118611,-88.44010072159706,-107.61536607101637
2020-10-30 11:45:00,11.519746752999998,10.575704,108.8167112708121,125.64776996587747,-97.29696451781211,-115.07206634496683
2020-10-30 12:00:00,10.165935081000002,10.9404335,102.6778270913873,121.18779533182044,-92.5118920103873,-110.24736182962317
2020-10-30 12:15:00,10.165935081000002,10.108002,125.2219432033512,115.45472900325873,-115.0560081223512,-105.34672729427436
2020-10-30 12:30:00,10.165935081000002,10.108002,93.57138650422881,129.16571089031407,-83.40545142322881,-119.0577091813297
2020-10-30 12:45:00,10.165935081000002,10.177044,71.323932779953,101.94896651912082,-61.157997698953,-91.7719226043259
2020-10-30 13:00:00,11.352901168999997,10.030581,108.31409940582174,83.61963923269525,-96.96119823682174,-73.58905775839105
2020-10-30 13:15:00,11.352901168999997,10.912139,107.8542445039203,106.54284397341385,-96.5013433349203,-95.63070503451004
2020-10-30 13:30:00,11.352901168999997,11.064554,69.66833837939154,98.90634113889104,-58.31543721039154,-87.8417869244135
2020-10-30 13:45:00,11.352901168999997,11.064554,46.48804672352744,70.04802921800476,-35.13514555452744,-58.98347500352722
2020-10-30 14:00:00,6.665604888,11.685954,40.82209917912058,45.80896781482491,-34.15649429112058,-34.123013720891805
2020-10-30 14:15:00,6.665604888,7.821849,34.04405708935403,41.911913470479874,-27.378452201354026,-34.09006460115614
2020-10-30 14:30:00,6.665604888,8.03203,29.2425135771729,32.03817629480454,-22.5769086891729,-24.006146189213723
2020-10-30 14:45:00,6.665604888,7.9641485,18.393041557581487,25.105678184506296,-11.727436669581486,-17.141529663082956
2020-10-30 15:00:00,9.478719626999998,8.125044,12.368660636447986,14.22129998341316,-2.8899410094479876,-6.096256114394606
2020-10-30 15:15:00,9.478719626999998,9.87383,11.691030833500612,10.330126261850932,-2.2123112065006136,-0.45629642023716244
2020-10-30 15:30:00,9.478719626999998,9.87383,7.572376311296521,8.0304467973303,1.9063433157034773,1.8433830442834687
2020-10-30 15:45:00,9.478719626999998,9.889134,3.686545147732938,5.281456285817947,5.792174479267061,4.6076781212255105
2020-10-30 16:00:00,9.283684284,10.366239,1.4550297915465151,1.388308316326877,7.828654492453484,8.977930277728298
2020-10-30 16:15:00,9.283684284,10.361783,0.0,0.43491005056060217,9.283684284,9.926872977088324
2020-10-30 16:30:00,9.283684284,10.340126,0.0,-0.028062693776520153,9.283684284,10.368188731374177
2020-10-30 16:45:00,20.283684284,22.163628,0.0,-0.21043087037066244,20.283684284,22.37405849488238
2020-10-30 17:00:00,36.534235686,30.979076,0.0,-0.5765044506700728,36.534235686,31.55558083616812
2020-10-30 17:15:00,69.534235686,60.609642,0.0,-0.48986867036544723,69.534235686,61.09951069917404
2020-10-30 17:30:00,70.534235686,74.32636,0.0,-0.8410461096982217,70.534235686,75.16740871956151
2020-10-30 17:45:00,69.534235686,68.813576,0.0,-0.7782966504178584,69.534235686,69.59187239504676
2020-10-30 18:00:00,84.027207562,79.67208,0.0,-0.7776073408827556,84.027207562,80.4496883345351
2020-10-30 18:15:00,84.027207562,89.03147,0.0,-0.6951866880548031,84.027207562,89.72665794049621
2020-10-30 18:30:00,95.027207562,95.72615,0.0,-0.7247923272107545,95.027207562,96.45094283990606
2020-10-30 18:45:00,72.027207562,76.77576,0.0,-0.6708584506596625,72.027207562,77.44661528659717
2020-10-30 19:00:00,46.38190534700001,48.93206,0.0,-0.41586615552223016,46.38190534700001,49.34792639722145
2020-10-30 19:15:00,38.38190534700001,37.425556,0.0,-0.39648028205752006,38.38190534700001,37.822036464918845
2020-10-30 19:30:00,38.38190534700001,37.616005,0.0,-0.36712807634845135,38.38190534700001,37.98313302019611
2020-10-30 19:45:00,32.38190534700001,31.811163,0.0,-0.3708695311056164,32.38190534700001,32.18203247971402
2020-10-30 20:00:00,21.871749413000003,26.761568,0.0,-0.3624164257715946,21.871749413000003,27.123984495229603
2020-10-30 20:15:00,21.871749413000003,21.82669,0.0,-0.3621840706025711,21.871749413000003,22.188874744430695
2020-10-30 20:30:00,21.871749413000003,21.880558,0.0,-0.3053650722794333,21.871749413000003,22.185923086195448
2020-10-30 20:45:00,21.871749413000003,21.961454,0.0,-0.29604087389957023,21.871749413000003,22.257495265379063
2020-10-30 21:00:00,27.767800029,28.95363,0.0,-0.22401170887703892,27.767800029,29.177642156264735
2020-10-30 21:15:00,27.767800029,27.420837,0.0,-0.18296618638342033,27.767800029,27.60380358872717
2020-10-30 21:30:00,27.767800029,27.438381,0.0,-0.13326203555723837,27.767800029,27.571643230625597
2020-10-30 21:45:00,27.767800029,27.438381,0.0,-0.07134346877507725,27.767800029,27.509724663843436
2020-10-30 22:00:00,38.71892669,33.320797,0.0,-0.030989932450643853,38.71892669,33.35178689900338
2020-10-30 22:15:00,34.71892669,34.864685,0.0,0.044718897231805665,34.71892669,34.81996616136195
2020-10-30 22:30:00,16.71892669,18.249044,0.0,0.22917628440582127,16.71892669,18.01986813392914
2020-10-30 22:45:00,16.71892669,16.967848,0.0,0.204901223651487,16.71892669,16.762946600445193
2020-10-30 23:00:00,31.531339437,27.359549,0.0,0.1326289412287157,31.531339437,27.22691962749687
2020-10-30 23:15:00,31.531339437,29.980349,0.0,0.1923981346192648,31.531339437,29.78795045241687
2020-10-30 23:30:00,31.531339437,29.589869,0.0,0.11645826634006873,31.531339437,29.47341027919216
2020-10-30 23:45:00,15.531339437,14.478689,0.0,0.1783678992542147,15.531339437,14.300321294471372
2020-10-31 00:00:00,6.853122409000003,7.9188447,0.0,-0.3034353823385355,6.853122409000003,8.222280082198155
2020-10-31 00:15:00,28.853122409,21.567755,0.0,-0.3221702171938655,28.853122409,21.889924962677263
2020-10-31 00:30:00,28.853122409,24.77352,0.0,-0.2771642550848511,28.853122409,25.050683771076063
2020-10-31 00:45:00,27.853122409,25.004019,0.0,-0.24940449596371927,27.853122409,25.253423279533056
2020-10-31 01:00:00,10.831951110000011,9.808764,0.0,-0.5504482696717502,10.831951110000011,10.359212727374388
2020-10-31 01:15:00,5.03195111,3.71593,0.0,-0.4657371273085299,5.03195111,4.1816671123549165
2020-10-31 01:30:00,5.03195111,4.862433,0.0,-0.5530134962461971,5.03195111,5.415446452941754
2020-10-31 01:45:00,5.03195111,4.884414,0.0,-0.5647924876150859,5.03195111,5.44920668362949
2020-10-31 02:00:00,5.398050514,5.362058,0.0,0.17643879686309283,5.398050514,5.185619365826116
2020-10-31 02:15:00,5.398050514,6.026197,0.0,-0.10792993561321496,5.398050514,6.134126892247736
2020-10-31 02:30:00,5.398050514,6.026197,0.0,-0.13759566378347288,5.398050514,6.163792620417994
2020-10-31 02:45:00,5.398050514,6.026197,0.0,-0.16054595114873316,5.398050514,6.1867429077832545
2020-10-31 03:00:00,6.245418465999999,6.122248,0.0,1.1595285862627334,6.245418465999999,4.962719586497276
2020-10-31 03:15:00,6.245418465999999,6.7472053,0.0,1.1301680774235328,6.245418465999999,5.617037179992239
2020-10-31 03:30:00,6.245418465999999,6.7472053,0.0,1.0959053021346294,6.245418465999999,5.651299955281142
2020-10-31 03:45:00,6.245418465999999,6.7472053,0.0,1.0950574922846075,6.245418465999999,5.652147765131164
2020-10-31 04:00:00,5.7145870620000006,7.376531,0.0,2.591975678077664,5.7145870620000006,4.784555446037326
2020-10-31 04:15:00,5.7145870620000006,6.6842837,0.0,2.5461781174184486,5.7145870620000006,4.138105615949471
2020-10-31 04:30:00,5.7145870620000006,6.6842837,0.0,2.548066010159089,5.7145870620000006,4.136217723208831
2020-10-31 04:45:00,5.7145870620000006,6.55365,0.0,2.603128647695411,5.7145870620000006,3.950521254648339
2020-10-31 05:00:00,4.780255564000001,6.654605,0.0,4.122069751011283,4.780255564000001,2.532535160792916
2020-10-31 05:15:00,4.780255564000001,5.883836,0.0,4.120599434775063,4.780255564000001,1.7632363577664405
2020-10-31 05:30:00,4.780255564000001,5.883836,0.0,4.13244763790741,4.780255564000001,1.7513881546340935
2020-10-31 05:45:00,4.780255564000001,5.883836,0.0,4.147898361459953,4.780255564000001,1.7359374310815507
2020-10-31 06:00:00,6.990846358,7.4197483,0.0,6.646293083194746,6.990846358,0.7734552230796679
2020-10-31 06:15:00,6.990846358,7.707906,0.0,6.6935073374188585,6.990846358,1.014398431929286
2020-10-31 06:30:00,6.990846358,7.993844,1.9606109175254685,6.709564994755042,5.030235440474531,1.2842790375325555
2020-10-31 06:45:00,6.990846358,7.8866396,12.595135819943971,7.983413878221888,-5.604289461943972,-0.09677428319014947
2020-10-31 07:00:00,16.574051619,12.615347,21.508394215705536,17.603111684089647,-4.934342596705537,-4.987764775520311
2020-10-31 07:15:00,16.574051619,17.918524,32.72607474426643,24.661463596834075,-16.152023125266428,-6.7429398083819265
2020-10-31 07:30:00,38.574051619,32.071926,42.70642231946878,36.06108486249289,-4.132370700468776,-3.989158745549531
2020-10-31 07:45:00,38.574051619,36.946682,45.53325478941646,49.244065822926345,-6.959203170416458,-12.297383846607985
2020-10-31 08:00:00,51.830825286999996,43.13374,64.2001457533805,54.163843245183855,-12.3693204663805,-11.030103773748309
2020-10-31 08:15:00,42.830825286999996,44.17545,109.52828729234436,71.71024555257878,-66.69746200534436,-27.534796181240893
2020-10-31 08:30:00,40.830825286999996,39.023865,102.96021146128302,124.11586081660698,-62.12938617428303,-85.09199607051323
2020-10-31 08:45:00,46.830825286999996,44.26467,85.83832281235502,122.60534100808962,-39.00749752535502,-78.34066968240603
2020-10-31 09:00:00,40.310134825000006,34.927986,100.36086240056092,108.71999676287501,-60.05072757556091,-73.79201061785548
2020-10-31 09:15:00,28.31013482500001,30.151272,131.84267396252199,123.24759645133008,-103.53253913752198,-93.09632463126172
2020-10-31 09:30:00,18.31013482500001,17.637476,119.76543922226767,153.30805206898782,-101.45530439726767,-135.6705761015806
2020-10-31 09:45:00,18.31013482500001,18.171223,315.53453863607723,154.87729389364858,-297.2244038110772,-136.706071206881
2020-10-31 10:00:00,19.438929317000003,17.817484,160.7214740473909,264.35983668936626,-141.2825447303909,-246.54235278738872
2020-10-31 10:15:00,19.438929317000003,19.061148,137.68032424264098,181.20409883837573,-118.24139492564098,-162.1429511485564
2020-10-31 10:30:00,19.438929317000003,19.057287,102.97977854049645,167.2653538485405,-83.54084922349645,-148.208066632354
2020-10-31 10:45:00,30.438929317000003,27.88336,89.54367716845266,145.83918923209532,-59.10474785145266,-117.9558293230377
2020-10-31 11:00:00,12.647040961999995,18.834326,146.65898896387498,116.46927154608429,-134.01194800187497,-97.63494575567901
2020-10-31 11:15:00,12.647040961999995,12.604357,122.67944689108879,164.1739848621391,-110.0324059290888,-151.56962809639202
2020-10-31 11:30:00,12.647040961999995,12.594426,98.44603099751969,146.97443798422526,-85.7989900355197,-134.38001182913493
2020-10-31 11:45:00,12.647040961999995,12.546499,224.82716378038535,132.89255752976072,-212.18012281838534,-120.34605827744139
2020-10-31 12:00:00,18.367974492000002,12.281855,327.6050080031314,202.63796488744399,-309.23703351113136,-190.35611025792738
2020-10-31 12:15:00,18.367974492000002,16.711498,329.7284015509059,255.82124606523996,-311.3604270589059,-239.10974780474191
2020-10-31 12:30:00,18.367974492000002,16.618317,285.2097408986535,259.66015682290083,-266.8417664066535,-243.0418401725102
2020-10-31 12:45:00,18.367974492000002,16.676277,243.77449489950183,246.05303936630693,-225.40652040750183,-229.3767622056624
2020-10-31 13:00:00,14.927021918999996,17.20467,67.82301426106733,210.4045944672544,-52.89599234206733,-193.19992451486183
2020-10-31 13:15:00,25.927021918999998,22.319836,136.33863353445423,96.86528665133496,-110.41161161545423,-74.54545098849316
2020-10-31 13:30:00,25.927021918999998,23.756851,105.27222610730615,139.2043990449591,-79.34520418830616,-115.44754784867004
2020-10-31 13:45:00,25.927021918999998,23.883162,96.56857403484628,111.84340708680695,-70.64155211584628,-87.96024554200714
2020-10-31 14:00:00,24.598581917,17.294168,51.709551449778345,85.11966358874093,-27.110969532778345,-67.8254951164509
2020-10-31 14:15:00,19.598581917,19.4522,33.96456030444473,57.68784729670696,-14.36597838744473,-38.23564736079388
2020-10-31 14:30:00,19.598581917,17.928446,19.941248257352463,47.01510462047772,-0.34266634035246213,-29.086658804437683
2020-10-31 14:45:00,19.598581917,17.899935,24.789308111472813,36.449431265676154,-5.190726194472813,-18.549496496999396
2020-10-31 15:00:00,20.561574430000004,17.912603,47.276274530877345,23.459916320127622,-26.71470010087734,-5.5473129418317235
2020-10-31 15:15:00,20.561574430000004,20.929554,92.57398077870391,29.275097179091613,-72.0124063487039,-8.34554319349591
2020-10-31 15:30:00,31.561574430000004,27.904478,38.73971142433845,47.48216795249118,-7.178136994338448,-19.577689879371064
2020-10-31 15:45:00,31.561574430000004,31.688875,26.49755822980542,18.580516242477575,5.064016200194583,13.108358955886683
2020-10-31 16:00:00,32.65062780000001,32.56825,6.868576567081017,5.651989487366424,25.78205123291899,26.916259261412872
2020-10-31 16:15:00,21.650627800000006,24.787409,1.0133992556924278,1.9428047655791314,20.63722854430758,22.84460406315622
2020-10-31 16:30:00,21.650627800000006,22.482662,0.0,0.38920976789146067,21.650627800000006,22.093452433036273
2020-10-31 16:45:00,21.650627800000006,22.405962,0.0,-0.09449579866758484,21.650627800000006,22.50045778902403
2020-10-31 17:00:00,35.633409629,30.85587,0.0,-0.554675479115562,35.633409629,31.410544772328453
2020-10-31 17:15:00,57.633409629,48.501842,0.0,-0.8782939994526117,57.633409629,49.380136498231906
2020-10-31 17:30:00,46.633409629,45.16595,0.0,-0.9165634125601027,46.633409629,46.082514187706586
2020-10-31 17:45:00,35.633409629,36.02337,0.0,-0.9598034516811175,35.633409629,36.98317228713034
2020-10-31 18:00:00,45.40087939199999,44.647087,0.0,-0.8795447317539057,45.40087939199999,45.52663182892187
2020-10-31 18:15:00,46.40087939199999,45.839096,0.0,-0.8023791991538839,46.40087939199999,46.64147526848982
2020-10-31 18:30:00,49.40087939199999,46.052483,0.0,-0.837286374443262,49.40087939199999,46.88976897942373
2020-10-31 18:45:00,82.400879392,77.82919,0.0,-0.809110466092375,82.400879392,78.63830358132675
2020-10-31 19:00:00,77.079975217,78.608444,0.0,-0.616934947670381,77.079975217,79.22537916153757
2020-10-31 19:15:00,72.079975217,72.43834,0.0,-0.5933163824522892,72.079975217,73.03165561585072
2020-10-31 19:30:00,77.079975217,75.095184,0.0,-0.6290739170226952,77.079975217,75.72425824319457
2020-10-31 19:45:00,49.079975217,48.50966,0.0,-0.46315631826059545,49.079975217,48.97281513173716
2020-10-31 20:00:00,39.848204552,47.057217,0.0,-0.3355276995552582,39.848204552,47.39274434384237
2020-10-31 20:15:00,33.848204552,37.96975,0.0,-0.30669070186461334,33.848204552,38.276440152548204
2020-10-31 20:30:00,39.848204552,41.523,0.0,-0.29162094042638664,39.848204552,41.81461975024084
2020-10-31 20:45:00,39.848204552,41.271046,0.0,-0.34596017765218356,39.848204552,41.617005862466634
2020-10-31 21:00:00,40.705851077999995,38.095387,0.0,-0.30144536718936366,40.705851077999995,38.39683187231632
2020-10-31 21:15:00,30.705851077999995,31.537764,0.0,-0.2620100731930367,30.705851077999995,31.79977366877409
2020-10-31 21:30:00,30.705851077999995,30.469027,0.0,-0.2387171524822157,30.705851077999995,30.707743718033974
2020-10-31 21:45:00,22.705851077999995,21.14981,0.0,-0.17577663252339726,22.705851077999995,21.325587423539023
2020-10-31 22:00:00,13.782435873999997,19.067205,0.0,-0.25775373101426624,13.782435873999997,19.324959160091414
2020-10-31 22:15:00,13.782435873999997,14.866139,0.0,-0.30599831215444795,13.782435873999997,15.172137724080718
2020-10-31 22:30:00,13.782435873999997,14.648349,0.0,-0.24220994315457844,13.782435873999997,14.890558751443153
2020-10-31 22:45:00,13.782435873999997,14.894761,0.0,-0.24211829515743333,13.782435873999997,15.136879380667688
2020-10-31 23:00:00,9.817429524999996,12.320317,0.0,-0.36538918012956956,9.817429524999996,12.685706448501152
2020-10-31 23:15:00,9.817429524999996,9.943685,0.0,-0.31752983838162685,9.817429524999996,10.261214416323522
2020-10-31 23:30:00,20.817429524999994,21.79133,0.0,-0.27210647076180117,20.817429524999994,22.063436808286216
2020-10-31 23:45:00,20.817429524999994,21.784143,0.0,-0.14242998488666025,20.817429524999994,21.926573432762638
2020-11-01 00:00:00,17.261193439000003,18.66207,0.0,-0.4517239849725928,17.261193439000003,19.113793305651303
2020-11-01 00:15:00,10.261193439000003,11.440846,0.0,-0.5204262414914488,10.261193439000003,11.961272684667719
2020-11-01 00:30:00,6.261193439000004,6.558557,0.0,-0.5109382426236585,6.261193439000004,7.069495276162477
2020-11-01 00:45:00,6.261193439000004,6.9586935,0.0,-0.4634403063279279,6.261193439000004,7.422133810661424
2020-11-01 01:00:00,26.895930913,24.70219,0.0,-0.5100660278826609,26.895930913,25.212256427052584
2020-11-01 01:15:00,26.895930913,28.006,0.0,-0.4828051704327808,26.895930913,28.488805689231608
2020-11-01 01:30:00,26.895930913,28.006,0.0,-0.5834974881526939,26.895930913,28.589498006951523
2020-11-01 01:45:00,26.895930913,27.754162,0.0,-0.5974326428216418,26.895930913,28.351594477538438
2020-11-01 02:00:00,22.638702154,22.350542,0.0,2.1371724127306218,22.638702154,20.213369655750824
2020-11-01 02:15:00,4.638702154,4.5145383,0.0,1.304527921705085,4.638702154,3.21001036641137
2020-11-01 02:30:00,4.638702154,5.1131372,0.0,0.9364884040163329,4.638702154,4.17664884116189
2020-11-01 02:45:00,4.638702154,5.1562467,0.0,1.0398768540546302,4.638702154,4.116369808085262
2020-11-01 03:00:00,5.411619276999998,5.3995757,0.0,2.7363818838178418,5.411619276999998,2.663193826478789
2020-11-01 03:15:00,5.411619276999998,6.2030783,0.0,1.3592535555990528,5.411619276999998,4.843824714359443
2020-11-01 03:30:00,5.411619276999998,6.2030783,0.0,1.3435005462249885,5.411619276999998,4.859577723733508
2020-11-01 03:45:00,5.411619276999998,6.2030783,0.0,1.3316729592271566,5.411619276999998,4.8714053107313395
2020-11-01 04:00:00,5.0142513730000005,6.5448694,0.0,3.1771346383983285,5.0142513730000005,3.367734784514269
2020-11-01 04:15:00,5.0142513730000005,5.7384505,0.0,3.178100448148596,5.0142513730000005,2.560350079042566
2020-11-01 04:30:00,5.0142513730000005,5.7384505,0.0,3.1925816244356993,5.0142513730000005,2.545868902755463
2020-11-01 04:45:00,5.0142513730000005,5.7384505,0.0,3.208937430577511,5.0142513730000005,2.529513096613651
2020-11-01 05:00:00,4.5484097420000005,5.9478765,0.0,4.378670704139075,4.5484097420000005,1.5692057492605835
2020-11-01 05:15:00,4.5484097420000005,5.850397,0.0,4.379035410422965,4.5484097420000005,1.4713616995623866
2020-11-01 05:30:00,4.5484097420000005,5.850397,0.0,4.410596749761582,4.5484097420000005,1.43980036022377
2020-11-01 05:45:00,4.5484097420000005,5.850397,0.0,4.482348238206214,4.5484097420000005,1.3680488717791377
2020-11-01 06:00:00,6.42815033,6.4770527,0.0,6.980946631982559,6.42815033,-0.5038939433839262
2020-11-01 06:15:00,6.42815033,7.4603195,0.0,6.9590047852508805,6.42815033,0.5013147337920882
2020-11-01 06:30:00,6.42815033,7.4603195,0.8635479089407957,6.895348071540833,5.564602421059204,0.5649714475021357
2020-11-01 06:45:00,6.42815033,7.4603195,7.909076847204833,7.1237800337891075,-1.480926517204833,0.33653948525386124
2020-11-01 07:00:00,12.767523099999998,11.865602,14.989396645834223,12.15438426550417,-2.2218735458342245,-0.28878272589235365
2020-11-01 07:15:00,12.767523099999998,14.776322,28.467962402737683,18.336259312574683,-15.700439302737685,-3.5599369477675538
2020-11-01 07:30:00,12.767523099999998,14.852303,34.660850224183186,32.23018097748706,-21.893327124183187,-17.377878426217528
2020-11-01 07:45:00,12.767523099999998,14.852303,64.31421909119305,40.83325500706415,-51.546695991193054,-25.980952455794622
2020-11-01 08:00:00,15.551344485999996,16.932045,68.98820652934921,68.00063358316983,-53.436862043349215,-51.06858860025967
2020-11-01 08:15:00,15.551344485999996,17.297964,64.9771089802102,75.49706790478106,-49.425764494210206,-58.199103808711726
2020-11-01 08:30:00,15.551344485999996,17.297964,67.7218423557265,75.97622980679418,-52.170497869726496,-58.678265710724844
2020-11-01 08:45:00,15.551344485999996,17.297964,116.88531510973795,85.17769017150874,-101.33397062373795,-67.87972607543941
2020-11-01 09:00:00,25.431277536999993,27.273619,177.91799513747247,124.50306153284671,-152.48671760047247,-97.2294428347266
2020-11-01 09:15:00,25.431277536999993,27.574184,116.37724654834827,172.8937632005423,-90.94596901134827,-145.3195787828177
2020-11-01 09:30:00,25.431277536999993,27.574184,104.02731083087399,128.87882095890282,-78.596033293874,-101.30463654117821
2020-11-01 09:45:00,15.431277536999994,15.725521,122.14589043964646,123.78711096436842,-106.71461290264646,-108.06158987672194
2020-11-01 10:00:00,16.283542371000003,15.835301,142.96624178298947,141.2166846946481,-126.68269941198946,-125.38138329541715
2020-11-01 10:15:00,16.283542371000003,17.45318,166.6300268948471,160.6827459537082,-150.3464845238471,-143.22956564059785
2020-11-01 10:30:00,16.283542371000003,17.45318,215.20910586024362,181.4346654029732,-198.92556348924361,-163.98148508986284
2020-11-01 10:45:00,16.283542371000003,17.50349,336.9761211533983,219.74276729365857,-320.6925787823983,-202.23927684566053
2020-11-01 11:00:00,18.125481065,15.908361,243.53518186038676,275.1252288110636,-225.40970079538675,-259.2168673761271
2020-11-01 11:15:00,18.125481065,17.322346,170.79957724091656,228.0835573830248,-152.67409617591656,-210.76121164938223
2020-11-01 11:30:00,18.125481065,17.322346,138.7172818895733,187.93590989082327,-120.59180082457328,-170.6135641571807
2020-11-01 11:45:00,18.125481065,17.322346,236.95132496567896,174.09777041047033,-218.82584390067896,-156.77542467682775
2020-11-01 12:00:00,17.991434089999995,18.566574,205.9246782047531,224.79900262822605,-187.9332441147531,-206.23242853154636
2020-11-01 12:15:00,17.991434089999995,18.607214,133.80661782865508,205.16544683222017,-115.81518373865508,-186.55823285822115
2020-11-01 12:30:00,17.991434089999995,18.588657,221.5342682886402,159.84874988871942,-203.5428341986402,-141.26009250956903
2020-11-01 12:45:00,17.991434089999995,18.588657,277.0947303479362,217.14979499701482,-259.1032962579362,-198.56113761786443
2020-11-01 13:00:00,9.235290757999998,17.915281,187.92323894437706,220.7445264940469,-178.68794818637707,-202.82924519827054
2020-11-01 13:15:00,9.235290757999998,10.683872,157.18431565268423,174.5659472084401,-147.94902489468424,-163.8820749855397
2020-11-01 13:30:00,9.235290757999998,10.573281,183.3660570490755,159.920577237773,-174.1307662910755,-149.34729594962602
2020-11-01 13:45:00,9.235290757999998,10.488295,130.84268809647756,174.33618162509134,-121.60739733847757,-163.8478870236509
2020-11-01 14:00:00,10.106176930999998,10.441666,35.09837930552313,120.98511865252328,-24.99220237452313,-110.54345300310922
2020-11-01 14:15:00,21.106176931,23.767155,22.06623211152125,63.50125005218817,-0.9600551805212483,-39.73409535858465
2020-11-01 14:30:00,36.106176931,34.53786,17.888042843260955,50.204673041855024,18.218134087739045,-15.666812171493696
2020-11-01 14:45:00,61.106176931,52.248024,22.533334078498438,37.508452689448355,38.572842852501566,14.739571297368052
2020-11-01 15:00:00,34.244003838,38.245922,35.60774102605024,23.766668927465396,-1.3637371880502442,14.47925316115765
2020-11-01 15:15:00,28.244003837999998,30.341282,32.22996866218862,26.149971282556212,-3.9859648241886205,4.191310608312929
2020-11-01 15:30:00,18.244003837999998,22.36379,21.313821344111002,17.87904260484507,-3.0698175061110042,4.484747907239893
2020-11-01 15:45:00,8.244003837999998,11.286961,6.349811906600399,9.369146886787922,1.8941919313995985,1.9178137150187187
2020-11-01 16:00:00,21.194569877,22.355303,4.058541882579155,3.464230781031148,17.136027994420843,18.891072029637797
2020-11-01 16:15:00,32.194569877,35.31979,2.074800644973723,2.405088574836098,30.119769232026275,32.91470131163851
2020-11-01 16:30:00,32.194569877,35.44887,0.0,1.4836731387476396,32.194569877,33.96519847380119
2020-11-01 16:45:00,23.194569877,26.91655,0.0,0.7000676824286448,23.194569877,26.21648200018854
2020-11-01 17:00:00,31.275942047999997,25.955404,0.0,-0.6417410069910626,31.275942047999997,26.597145288607273
2020-11-01 17:15:00,31.275942047999997,32.995335,0.0,-0.9425193429144542,31.275942047999997,33.93785396815859
2020-11-01 17:30:00,39.275942048,41.123646,0.0,-0.9435173216092291,39.275942048,42.06716310407993
2020-11-01 17:45:00,50.275942048,46.255417,0.0,-0.9004939535776258,50.275942048,47.15591082369481
2020-11-01 18:00:00,49.60366329599999,47.67638,0.0,-0.9565138586977816,49.60366329599999,48.632894016168486
2020-11-01 18:15:00,60.60366329599999,60.817303,0.0,-0.9993199194615904,60.60366329599999,61.81662262331901
2020-11-01 18:30:00,63.203663296000016,60.96516,0.0,-0.9720662494647555,63.203663296000016,61.9372266193378
2020-11-01 18:45:00,54.80366329599998,53.00404,0.0,-0.9905635918095658,54.80366329599998,53.994603356213865
2020-11-01 19:00:00,59.991985848999995,67.7227,0.0,-0.880845484046387,59.991985848999995,68.60354751041358
2020-11-01 19:15:00,54.991985848999995,54.52228,0.0,-0.8180984554808141,54.991985848999995,55.34038010220933
2020-11-01 19:30:00,49.991985848999995,53.149384,0.0,-0.8321506202497978,49.991985848999995,53.981534165171674
2020-11-01 19:45:00,39.991985848999995,40.653233,0.0,-0.6965772389873851,39.991985848999995,41.34980981345028
2020-11-01 20:00:00,30.726257997999994,30.819246,0.0,-0.5156366116785175,30.726257997999994,31.334882903792774
2020-11-01 20:15:00,63.726257997999994,57.70577,0.0,-0.5577720162991283,63.726257997999994,58.263540601504204
2020-11-01 20:30:00,63.726257997999994,59.504063,0.0,-0.561489804565997,63.726257997999994,60.065552457153885
2020-11-01 20:45:00,63.726257997999994,59.864273,0.0,-0.5663814236109995,63.726257997999994,60.43065449490006
2020-11-01 21:00:00,57.528212800999995,57.254642,0.0,-0.5415037517157489,57.528212800999995,57.79614623828802
2020-11-01 21:15:00,30.528212800999995,33.25066,0.0,-0.4001131052698873,30.528212800999995,33.65077304789684
2020-11-01 21:30:00,28.528212800999995,31.194923,0.0,-0.4081443246488511,28.528212800999995,31.603067725527758
2020-11-01 21:45:00,13.528212800999997,14.969661,0.0,-0.33989355013085565,13.528212800999997,15.309554309103024
2020-11-01 22:00:00,14.416567830999997,13.379539,0.0,-0.3603089225253636,14.416567830999997,13.739847458597142
2020-11-01 22:15:00,14.416567830999997,14.233649,0.0,-0.42762664161900255,14.416567830999997,14.661275895464218
2020-11-01 22:30:00,14.416567830999997,14.233649,0.0,-0.41759142762354273,14.416567830999997,14.651240681468758
2020-11-01 22:45:00,14.416567830999997,14.344878,0.0,-0.4361820327377198,14.416567830999997,14.78106022945403
2020-11-01 23:00:00,6.9343832160000005,12.269084,0.0,-0.5050099732451844,6.9343832160000005,12.77409394999079
2020-11-01 23:15:00,6.9343832160000005,7.5189676,0.0,-0.4951481623136075,6.9343832160000005,8.014115790792612
2020-11-01 23:30:00,17.934383216,19.810802,0.0,-0.5197522306429906,17.934383216,20.330554690359786
2020-11-01 23:45:00,17.934383216,20.210247,0.0,-0.4983027310522551,17.934383216,20.708549770847178
2020-11-02 00:00:00,17.221970268000003,16.578125,0.0,-0.2740927834123382,17.221970268000003,16.85221778341234
2020-11-02 00:15:00,6.421970267999991,8.75414,0.0,-0.209714839243886,6.421970267999991,8.963854739451406
2020-11-02 00:30:00,6.221970268000002,6.942603,0.0,-0.19867293149872822,6.221970268000002,7.141276042765818
2020-11-02 00:45:00,6.221970268000002,6.641648,0.0,-0.14977243614243207,6.221970268000002,6.791420251846778
2020-11-02 01:00:00,7.321168038000003,5.5522685,0.0,0.3499196184979664,7.321168038000003,5.202348886598469
2020-11-02 01:15:00,7.321168038000003,7.1967764,0.0,-0.1573235044653699,7.321168038000003,7.354099894541053
2020-11-02 01:30:00,7.321168038000003,7.1967764,0.0,-0.20767365413084982,7.321168038000003,7.404450044206533
2020-11-02 01:45:00,7.321168038000003,7.213315,0.0,-0.22755468061610273,7.321168038000003,7.440869690686903
2020-11-02 02:00:00,5.472640101999998,7.165339,0.0,0.7085709294000758,5.472640101999998,6.456768063672434
2020-11-02 02:15:00,5.472640101999998,5.755934,0.0,0.5883073859199265,5.472640101999998,5.167626375676753
2020-11-02 02:30:00,5.472640101999998,5.755934,0.0,0.568995229248597,5.472640101999998,5.1869385323480826
2020-11-02 02:45:00,5.472640101999998,5.755934,0.0,0.5478614429392462,5.472640101999998,5.208072318657433
2020-11-02 03:00:00,5.750023757000001,5.9202123,0.0,0.9714997979328953,5.750023757000001,4.94871247089645
2020-11-02 03:15:00,5.750023757000001,5.8885717,0.0,0.95645706037853,5.750023757000001,4.932114678818247
2020-11-02 03:30:00,5.750023757000001,5.8885717,0.0,0.9324101151453633,5.750023757000001,4.956161624051414
2020-11-02 03:45:00,5.750023757000001,5.873118,0.0,0.91248639246725,5.750023757000001,4.960631531269322
2020-11-02 04:00:00,7.242933159000001,6.4346814,0.0,1.4228289199436341,7.242933159000001,5.011852495614227
2020-11-02 04:15:00,7.242933159000001,7.7700005,0.0,1.468379150615263,7.242933159000001,6.301621307148409
2020-11-02 04:30:00,7.242933159000001,7.7821565,0.0,1.4799386558341778,7.242933159000001,6.302217811603566
2020-11-02 04:45:00,7.242933159000001,7.7821565,0.0,1.495555958460101,7.242933159000001,6.286600508977643
2020-11-02 05:00:00,7.226063828999998,7.47238,0.0,2.991588976472176,7.226063828999998,4.480791184813224
2020-11-02 05:15:00,7.226063828999998,7.47238,0.0,3.0208419291735105,7.226063828999998,4.45153823211189
2020-11-02 05:30:00,18.226063828999997,18.308466,0.0,4.132195349873191,18.226063828999997,14.17627060776841
2020-11-02 05:45:00,18.226063828999997,18.421398,0.0,5.639552152727096,18.226063828999997,12.781846010114702
2020-11-02 06:00:00,17.739581409,19.875893,0.0,9.425319515868235,17.739581409,10.450573123291921
2020-11-02 06:15:00,9.739581409,10.891204,0.0,8.116616480786515,9.739581409,2.7745873995235435
2020-11-02 06:30:00,6.739581409,6.944606,0.0,10.744791262976156,6.739581409,-3.8001854356446128
2020-11-02 06:45:00,6.739581409,7.3447423,1.9974116193908726,10.401035645931756,4.742169789609128,-3.0562933478055356
2020-11-02 07:00:00,12.627940986,12.236136,8.851383256853763,14.348477804364872,3.776557729146237,-2.11234136790247
2020-11-02 07:15:00,12.627940986,13.704131,33.04713642471899,16.7815820260558,-20.419195438718994,-3.0774508996519927
2020-11-02 07:30:00,12.627940986,13.640581,45.66316590979804,36.70007161630578,-33.03522492379804,-23.059490485324332
2020-11-02 07:45:00,12.627940986,13.640581,139.9500001126103,51.70650034706065,-127.3220591266103,-38.0659192160792
2020-11-02 08:00:00,18.163100396999994,16.655163,91.83784143429453,131.1962364666319,-73.67474103729454,-114.54107365535259
2020-11-02 08:15:00,18.163100396999994,18.76394,163.81559322065422,96.62064903634129,-145.65249282365423,-77.85670822518406
2020-11-02 08:30:00,18.163100396999994,18.76394,181.46040084442114,164.65477123778413,-163.29730044742115,-145.8908304266269
2020-11-02 08:45:00,29.163100396999994,30.009123,97.08122727889076,187.90471547400062,-67.91812688189077,-157.89559262548988
2020-11-02 09:00:00,40.547882246,30.309021,138.7117643617292,107.13887637309085,-98.1638821157292,-76.8298553769971
2020-11-02 09:15:00,39.547882246,37.566307,262.1512890245194,155.1927934371931,-222.60340677851937,-117.62648636932201
2020-11-02 09:30:00,29.547882246000004,28.647427,300.9431630984622,259.1643072445052,-271.3952808524622,-230.5168806392806
2020-11-02 09:45:00,40.547882246,37.24891,319.07906761303775,286.72359674796974,-278.5311853670378,-249.4746877513877
2020-11-02 10:00:00,32.88706048499999,37.648968,366.95662432507663,292.8890172858117,-334.0695638400766,-255.24004954289177
2020-11-02 10:15:00,32.88706048499999,32.25088,231.024454517833,331.03796043914326,-198.13739403283301,-298.7870792440749
2020-11-02 10:30:00,43.88706048499999,41.540607,274.63631844370593,260.76893364192495,-230.74925795870593,-219.22832618953237
2020-11-02 10:45:00,43.88706048499999,43.456676,363.05039351673076,298.5752503297954,-319.16333303173076,-255.11857384664108
2020-11-02 11:00:00,41.331698935000006,43.163605,311.28492737682524,332.77176203042814,-269.9532284418252,-289.6081572941
2020-11-02 11:15:00,41.331698935000006,40.969578,177.51158514924018,300.29180822118553,-136.17988621424018,-259.3222304318789
2020-11-02 11:30:00,39.331698935000006,38.78342,224.72659210920435,225.04185400443748,-185.39489317420436,-186.25843344169334
2020-11-02 11:45:00,30.331698935000002,31.216318,397.7312276652599,266.84641651823165,-367.3995287302599,-235.63009838773849
2020-11-02 12:00:00,40.84226607800001,40.740307,370.50607661071115,339.7120568921582,-329.6638105327111,-298.97175003791017
2020-11-02 12:15:00,50.64226607800002,46.581017,313.0028605947079,316.9588508156424,-262.36059451670786,-270.37783427511505
2020-11-02 12:30:00,51.84226607800001,48.842113,294.54615523529645,290.79419388011627,-242.70388915729643,-241.95208038524322
2020-11-02 12:45:00,48.042266078,48.477203,298.3523456604428,291.3023635317983,-250.31007958244277,-242.82516016265765
2020-11-02 13:00:00,33.092030518,37.851288,254.2328744050197,264.66083898130796,-221.14084388701968,-226.8095511395111
2020-11-02 13:15:00,30.092030518,31.45646,130.30932636302646,236.57875543199648,-100.21729584502646,-205.1222944792377
2020-11-02 13:30:00,26.092030518,27.439123,72.56683943636864,159.9741928461461,-46.47480891836864,-132.5350696924596
2020-11-02 13:45:00,15.092030518000003,14.327758,29.902801275586377,113.49995250174857,-14.810770757586374,-99.17219466636038
2020-11-02 14:00:00,18.150368086000004,14.648493,46.1567274975768,72.92536461865305,-28.0063594115768,-58.2768718055427
2020-11-02 14:15:00,18.150368086000004,16.588724,27.997294438643433,75.06799391845173,-9.846926352643429,-58.479269782099195
2020-11-02 14:30:00,46.150368086,44.71079,52.73607736288619,58.75503810819133,-6.585709276886192,-14.044249381384688
2020-11-02 14:45:00,40.150368086,39.383846,41.7903357917614,64.943005922068,-1.6399677057614,-25.559159639109012
2020-11-02 15:00:00,26.827175673000003,31.333057,19.389993554249845,44.48286551380683,7.437182118750158,-13.149808110242375
2020-11-02 15:15:00,35.827175673,38.718445,16.626895325133574,28.84430671236116,19.200280347866425,9.87413811185759
2020-11-02 15:30:00,26.827175673000003,27.89411,9.524378748886933,21.46745915476093,17.302796924113068,6.426650571191217
2020-11-02 15:45:00,26.827175673000003,26.11901,4.503068371371896,14.76341909459283,22.324107301628107,11.355591830700138
2020-11-02 16:00:00,24.447025432000007,25.75954,0.504039150130341,6.420959887806276,23.942986281869665,19.33858067005505
2020-11-02 16:15:00,27.447025432000007,27.857677,0.0,3.562404462355514,27.447025432000007,24.295272997361284
2020-11-02 16:30:00,49.447025432000004,52.884968,0.0,2.5502725529790373,49.447025432000004,50.33469525097604
2020-11-02 16:45:00,92.447025432,84.03975,0.0,2.5559678741091156,92.447025432,81.4837812713987
2020-11-02 17:00:00,84.008532455,83.2215,0.0,0.028411076341424812,84.008532455,83.19308550568982
2020-11-02 17:15:00,74.008532455,73.36342,0.0,-0.3922120690180285,74.008532455,73.75563064811959
2020-11-02 17:30:00,44.008532454999994,44.964024,0.0,-0.9034268350649103,44.008532454999994,45.8674504251528
2020-11-02 17:45:00,40.008532454999994,38.548386,0.0,-0.9374984217203394,40.008532454999994,39.48588404183753
2020-11-02 18:00:00,49.61933114200001,43.719864,0.0,-0.8556566760627159,49.61933114200001,44.57552056766428
2020-11-02 18:15:00,47.61933114200001,44.41061,0.0,-0.8670559819999372,47.61933114200001,45.27766618097455
2020-11-02 18:30:00,64.01933114199998,55.588814,0.0,-0.9667365421319466,64.01933114199998,56.55555032387023
2020-11-02 18:45:00,63.61933114200001,56.354355,0.0,-0.9545370990654077,63.61933114200001,57.30889195746384
2020-11-02 19:00:00,50.510515771,50.043407,0.0,-0.7499649592732861,50.510515771,50.79337239945883
2020-11-02 19:15:00,40.510515771,39.281483,0.0,-0.6813048011020167,40.510515771,39.96278749763522
2020-11-02 19:30:00,22.510515770999998,23.862875,0.0,-0.6982469565261421,22.510515770999998,24.561121941267352
2020-11-02 19:45:00,17.510515770999998,17.805532,0.0,-0.6510287529259912,17.510515770999998,18.456561208370328
2020-11-02 20:00:00,18.189344680999998,17.299112,0.0,-0.5222810481381127,18.189344680999998,17.8213933680844
2020-11-02 20:15:00,18.189344680999998,18.68473,0.0,-0.5824278855668538,18.189344680999998,19.26715841535201
2020-11-02 20:30:00,18.189344680999998,19.221832,0.0,-0.556219275172711,18.189344680999998,19.778051550563337
2020-11-02 20:45:00,29.189344680999998,28.427044,0.0,-0.5291300358779473,29.189344680999998,28.95617395067287
2020-11-02 21:00:00,23.426033721000003,27.981087,0.0,-0.4055132613963589,23.426033721000003,28.38659999235339
2020-11-02 21:15:00,23.426033721000003,23.568508,0.0,-0.29325400670486446,23.426033721000003,23.861762154898223
2020-11-02 21:30:00,23.426033721000003,23.576765,0.0,-0.26545272525744246,23.426033721000003,23.842217785682248
2020-11-02 21:45:00,34.426033721,30.927975,0.0,-0.24701785764620532,34.426033721,31.17499255857394
2020-11-02 22:00:00,36.09770076899999,33.049625,0.0,-0.2682175281263365,36.09770076899999,33.31784292485485
2020-11-02 22:15:00,36.09770076899999,33.166084,0.0,-0.2572322298100779,36.09770076899999,33.42331651936086
2020-11-02 22:30:00,21.897700769000004,23.173563,0.0,-0.05815425111811934,21.897700769000004,23.231717254658157
2020-11-02 22:45:00,14.097700768999994,12.662377,0.0,0.08764117513271408,14.097700768999994,12.574736182350197
2020-11-02 23:00:00,13.207033117000005,11.36084,0.0,0.005200790746003103,13.207033117000005,11.355639053003998
2020-11-02 23:15:00,13.207033117000005,11.768049,0.0,0.03465769313831302,13.207033117000005,11.733391546973992
2020-11-02 23:30:00,13.207033117000005,11.83377,0.0,-0.037441699554210506,13.207033117000005,11.87121149783302
2020-11-02 23:45:00,13.207033117000005,11.83377,0.0,-0.05726761598708585,13.207033117000005,11.891037414265895
2020-11-03 00:00:00,8.360713204999998,9.046687,0.0,-0.3833104837050342,8.360713204999998,9.429997609864703
2020-11-03 00:15:00,8.360713204999998,8.025372,0.0,-0.29820985208578243,8.360713204999998,8.323581403599455
2020-11-03 00:30:00,19.360713204999996,17.957996,0.0,-0.2841210933687207,19.360713204999996,18.242117461776925
2020-11-03 00:45:00,19.360713204999996,18.02922,0.0,-0.2660163880253964,19.360713204999996,18.295236969080083
2020-11-03 01:00:00,17.363061178,16.909117,0.0,0.09779777423018998,17.363061178,16.811318970764926
2020-11-03 01:15:00,17.363061178,16.37566,0.0,0.021387751961575385,17.363061178,16.354272190665377
2020-11-03 01:30:00,17.363061178,16.325354,0.0,0.4411360509375041,17.363061178,15.88421757149902
2020-11-03 01:45:00,17.363061178,16.325354,0.0,0.3665380995166555,17.363061178,15.958815522919869
2020-11-03 02:00:00,19.040303676999997,16.195862,0.0,1.569061608300724,19.040303676999997,14.626800208105525
2020-11-03 02:15:00,19.040303676999997,17.815119,0.0,1.5311952850673274,19.040303676999997,16.283923504605525
2020-11-03 02:30:00,12.040303676999997,10.962277,0.0,1.4265549462683085,12.040303676999997,9.535722466146243
2020-11-03 02:45:00,8.040303676999997,8.442196,0.0,1.156314632973511,8.040303676999997,7.285881259360473
2020-11-03 03:00:00,7.618264599,7.8033013,0.0,2.3623493126606245,7.618264599,5.440952021720479
2020-11-03 03:15:00,7.618264599,7.771661,0.0,2.292615710524707,7.618264599,5.479045094223828
2020-11-03 03:30:00,7.618264599,7.8219686,0.0,1.3765276341839456,7.618264599,6.445440921266494
2020-11-03 03:45:00,7.618264599,7.8219686,0.0,0.9421415611598193,7.618264599,6.87982699429062
2020-11-03 04:00:00,7.049980314000001,8.40838,0.0,1.6743704377507838,7.049980314000001,6.734009116997751
2020-11-03 04:15:00,7.049980314000001,7.2525477,0.0,1.6412612552642862,7.049980314000001,5.611286485671993
2020-11-03 04:30:00,7.049980314000001,7.2525477,0.0,1.6133657409059072,7.049980314000001,5.639182000030372
2020-11-03 04:45:00,7.049980314000001,7.2525477,0.0,1.5914638217434023,7.049980314000001,5.661083919192877
2020-11-03 05:00:00,5.522907550000001,7.2525477,0.0,3.9248585923463435,5.522907550000001,3.327689148589936
2020-11-03 05:15:00,5.522907550000001,6.406784,0.0,3.809836233975433,5.522907550000001,2.5969478236417545
2020-11-03 05:30:00,5.522907550000001,6.406784,0.0,4.300572881418115,5.522907550000001,2.1062111761990723
2020-11-03 05:45:00,5.522907550000001,6.406784,0.0,4.322361810264306,5.522907550000001,2.0844222473528813
2020-11-03 06:00:00,6.002294982999996,7.063916,0.0,8.278670569898988,6.002294982999996,-1.2147543635391251
2020-11-03 06:15:00,6.002294982999996,7.117218,0.0,8.066792609266582,6.002294982999996,-0.9495745916884566
2020-11-03 06:30:00,6.002294982999996,7.117218,0.4902123132812545,8.158441280014973,5.512082669718741,-1.0412232624368478
2020-11-03 06:45:00,6.002294982999996,7.0841546,5.725458586838429,8.620880951286122,0.27683639616156697,-1.536726345420643
2020-11-03 07:00:00,11.253169366000002,11.117836,13.467675945867917,15.804686501241086,-2.2145065798679155,-4.68685050270593
2020-11-03 07:15:00,11.253169366000002,12.373177,25.080274573403532,22.095244852756014,-13.82710520740353,-9.722068278048983
2020-11-03 07:30:00,11.253169366000002,12.301086,28.540849660385103,32.32647951839223,-17.2876802943851,-20.025393092610983
2020-11-03 07:45:00,11.253169366000002,12.375207,42.59612576481035,34.49644009065713,-31.34295639881035,-22.12123314333047
2020-11-03 08:00:00,20.116736203000002,14.614242,70.24052600082459,48.501634549347685,-50.123789797824585,-33.887392949311064
2020-11-03 08:15:00,20.116736203000002,20.325953,104.5580957068466,74.55888571061814,-84.4413595038466,-54.232933180710916
2020-11-03 08:30:00,20.116736203000002,20.343496,156.91542704227373,110.1479822059932,-136.79869083927372,-89.80448588336137
2020-11-03 08:45:00,20.116736203000002,20.343496,205.8065252211555,164.51011070294282,-185.68978901815552,-144.166614380311
2020-11-03 09:00:00,38.804691295,28.840874,251.83978576177503,204.7468208429754,-213.03509446677504,-175.9059471247137
2020-11-03 09:15:00,49.804691295,43.380463,279.11443527812196,245.89964648882943,-229.30974398312196,-202.51918384234506
2020-11-03 09:30:00,60.804691295,52.422066,170.6760941171142,269.4150927048172,-109.87140282211419,-216.99302696995392
2020-11-03 09:45:00,43.804691295,42.298588,176.80505095780862,191.92555239686425,-133.00035966280862,-149.62696459779198
2020-11-03 10:00:00,40.132307972999996,36.756077,154.66250597163315,189.70519976589102,-114.53019799863316,-152.94912295314688
2020-11-03 10:15:00,34.132307972999996,32.331364,150.99723266500618,185.30370391378486,-116.86492469200618,-152.97234023580634
2020-11-03 10:30:00,29.132307972999996,27.698687,191.07811771193246,190.47405040729353,-161.94580973893247,-162.7753638075621
2020-11-03 10:45:00,40.132307972999996,36.997166,198.9953513927832,218.77650161301443,-158.8630434197832,-181.7793359330828
2020-11-03 11:00:00,32.081612301999996,36.212784,190.68603667466888,206.05516903721494,-158.6044243726689,-169.84238522373838
2020-11-03 11:15:00,32.081612301999996,30.71031,190.2037833276397,201.62537614081265,-158.12217102563972,-170.91506615851284
2020-11-03 11:30:00,32.081612301999996,30.884085,166.48050876269753,203.05745493821382,-134.39889646069753,-172.17337023667574
2020-11-03 11:45:00,25.081612301999993,22.822317,175.86149987543953,185.47325830517826,-150.77988757343954,-162.65094118176518
2020-11-03 12:00:00,19.468408816999997,20.7401,174.01240392215163,184.30259418034197,-154.54399510515162,-163.56249331974627
2020-11-03 12:15:00,19.468408816999997,18.526207,311.82571837852777,189.2582081775111,-292.35730956152776,-170.73200120729626
2020-11-03 12:30:00,19.468408816999997,18.582249,257.74405816945796,271.8251225661485,-238.27564935245795,-253.24287387840434
2020-11-03 12:45:00,19.468408816999997,18.857607,349.4341017883296,244.0569012087702,-329.9656929713296,-225.19929432095282
2020-11-03 13:00:00,10.949373379999999,17.712559,204.1879036027976,267.2009041749475,-193.2385302227976,-249.4883454286096
2020-11-03 13:15:00,10.949373379999999,11.190585,167.5463017075427,193.5909846740124,-156.5969283275427,-182.40039953759882
2020-11-03 13:30:00,10.949373379999999,11.190585,151.0930285646124,167.74930343644468,-140.1436551846124,-156.5587183000311
2020-11-03 13:45:00,10.949373379999999,11.20816,238.30116997640613,158.77148435448282,-227.35179659640613,-147.5633239540922
2020-11-03 14:00:00,22.394211972999997,22.134659,205.60432755780602,188.88813238721,-183.21011558480603,-166.75347357373343
2020-11-03 14:15:00,22.394211972999997,20.853434,203.5561470917997,165.37248991076945,-181.1619351187997,-144.51905630176066
2020-11-03 14:30:00,22.394211972999997,21.113802,170.91841561788004,159.35665276482908,-148.52420364488006,-138.24285080865232
2020-11-03 14:45:00,14.394211972999999,13.3479395,122.33701259120774,139.47739932830933,-107.94280061820774,-126.12945983703736
2020-11-03 15:00:00,13.363462770000002,13.472237,53.47214954577774,94.24447608157215,-40.10868677577774,-80.77223944827136
2020-11-03 15:15:00,13.363462770000002,13.7144575,49.214382023114595,54.77692912800612,-35.8509192531146,-41.06247161610426
2020-11-03 15:30:00,13.363462770000002,13.629369,40.24524552749719,47.58824828554933,-26.881782757497188,-33.95887950350587
2020-11-03 15:45:00,13.363462770000002,13.724343,14.919166717624684,37.11891385021019,-1.5557039476246821,-23.39457055034447
2020-11-03 16:00:00,18.059084547,14.385671,8.528904714778529,13.69817959016971,9.530179832221473,0.6874910717565594
2020-11-03 16:15:00,18.059084547,18.580046,1.8053523206475837,7.523216395973918,16.25373222635242,11.056829304099324
2020-11-03 16:30:00,29.059084547,27.909775,0.0,4.464567428309815,29.059084547,23.445207351963624
2020-11-03 16:45:00,29.059084547,31.020115,0.0,2.6539792556965702,29.059084547,28.36613564298507
2020-11-03 17:00:00,35.249757953,32.62524,0.0,0.4535630247033965,35.249757953,32.171677301224335
2020-11-03 17:15:00,37.249757953,34.907097,0.0,0.045978965859924226,37.249757953,34.861117896933045
2020-11-03 17:30:00,24.249757952999996,23.668333,0.0,-0.4689309501314113,24.249757952999996,24.13726400372028
2020-11-03 17:45:00,46.249757953,44.670116,0.0,-0.4563487954071671,46.249757953,45.12646521996771
2020-11-03 18:00:00,47.079772371999994,50.50612,0.0,-0.7896142751671277,47.079772371999994,51.29573304958119
2020-11-03 18:15:00,47.079772371999994,49.07939,0.0,-0.8215924593830614,47.079772371999994,49.90098393887525
2020-11-03 18:30:00,43.079772371999994,47.331257,0.0,-0.9435088858199993,43.079772371999994,48.27476575227508
2020-11-03 18:45:00,36.079772371999994,38.507553,0.0,-0.8012836719251722,36.079772371999994,39.30883677251111
2020-11-03 19:00:00,37.235498222000004,35.157146,0.0,-0.5637274701546718,37.235498222000004,35.720873924012096
2020-11-03 19:15:00,37.235498222000004,35.721325,0.0,-0.5081784960684167,37.235498222000004,36.229503416722714
2020-11-03 19:30:00,52.235498222000004,50.653797,0.0,-0.4685737059943743,52.235498222000004,51.122370855652576
2020-11-03 19:45:00,35.235498222000004,37.27064,0.0,-0.37255018646736027,35.235498222000004,37.643191513371654
2020-11-03 20:00:00,22.683259272000008,25.639606,0.0,-0.30800183759209177,22.683259272000008,25.94760831342217
2020-11-03 20:15:00,52.68325927200001,50.74394,0.0,-0.3713847223069592,52.68325927200001,51.11532316835188
2020-11-03 20:30:00,55.68325927200001,56.477665,0.0,-0.3513706829223394,55.68325927200001,56.8290356304321
2020-11-03 20:45:00,66.68325927200002,66.91431,0.0,-0.42880001366419507,66.68325927200002,67.3431066542892
2020-11-03 21:00:00,58.717645978,58.44202,0.0,-0.32690444692863807,58.717645978,58.7689248631884
2020-11-03 21:15:00,64.71764597800001,64.82372,0.0,-0.30786821716364543,64.71764597800001,65.13159105651911
2020-11-03 21:30:00,54.717645978,54.70839,0.0,-0.25955027635297434,54.717645978,54.96793955857954
2020-11-03 21:45:00,38.717645978,42.00533,0.0,-0.13128212788762383,38.717645978,42.1366112599677
2020-11-03 22:00:00,22.603559560999997,25.468435,0.0,-0.11287591630705862,22.603559560999997,25.581311203782644
2020-11-03 22:15:00,17.603559560999997,16.014454,0.0,-0.07229034981492533,17.603559560999997,16.086744237754377
2020-11-03 22:30:00,39.603559561,41.780033,0.0,-0.2104613425566405,39.603559561,41.99049445412891
2020-11-03 22:45:00,48.603559561,49.96961,0.0,-0.27123439485084255,48.603559561,50.24084270173561
2020-11-03 23:00:00,34.99361786,40.892487,0.0,-0.3890273675190904,34.99361786,41.281513939784716
2020-11-03 23:15:00,34.99361786,36.738228,0.0,-0.40472649385621573,34.99361786,37.1429543380945
2020-11-03 23:30:00,34.99361786,36.76792,0.0,-0.34891181047734954,34.99361786,37.11683325823125
2020-11-03 23:45:00,40.99361786,44.137306,0.0,-0.3455787511304137,40.99361786,44.48288496450932
2020-11-04 00:00:00,25.449488404,27.538542,0.0,0.08296457450830352,25.449488404,27.45557721931494
2020-11-04 00:15:00,19.449488404,18.935656,0.0,-0.1848187388669703,19.449488404,19.12047433273904
2020-11-04 00:30:00,15.449488404000002,17.17076,0.0,-0.2846915044660402,15.449488404000002,17.455450705515844
2020-11-04 00:45:00,8.449488404000002,9.028068,0.0,-0.31024783023666835,8.449488404000002,9.338315419042821
2020-11-04 01:00:00,8.221615097,6.6814747,0.0,0.5577083990018473,8.221615097,6.123766286667098
2020-11-04 01:15:00,8.221615097,7.592464,0.0,0.1263735871986239,8.221615097,7.466090382985702
2020-11-04 01:30:00,8.221615097,7.6593103,0.0,-0.11510949091433631,8.221615097,7.774419831795684
2020-11-04 01:45:00,8.221615097,7.6593103,0.0,-0.32684946259408953,8.221615097,7.986159803475437
2020-11-04 02:00:00,8.404868647999997,7.921685,0.0,0.6721125397034332,8.404868647999997,7.249572679107602
2020-11-04 02:15:00,8.404868647999997,7.9903626,0.0,0.6768071781353936,8.404868647999997,7.313555466060163
2020-11-04 02:30:00,8.404868647999997,7.9903626,0.0,0.5883269495867162,8.404868647999997,7.40203569460884
2020-11-04 02:45:00,8.404868647999997,7.9903626,0.0,0.5106027908641096,8.404868647999997,7.479759853331447
2020-11-04 03:00:00,7.482042300000002,8.158932,0.0,1.0392346805383825,7.482042300000002,7.119697051639352
2020-11-04 03:15:00,7.482042300000002,7.366772,0.0,0.9835978965489759,7.482042300000002,6.383174278286229
2020-11-04 03:30:00,7.482042300000002,7.366772,0.0,0.9559003473186046,7.482042300000002,6.4108718275166
2020-11-04 03:45:00,7.482042300000002,7.366772,0.0,0.9336544398683192,7.482042300000002,6.433117734966886
2020-11-04 04:00:00,5.209614084000001,7.6569424,0.0,2.330671119188704,5.209614084000001,5.326271248365007
2020-11-04 04:15:00,5.209614084000001,5.7131796,0.0,2.2821026668687283,5.209614084000001,3.431076921449143
2020-11-04 04:30:00,5.209614084000001,5.666917,0.0,2.3041999354940668,5.209614084000001,3.362716911734937
2020-11-04 04:45:00,5.209614084000001,5.666917,0.0,2.2982810599525587,5.209614084000001,3.368635787276445
2020-11-04 05:00:00,5.4662062790000014,5.695118,0.0,5.817302649961627,5.4662062790000014,-0.12218469952217426
2020-11-04 05:15:00,16.466206279,17.469385,0.0,6.870377419058541,16.466206279,10.599007728036185
2020-11-04 05:30:00,15.466206279000001,16.803247,0.0,6.967577161448859,15.466206279000001,9.835670290333368
2020-11-04 05:45:00,5.4662062790000014,7.39554,0.0,5.863544123561369,5.4662062790000014,1.5319961138653886
2020-11-04 06:00:00,10.789192647,7.0736,0.0,12.577197521767083,10.789192647,-5.5035977063984305
2020-11-04 06:15:00,10.789192647,10.615922,0.0,17.08003763135427,10.789192647,-6.46411565717214
2020-11-04 06:30:00,10.789192647,10.555857,1.004601050542305,16.492299401998306,9.784591596457695,-5.936442697286392
2020-11-04 06:45:00,10.789192647,10.561926,5.156249271952699,12.68332853936628,5.632943375047301,-2.1214026513047557
2020-11-04 07:00:00,21.32620382,14.424548,23.557666369699042,19.948389199937875,-2.2314625496990423,-5.523841050828988
2020-11-04 07:15:00,21.32620382,19.957556,39.1122123199934,35.504283849550795,-17.786008499993397,-15.546728078676772
2020-11-04 07:30:00,21.32620382,19.957556,53.32207084634397,50.192796524305535,-31.99586702634397,-30.235240753431512
2020-11-04 07:45:00,43.32620382,43.65675,90.73836834235297,69.9450777560672,-47.41216452235297,-26.28832803072541
2020-11-04 08:00:00,54.37976053,46.165695,143.9245189856694,102.25347710278608,-89.54475845566941,-56.08778191235639
2020-11-04 08:15:00,48.37976053,52.125927,165.82561164638764,151.97738479959332,-117.44585111638764,-99.85145782815778
2020-11-04 08:30:00,32.37976053,31.954863,186.40548810067568,175.4003672533683,-154.02572757067568,-143.4455046587638
2020-11-04 08:45:00,32.37976053,29.4904,254.21883299719073,212.36670698454458,-221.83907246719073,-182.87630667021352
2020-11-04 09:00:00,26.665582491,28.624975,187.1177678978694,259.0101075714042,-160.4521854068694,-230.38513236693643
2020-11-04 09:15:00,26.665582491,25.174248,134.02141777964533,215.93318787561836,-107.35583528864534,-190.75894013391914
2020-11-04 09:30:00,37.665582490999995,35.90517,112.33914063365971,171.9465384449498,-74.67355814265972,-136.04136800427597
2020-11-04 09:45:00,45.26558249100002,48.446922,112.68149589702959,152.65455402478074,-67.41591340602957,-104.20763172253464
2020-11-04 10:00:00,32.08051153599999,37.704765,104.14847816586024,132.84375735106207,-72.06796662986025,-95.13899203123785
2020-11-04 10:15:00,25.080511535999992,25.68884,79.39599916753393,128.72829833901096,-54.31548763153394,-103.0394574729221
2020-11-04 10:30:00,21.080511535999992,21.755692,55.525467117896596,111.65740839751373,-34.44495558189661,-89.90171686919342
2020-11-04 10:45:00,21.080511535999992,21.105883,48.46707465221981,98.41783773720572,-27.386563116219815,-77.3119550925524
2020-11-04 11:00:00,15.324697555,20.280493,40.36710384974456,76.6762813971,-25.04240629474456,-56.395788614507225
2020-11-04 11:15:00,15.324697555,16.326132,33.27463998477412,69.86216438151556,-17.94994242977412,-53.536032560836844
2020-11-04 11:30:00,15.324697555,16.326132,66.3251875646097,64.70679045338264,-51.000490009609706,-48.38065863270393
2020-11-04 11:45:00,15.324697555,16.370768,36.963865450156696,86.45014442781725,-21.639167895156696,-70.07937683443346
2020-11-04 12:00:00,29.983556274,25.637539,57.61575170882229,60.55128858723624,-27.632195434822286,-34.913749677324134
2020-11-04 12:15:00,29.983556274,29.457315,142.69729882353755,69.24693399406726,-112.71374254953756,-39.78961854912097
2020-11-04 12:30:00,18.983556274,19.362453,82.10107864574103,131.10029309366232,-63.117522371741025,-111.73783963296896
2020-11-04 12:45:00,18.983556274,18.837349,82.2491018613569,85.05814535726667,-63.265545587356904,-66.22079641927839
2020-11-04 13:00:00,18.868577884,17.140753,43.17780946891292,73.05000701489462,-24.30923158491292,-55.90925422253622
2020-11-04 13:15:00,18.868577884,16.865072,37.90822503516505,44.18413526224326,-19.039647151165052,-27.31906301187705
2020-11-04 13:30:00,18.868577884,17.238338,79.64462743687984,43.200753932721106,-60.77604955287984,-25.962415462262122
2020-11-04 13:45:00,18.868577884,16.966446,38.13018932695891,66.30780770133524,-19.261611442958912,-49.34136177848367
2020-11-04 14:00:00,11.225083238,16.997744,55.24650272123926,32.64592327848128,-44.02141948323926,-15.648179671913894
2020-11-04 14:15:00,11.225083238,10.968802,44.108283925234126,40.85802588930797,-32.88320068723412,-29.889223437220565
2020-11-04 14:30:00,11.225083238,10.996391,31.875479494864134,32.51643231505594,-20.650396256864134,-21.520041018669218
2020-11-04 14:45:00,22.225083238,21.777464,27.707161325106807,26.95684350052615,-5.482078087106807,-5.179379587562284
2020-11-04 15:00:00,23.110698967999998,21.730944,49.99914679468257,19.988342323446226,-26.88844782668257,1.7426013563633447
2020-11-04 15:15:00,34.110698967999994,37.97331,41.69386159082332,27.767897478316158,-7.583162622823323,10.205411084916264
2020-11-04 15:30:00,34.110698967999994,34.60488,23.556817761571963,20.41346059626086,10.55388120642803,14.191420690360232
2020-11-04 15:45:00,23.110698967999998,25.431171,8.525805833683878,9.489389038143175,14.58489313431612,15.941782379093153
2020-11-04 16:00:00,27.065297777999998,25.303898,4.40415814003586,3.27592783371926,22.661139637964137,22.027970023946757
2020-11-04 16:15:00,16.065297777999998,16.008053,0.0,1.153164117111662,16.065297777999998,14.854888708816073
2020-11-04 16:30:00,16.065297777999998,17.420818,0.0,0.3115730897268144,16.065297777999998,17.10924523913061
2020-11-04 16:45:00,16.065297777999998,17.458725,0.0,0.22754247092027036,16.065297777999998,17.231182504665668
2020-11-04 17:00:00,38.68691131000001,29.108986,0.0,-0.6718493188189899,38.68691131000001,29.780835219697895
2020-11-04 17:15:00,49.68691131000001,49.71277,0.0,-0.7064665613162254,49.68691131000001,50.419235116003726
2020-11-04 17:30:00,60.68691131000001,63.963406,0.0,-0.7334854170533386,60.68691131000001,64.6968910261842
2020-11-04 17:45:00,55.68691131000001,58.446865,0.0,-0.7914284480752328,55.68691131000001,59.23829352986234
2020-11-04 18:00:00,58.79012518599999,58.173706,0.0,-1.0466783178977481,58.79012518599999,59.22038437258525
2020-11-04 18:15:00,53.79012518599999,55.592545,0.0,-0.9054521216214823,53.79012518599999,56.49799667728554
2020-11-04 18:30:00,43.79012518599999,43.08779,0.0,-0.8481308896077088,43.79012518599999,43.9359223324788
2020-11-04 18:45:00,47.79012518599999,44.109406,0.0,-0.8394594350683323,47.79012518599999,44.94886495264646
2020-11-04 19:00:00,51.481875957,58.632214,0.0,-0.767123400899096,51.481875957,59.39933699342839
2020-11-04 19:15:00,62.481875957,65.65281,0.0,-0.8011513298096765,62.481875957,66.45396047287608
2020-11-04 19:30:00,73.481875957,75.58904,0.0,-0.9589396653171277,73.481875957,76.54798232889135
2020-11-04 19:45:00,73.481875957,78.731,0.0,-0.9076368271349341,73.481875957,79.63863963475212
2020-11-04 20:00:00,69.354160586,77.87626,0.0,-0.7371812910916581,69.354160586,78.61344014118932
2020-11-04 20:15:00,47.354160586,49.646763,0.0,-0.6559847693772812,47.354160586,50.302747617277674
2020-11-04 20:30:00,37.354160586,36.712185,0.0,-0.5674352446008434,37.354160586,37.2796201506067
2020-11-04 20:45:00,37.354160586,36.714565,0.0,-0.564201971453362,37.354160586,37.278767248552974
2020-11-04 21:00:00,26.178221418999996,28.4292,0.0,-0.464153685881029,26.178221418999996,28.89335290463103
2020-11-04 21:15:00,23.178221418999996,23.018644,0.0,-0.4869711518262917,23.178221418999996,23.505615484712035
2020-11-04 21:30:00,34.178221418999996,32.10031,0.0,-0.45720766386677625,34.178221418999996,32.55751894316365
2020-11-04 21:45:00,34.178221418999996,32.752,0.0,-0.3885370859201621,34.178221418999996,33.14053598728735
2020-11-04 22:00:00,31.545092811,32.269314,0.0,-0.3766067110344081,31.545092811,32.645920523290265
2020-11-04 22:15:00,31.545092811,30.934824,0.0,-0.35064122629384464,31.545092811,31.28546521616201
2020-11-04 22:30:00,26.545092811,28.1177,0.0,-0.30201690729516095,26.545092811,28.41971748407739
2020-11-04 22:45:00,20.545092811,20.573084,0.0,-0.3273524643508817,20.545092811,20.900436341914357
2020-11-04 23:00:00,27.815389255999996,26.796537,0.0,-0.4362935555647819,27.815389255999996,27.232830954856773
2020-11-04 23:15:00,27.815389255999996,26.91675,0.0,-0.3900398068670753,27.815389255999996,27.30678976109071
2020-11-04 23:30:00,27.815389255999996,26.779802,0.0,-0.3134798442362544,27.815389255999996,27.09328216662395
2020-11-04 23:45:00,19.815389255999996,19.306036,0.0,-0.2540200534012299,19.815389255999996,19.56005604888463
2020-11-05 00:00:00,11.254362831999998,11.465051,0.0,-0.39261485769687987,11.254362831999998,11.85766555502354
2020-11-05 00:15:00,11.254362831999998,10.872562,0.0,-0.2994341058019333,11.254362831999998,11.1719965142492
2020-11-05 00:30:00,22.254362831999998,21.247234,0.0,-0.2977167839654352,22.254362831999998,21.544951128447856
2020-11-05 00:45:00,30.254362831999998,31.352554,0.0,-0.18906495813317215,30.254362831999998,31.541619279422235
2020-11-05 01:00:00,17.110701094999996,20.430666,0.0,-0.36546174157084466,17.110701094999996,20.796127711419476
2020-11-05 01:15:00,9.110701094999998,10.047472,0.0,-0.41712429038469623,9.110701094999998,10.464596290506767
2020-11-05 01:30:00,9.110701094999998,8.235097,0.0,-0.4169766235150557,9.110701094999998,8.652073554972576
2020-11-05 01:45:00,9.110701094999998,8.189898,0.0,-0.35095874014780926,9.110701094999998,8.540856277379255
2020-11-05 02:00:00,9.038218482000001,8.670732,0.0,0.6671105290685401,9.038218482000001,8.00362101542609
2020-11-05 02:15:00,9.038218482000001,8.670732,0.0,0.25180436310114807,9.038218482000001,8.418927181393482
2020-11-05 02:30:00,9.038218482000001,8.670732,0.0,0.2095655489327023,9.038218482000001,8.461165995561927
2020-11-05 02:45:00,9.038218482000001,8.670732,0.0,0.1813857285099666,9.038218482000001,8.489345815984663
2020-11-05 03:00:00,9.078335773000003,8.70356,0.0,0.8731430560216688,9.078335773000003,7.830416819466612
2020-11-05 03:15:00,9.078335773000003,8.67192,0.0,0.8458801319065977,9.078335773000003,7.826039690786273
2020-11-05 03:30:00,9.078335773000003,8.67192,0.0,0.8192238236691772,9.078335773000003,7.852695999023694
2020-11-05 03:45:00,9.078335773000003,8.67192,0.0,0.8064740443651733,9.078335773000003,7.865445778327698
2020-11-05 04:00:00,7.512043522,9.090363,0.0,2.169686428997611,7.512043522,6.920676119830514
2020-11-05 04:15:00,7.512043522,7.9965973,0.0,2.1314006365258393,7.512043522,5.865196653513223
2020-11-05 04:30:00,7.512043522,7.9965973,0.0,2.1542725658357647,7.512043522,5.842324724203298
2020-11-05 04:45:00,7.512043522,7.981144,0.0,2.2601941271712898,7.512043522,5.720949824244726
2020-11-05 05:00:00,5.738121391000002,7.7579412,0.0,4.903466868478218,5.738121391000002,2.8544743775544967
2020-11-05 05:15:00,5.738121391000002,6.348536,0.0,5.5625766840951,5.738121391000002,0.7859593304617851
2020-11-05 05:30:00,5.738121391000002,6.348536,0.0,5.506651827462923,5.738121391000002,0.841884187093962
2020-11-05 05:45:00,5.738121391000002,6.348536,0.0,4.941345220745116,5.738121391000002,1.4071907938117691
2020-11-05 06:00:00,11.749999515999997,8.094264,0.0,10.73744572310957,11.749999515999997,-2.6431816926530267
2020-11-05 06:15:00,11.749999515999997,11.767918,0.0,10.45555080778069,11.749999515999997,1.3123668252759515
2020-11-05 06:30:00,11.749999515999997,11.767918,0.40821200986259254,10.287311058520906,11.341787506137404,1.4806065745357344
2020-11-05 06:45:00,11.749999515999997,11.767918,5.605733953962629,10.532668329107207,6.1442655620373685,1.235249303949434
2020-11-05 07:00:00,23.249543605999992,16.51603,16.939082205215687,19.623122220575596,6.310461400784305,-3.1070928626654393
2020-11-05 07:15:00,23.249543605999992,24.296923,36.157442376135,30.400327524875244,-12.90789877013501,-6.103404841159424
2020-11-05 07:30:00,23.249543605999992,24.306852,36.89958108105576,47.46245694809882,-13.650037475055765,-23.155604607400576
2020-11-05 07:45:00,23.249543605999992,24.459267,50.718325436621086,54.12627558203986,-27.468781830621094,-29.667008919442203
2020-11-05 08:00:00,37.31888142600001,29.230762,88.19615076240862,69.2209696029114,-50.87726933640861,-39.99020712122194
2020-11-05 08:15:00,37.31888142600001,36.332336,140.38320977197705,106.40862910274996,-103.06432834597703,-70.0762926769687
2020-11-05 08:30:00,59.31888142600001,55.698097,135.96438446219037,152.18793971334924,-76.64550303619035,-96.48984248434533
2020-11-05 08:45:00,59.31888142600001,60.228313,82.4809226191615,150.10807770523255,-23.162041193161492,-89.87976425918762
2020-11-05 09:00:00,50.975877407,58.822395,62.18760820036408,98.67392426760293,-11.211730793364083,-39.8515289428959
2020-11-05 09:15:00,51.975877407,55.123356,62.00589752621019,86.74561053322996,-10.030020119210192,-31.62225466775145
2020-11-05 09:30:00,39.975877407,37.994152,60.90235124305935,99.97717831259249,-20.92647383605935,-61.98302624350069
2020-11-05 09:45:00,34.975877407,34.781464,48.27697911779979,100.34995497637055,-13.301101710799792,-65.56849135332368
2020-11-05 10:00:00,21.045636645000002,26.856602,115.03840839743992,75.37550092704656,-93.99277175243992,-48.51889921195867
2020-11-05 10:15:00,21.045636645000002,21.156387,61.07637194178821,134.07350286118407,-40.03073529678821,-112.9171155320825
2020-11-05 10:30:00,21.045636645000002,21.098415,48.17359850016424,88.02842059471169,-27.127961855164237,-66.93000521995583
2020-11-05 10:45:00,21.045636645000002,21.148726,43.4797237488022,78.7003553715495,-22.4340871038022,-57.55162986190595
2020-11-05 11:00:00,20.693717132999996,19.99149,67.12671826390587,68.52181970666528,-46.43300113090588,-48.53033029626489
2020-11-05 11:15:00,42.69371713299999,43.634758,89.32153672941321,90.59118019367897,-46.62781959641322,-46.9564221980735
2020-11-05 11:30:00,42.69371713299999,41.656303,91.0644557188047,104.30244999454314,-48.3707385858047,-62.64614658878142
2020-11-05 11:45:00,28.693717132999996,29.5552,24.566600694363245,101.62236267724782,4.127116438636751,-72.0671621004656
2020-11-05 12:00:00,41.97627099900001,29.379436,104.9044255543053,46.13677213483476,-62.9281545553053,-16.757335641914835
2020-11-05 12:15:00,41.97627099900001,37.849487,94.43354094563996,100.06880739618734,-52.457269946639954,-62.21932009149984
2020-11-05 12:30:00,34.97627099900001,31.990126,45.498278194811824,88.90931571206303,-10.522007195811817,-56.919190055935104
2020-11-05 12:45:00,30.976270999000008,28.282768,59.55205613191883,54.17548160991619,-28.575785132918824,-25.89271336040447
2020-11-05 13:00:00,28.585977376,27.921515,95.45213678063782,57.745498964384055,-66.86615940463781,-29.823984453275656
2020-11-05 13:15:00,28.585977376,26.06783,56.94720130876384,79.81913467421279,-28.36122393276384,-53.75130554213271
2020-11-05 13:30:00,28.585977376,26.490189,96.92335110370345,57.182248611905834,-68.33737372770345,-30.69206001327302
2020-11-05 13:45:00,28.585977376,26.55089,44.82487360671561,81.94278680491325,-16.238896230715614,-55.391896836041184
2020-11-05 14:00:00,23.32233657200001,25.397099,30.89051920675709,43.12385881945784,-7.568182634757079,-17.72676027819807
2020-11-05 14:15:00,23.32233657200001,21.759686,38.32083589221122,32.22147775063512,-14.99849932021121,-10.461792234277695
2020-11-05 14:30:00,23.32233657200001,21.649094,47.124587589841646,37.733688878307404,-23.802251017841634,-16.084595250377717
2020-11-05 14:45:00,23.32233657200001,21.649094,32.75882569520229,38.77910445118209,-9.436489123202279,-17.130010823252405
2020-11-05 15:00:00,38.00703566700001,31.343962,10.692220045600818,23.579244301005055,27.31481562139919,7.764717414693187
2020-11-05 15:15:00,49.00703566700001,49.38312,11.685947892162442,11.539262286844213,37.321087774837565,37.8438592036343
2020-11-05 15:30:00,49.00703566700001,50.859344,16.31309260807466,8.627022029222577,32.693943058925356,42.2323224531993
2020-11-05 15:45:00,49.00703566700001,51.14967,12.048036075045784,8.375693195313913,36.958999591954225,42.77397645190288
2020-11-05 16:00:00,51.825518124,52.857376,5.137300446110384,2.5052471744244595,46.68821767788961,50.35212892420835
2020-11-05 16:15:00,62.825518124,63.019703,0.0,1.4996270899273805,62.825518124,61.52007582144957
2020-11-05 16:30:00,48.825518124,53.669003,0.0,0.23051020502366348,48.825518124,53.43849232793532
2020-11-05 16:45:00,39.825518124,39.50444,0.0,0.0037784977823215327,39.825518124,39.50066180983487
2020-11-05 17:00:00,45.304554814999996,39.15054,0.0,-0.785537546536415,45.304554814999996,39.93607694472978
2020-11-05 17:15:00,36.304554814999996,36.845512,0.0,-0.9263933270345862,36.304554814999996,37.77190571717131
2020-11-05 17:30:00,36.304554814999996,35.794544,0.0,-0.8896435136633133,36.304554814999996,36.68418773363402
2020-11-05 17:45:00,36.304554814999996,35.560726,0.0,-1.0033599511490126,36.304554814999996,36.5640861169205
2020-11-05 18:00:00,36.302670727000006,41.54653,0.0,-0.8993111517079174,36.302670727000006,42.445842828954014
2020-11-05 18:15:00,36.302670727000006,37.77886,0.0,-0.8811989105044048,36.302670727000006,38.660057095318855
2020-11-05 18:30:00,36.302670727000006,37.77886,0.0,-0.8407894949419098,36.302670727000006,38.61964767975636
2020-11-05 18:45:00,36.302670727000006,37.872597,0.0,-0.8346337638386682,36.302670727000006,38.70723050456132
2020-11-05 19:00:00,30.169454648999995,36.08548,0.0,-0.6357332819955853,30.169454648999995,36.72121301832371
2020-11-05 19:15:00,30.169454648999995,30.610222,0.0,-0.6333696847423972,30.169454648999995,31.243591547535367
2020-11-05 19:30:00,30.169454648999995,31.123318,0.0,-0.6155886505289693,30.169454648999995,31.73890636903483
2020-11-05 19:45:00,30.169454648999995,30.658155,0.0,-0.5711917044429217,30.169454648999995,31.2293471457271
2020-11-05 20:00:00,28.63687493400001,29.036503,0.0,-0.46635412476682625,28.63687493400001,29.502856962901593
2020-11-05 20:15:00,28.63687493400001,28.171484,0.0,-0.3490025599055261,28.63687493400001,28.5204865534358
2020-11-05 20:30:00,28.63687493400001,28.011158,0.0,-0.2762468280895344,28.63687493400001,28.287404817591487
2020-11-05 20:45:00,28.63687493400001,28.028702,0.0,-0.2008530887856682,28.63687493400001,28.22955487101223
2020-11-05 21:00:00,23.235542381000002,25.540356,0.0,0.023223803842854163,23.235542381000002,25.517131878530193
2020-11-05 21:15:00,23.235542381000002,23.369566,0.0,0.04613145162728116,23.235542381000002,23.323434512117835
2020-11-05 21:30:00,23.235542381000002,23.369566,0.0,0.04931648230015184,23.235542381000002,23.320249481444964
2020-11-05 21:45:00,23.235542381000002,23.369566,0.0,0.09563981874970195,23.235542381000002,23.273926144995414
2020-11-05 22:00:00,20.957168285,22.517866,0.0,0.07601399555638799,20.957168285,22.441852139087167
2020-11-05 22:15:00,20.957168285,21.235508,0.0,0.1213930168151699,20.957168285,21.11411494827272
2020-11-05 22:30:00,20.957168285,21.029642,0.0,0.1815436561814402,20.957168285,20.8480984489211
2020-11-05 22:45:00,20.957168285,21.045364,0.0,0.22460454720834278,20.957168285,20.82075983267447
2020-11-05 23:00:00,15.745737742999996,17.987862,0.0,0.10671552770003678,15.745737742999996,17.881146105600745
2020-11-05 23:15:00,15.745737742999996,16.046083,0.0,0.1151432636799069,15.745737742999996,15.930940186637477
2020-11-05 23:30:00,15.745737742999996,16.046083,0.0,0.13547419118317172,15.745737742999996,15.910609259134212
2020-11-05 23:45:00,15.745737742999996,16.046083,0.0,0.1771378812026424,15.745737742999996,15.868945569114741
2020-11-06 00:00:00,8.074855495000001,12.288877,0.0,-0.07097706295643846,8.074855495000001,12.35985359646474
2020-11-06 00:15:00,8.074855495000001,8.076924,0.0,-0.06661043224471108,8.074855495000001,8.143534756280356
2020-11-06 00:30:00,8.074855495000001,8.076924,0.0,-0.0926059978669499,8.074855495000001,8.169530321902595
2020-11-06 00:45:00,8.074855495000001,8.150358,0.0,-0.10652909298300728,8.074855495000001,8.25688729305625
2020-11-06 01:00:00,6.402776071000001,7.238069,0.0,-0.32636503910044035,6.402776071000001,7.56443409656504
2020-11-06 01:15:00,6.402776071000001,6.9440265,0.0,-0.27325920475716636,6.402776071000001,7.217285674941492
2020-11-06 01:30:00,6.402776071000001,6.9440265,0.0,-0.266720298486944,6.402776071000001,7.21074676867127
2020-11-06 01:45:00,6.402776071000001,6.9440265,0.0,-0.25996584544636037,6.402776071000001,7.203992315630686
2020-11-06 02:00:00,7.440860786000001,7.103277,0.0,-0.018155352895083188,7.440860786000001,7.1214325593159815
2020-11-06 02:15:00,7.440860786000001,7.856085,0.0,-0.0731205386012298,7.440860786000001,7.929205362209628
2020-11-06 02:30:00,7.440860786000001,7.856085,0.0,-0.1315859401543068,7.440860786000001,7.987670763762705
2020-11-06 02:45:00,7.440860786000001,7.856085,0.0,-0.1785573310208487,7.440860786000001,8.034642154629248
2020-11-06 03:00:00,10.204422045000001,7.8728065,0.0,0.9395405344441138,10.204422045000001,6.933266014628152
2020-11-06 03:15:00,10.204422045000001,10.30735,0.0,0.9510841848046451,10.204422045000001,9.356265973886762
2020-11-06 03:30:00,10.204422045000001,10.291897,0.0,0.9475745340571845,10.204422045000001,9.344322286011176
2020-11-06 03:45:00,10.204422045000001,10.284071,0.0,0.9508727074957094,10.204422045000001,9.333198261132221
2020-11-06 04:00:00,9.461278118,10.413454,0.0,2.7018033972362194,9.461278118,7.711650658549914
2020-11-06 04:15:00,9.461278118,9.611125,0.0,2.7028831110459643,9.461278118,6.908241881324641
2020-11-06 04:30:00,9.461278118,9.611125,0.0,2.7388703763702775,9.461278118,6.872254616000328
2020-11-06 04:45:00,20.461278118,22.767038,0.0,3.235863118044274,20.461278118,19.53117522729264
2020-11-06 05:00:00,18.514494849,22.662111,0.0,6.855705767100704,18.514494849,15.806405515247928
2020-11-06 05:15:00,18.514494849,20.17042,0.0,6.770689844399528,18.514494849,13.399729848593637
2020-11-06 05:30:00,11.514494848999998,12.905746,0.0,5.680782352463736,11.514494848999998,7.224964107497201
2020-11-06 05:45:00,7.514494848999999,7.649572,0.0,8.545813835354902,7.514494848999999,-0.8962419397555372
2020-11-06 06:00:00,12.012126381999998,9.408445,0.0,15.023756588370302,12.012126381999998,-5.615311230093935
2020-11-06 06:15:00,12.012126381999998,12.163281,0.0,15.228376991525808,12.012126381999998,-3.0650955507909448
2020-11-06 06:30:00,12.012126381999998,12.109285,1.0144262247769034,11.57702017120917,10.997700157223095,0.5322651834050873
2020-11-06 06:45:00,12.012126381999998,12.109285,8.956098289281208,10.84490400654881,3.0560280927187904,1.2643813480654487
2020-11-06 07:00:00,23.264759796000003,18.147167,19.227350430212134,24.232668873822867,4.03740936578787,-6.08550166801232
2020-11-06 07:15:00,23.264759796000003,24.619131,33.13700712825974,32.835696618562956,-9.872247332259736,-8.21656553030612
2020-11-06 07:30:00,23.264759796000003,24.619131,59.27746309213561,46.31855709494753,-36.01270329613561,-21.699426006690693
2020-11-06 07:45:00,23.264759796000003,24.599798,61.75789470611917,71.316496029138,-38.49313491011917,-46.716697826623346
2020-11-06 08:00:00,37.86039138499999,30.464104,112.05907508186031,78.87378893137523,-74.19868369686031,-48.40968523264476
2020-11-06 08:15:00,37.86039138499999,37.501293,111.79188755880669,124.90161321188914,-73.93149617380669,-87.4003200295161
2020-11-06 08:30:00,37.86039138499999,38.25551,107.5320015748053,134.19249048408892,-69.6716101898053,-95.93698206123736
2020-11-06 08:45:00,37.86039138499999,38.25551,111.20921950033944,136.33363955151782,-73.34882811533944,-98.07813112866626
2020-11-06 09:00:00,26.118184854000006,34.871017,159.03430436537596,137.0826921569361,-132.91611951137594,-102.21167470088142
2020-11-06 09:15:00,26.118184854000006,25.873024,137.89746075388427,182.30453052444392,-111.77927589988427,-156.4315065376275
2020-11-06 09:30:00,26.118184854000006,26.176935,85.04654410133348,165.22963510610106,-58.928359247333475,-139.0526999101782
2020-11-06 09:45:00,26.118184854000006,26.207771,95.08340228188102,125.33122794098209,-68.96521742788102,-99.12345663971256
2020-11-06 10:00:00,20.940910676,24.945034,87.12374847994671,119.47759450284086,-66.18283780394671,-94.53256047574125
2020-11-06 10:15:00,20.940910676,22.064405,147.94736559103615,116.97441473221306,-127.00645491503614,-94.91000929092888
2020-11-06 10:30:00,20.940910676,22.064405,131.45789062065364,168.50714056888793,-110.51697994465364,-146.44273512760375
2020-11-06 10:45:00,20.940910676,21.893112,145.51466530742042,159.63220669610155,-124.57375463142041,-137.73909451348436
2020-11-06 11:00:00,22.451308506999993,21.167763,126.78797663673237,160.77532743082827,-104.33666812973237,-139.6075646744806
2020-11-06 11:15:00,22.451308506999993,22.273342,115.29703474449931,154.80566955676952,-92.84572623749932,-132.53232742420116
2020-11-06 11:30:00,22.451308506999993,22.274628,119.18691384715116,145.6552851595445,-96.73560534015117,-123.38065747399762
2020-11-06 11:45:00,22.451308506999993,22.616966,144.62135163415286,149.8738136847906,-122.17004312715287,-127.25684743723201
2020-11-06 12:00:00,23.642156873999994,22.987171,106.12931234437004,152.133819480859,-82.48715547037004,-129.1466483077633
2020-11-06 12:15:00,23.642156873999994,24.58033,70.62365578573103,123.3611263069726,-46.98149891173104,-98.78079641195306
2020-11-06 12:30:00,23.642156873999994,24.58033,100.16070820465951,97.45701677122712,-76.51855133065952,-72.87668687620759
2020-11-06 12:45:00,23.642156873999994,24.588022,83.79460137003309,118.36830447796112,-60.1524444960331,-93.78028224590545
2020-11-06 13:00:00,22.242680976000003,24.299835,47.22445557896101,90.17524883204428,-24.98177460296101,-65.87541362696615
2020-11-06 13:15:00,22.242680976000003,22.209726,60.43024150289115,63.66686431345899,-38.18756052689115,-41.45713797984082
2020-11-06 13:30:00,22.242680976000003,22.294281,88.23766345083894,70.60634538940693,-65.99498247483893,-48.31206438354755
2020-11-06 13:45:00,22.242680976000003,22.313614,30.006431165459645,82.9007704141751,-7.763750189459643,-60.58715652257354
2020-11-06 14:00:00,17.405730698,22.521526,76.78821550723472,40.73860366823923,-59.382484809234725,-18.217077331569307
2020-11-06 14:15:00,17.405730698,19.041063,78.37191899767716,61.5380325987426,-60.96618829967716,-42.49696929002678
2020-11-06 14:30:00,17.405730698,19.041063,140.3370765596931,60.332230727727904,-122.93134586169309,-41.29116741901208
2020-11-06 14:45:00,17.405730698,19.041063,73.99925205420013,83.46308477558469,-56.59352135620013,-64.42202146686887
2020-11-06 15:00:00,22.66221804999999,17.898857,85.89017574976663,40.62932788413713,-63.227957699766634,-22.730470767437915
2020-11-06 15:15:00,33.66221804999999,29.656048,46.42352748584593,42.5938373625584,-12.761309435845938,-12.937789541513482
2020-11-06 15:30:00,33.66221804999999,33.981384,17.553380547909864,20.16265059212611,16.10883750209013,13.81873368521764
2020-11-06 15:45:00,33.66221804999999,34.287884,10.695737559786956,7.705043854662884,22.966480490213037,26.58283990388204
2020-11-06 16:00:00,35.480250940000005,35.724407,3.2571452024300878,2.348225585556901,32.22310573756992,33.37618161048802
2020-11-06 16:15:00,24.48025094,27.839533,0.0,0.5844633817523687,24.48025094,27.255069470420484
2020-11-06 16:30:00,24.48025094,25.790993,0.0,0.20373917763477756,24.48025094,25.58725355918163
2020-11-06 16:45:00,24.48025094,25.909733,0.0,0.03092398154152931,24.48025094,25.878808837061985
2020-11-06 17:00:00,36.60824349599999,42.41349,0.0,-0.38070763533708807,36.60824349599999,42.794197930747245
2020-11-06 17:15:00,36.60824349599999,48.068813,0.0,-0.2720096562156754,36.60824349599999,48.34082298019028
2020-11-06 17:30:00,47.60824349599999,62.053776,0.0,0.03006841953796069,47.60824349599999,62.023707367815554
2020-11-06 17:45:00,69.608243496,69.81171,0.0,-0.10300269113189586,69.608243496,69.91470923410064
2020-11-06 18:00:00,88.99099956999999,80.58828,0.0,-0.765664065794856,88.99099956999999,81.35394378991595
2020-11-06 18:15:00,79.99099956999999,79.03137,0.0,-0.9147313546826538,79.99099956999999,79.94610342499516
2020-11-06 18:30:00,73.19099956999997,69.37909,0.0,-0.8853803507698031,73.19099956999997,70.26446970623856
2020-11-06 18:45:00,43.990999569999985,43.34244,0.0,-0.6460632506707188,43.990999569999985,43.98850480950861
2020-11-06 19:00:00,31.058158404000004,32.952522,0.0,-0.3530788701804247,31.058158404000004,33.30560114801246
2020-11-06 19:15:00,42.058158404000004,42.522266,0.0,-0.3716697576479887,42.058158404000004,42.89393614558744
2020-11-06 19:30:00,42.058158404000004,40.930916,0.0,-0.3591965464729042,42.058158404000004,41.29011237899243
2020-11-06 19:45:00,42.058158404000004,41.28454,0.0,-0.4113462683196981,42.058158404000004,41.695884537362666
2020-11-06 20:00:00,44.943372577000005,50.7481,0.0,-0.3266996182083314,44.943372577000005,51.07479989897005
2020-11-06 20:15:00,65.943372577,56.83943,0.0,-0.3231679484736879,65.943372577,57.162599711169
2020-11-06 20:30:00,55.943372577000005,53.70316,0.0,-0.2665566604205757,55.943372577000005,53.96971599269597
2020-11-06 20:45:00,65.943372577,61.293068,0.0,-0.3069826752542638,65.943372577,61.60005060738317
2020-11-06 21:00:00,52.978147561,52.541958,0.0,-0.1047156760310407,52.978147561,52.64667353125565
2020-11-06 21:15:00,49.978147561,49.62764,0.0,-0.030052200500553572,49.978147561,49.65769197100837
2020-11-06 21:30:00,52.978147561,50.71742,0.0,-0.06484102806165659,52.978147561,50.782259698715954
2020-11-06 21:45:00,46.978147561,44.41483,0.0,0.04073124491781577,46.978147561,44.374098009232576
2020-11-06 22:00:00,33.135231606000005,33.517223,0.0,0.022357395664873603,33.135231606000005,33.49486596248942
2020-11-06 22:15:00,39.135231606000005,37.77503,0.0,0.0240734602520839,39.135231606000005,37.75095476850768
2020-11-06 22:30:00,39.135231606000005,38.346054,0.0,0.15189165612900346,39.135231606000005,38.194162421019435
2020-11-06 22:45:00,36.135231606000005,36.734432,0.0,0.15314355622017473,36.135231606000005,36.58128866423881
2020-11-06 23:00:00,12.809197220000003,17.304518,0.0,-0.040579892837418474,12.809197220000003,17.345097638809097
2020-11-06 23:15:00,12.809197220000003,13.42845,0.0,-0.06702495645740492,12.809197220000003,13.49547458719471
2020-11-06 23:30:00,12.809197220000003,13.468944,0.0,-0.05432056062221158,12.809197220000003,13.523264156508443
2020-11-06 23:45:00,12.809197220000003,13.711064,0.0,-0.010851084602316097,12.809197220000003,13.721915423286399
2020-11-07 00:00:00,8.216511423000002,8.797581,0.0,-0.5058006439329407,8.216511423000002,9.303381362927082
2020-11-07 00:15:00,8.216511423000002,8.571973,0.0,-0.504468136583781,8.216511423000002,9.076440983568645
2020-11-07 00:30:00,19.216511423,19.938364,0.0,-0.4981493651815977,19.216511423,20.43651339411226
2020-11-07 00:45:00,19.216511423,20.614454,0.0,-0.4443837442314901,19.216511423,21.05883801364067
2020-11-07 01:00:00,14.90980835,18.059818,0.0,-0.650084875505141,14.90980835,18.709903143327406
2020-11-07 01:15:00,4.9098083500000005,6.6937613,0.0,-0.6454131068189933,4.9098083500000005,7.3391744555433585
2020-11-07 01:30:00,4.9098083500000005,5.204279,0.0,-0.6363678419977098,4.9098083500000005,5.840646787920561
2020-11-07 01:45:00,4.9098083500000005,5.204279,0.0,-0.6250476890224334,4.9098083500000005,5.829326634945285
2020-11-07 02:00:00,3.62993377,5.673807,0.0,0.5353876525657694,3.62993377,5.13841949159927
2020-11-07 02:15:00,3.62993377,4.4786997,0.0,-0.017477145703421404,3.62993377,4.496176829846488
2020-11-07 02:30:00,3.62993377,4.4786997,0.0,-0.14434190943112057,3.62993377,4.623041593574187
2020-11-07 02:45:00,3.62993377,4.4786997,0.0,-0.272996430735149,3.62993377,4.751696114878215
2020-11-07 03:00:00,4.495118202000001,4.5322866,0.0,1.2640053994021772,4.495118202000001,3.2682812445797564
2020-11-07 03:15:00,4.495118202000001,5.604343,0.0,1.2698952917858692,4.495118202000001,4.334447645683613
2020-11-07 03:30:00,4.495118202000001,5.604343,0.0,1.2717841553804758,4.495118202000001,4.332558782089007
2020-11-07 03:45:00,4.495118202000001,5.604343,0.0,1.2785129381820264,4.495118202000001,4.325829999287456
2020-11-07 04:00:00,4.025543023000001,6.153227,0.0,3.1099140986466205,4.025543023000001,3.0433127537703717
2020-11-07 04:15:00,4.025543023000001,5.5756392,0.0,3.1230172693369616,4.025543023000001,2.4526219785573256
2020-11-07 04:30:00,4.025543023000001,5.5756392,0.0,3.1331127967078656,4.025543023000001,2.4425264511864215
2020-11-07 04:45:00,4.025543023000001,5.538552,0.0,3.270232397778674,4.025543023000001,2.2683194096248904
2020-11-07 05:00:00,4.323149342000001,5.1566997,0.0,5.298627168702047,4.323149342000001,-0.1419275112618612
2020-11-07 05:15:00,4.323149342000001,5.23044,0.0,5.324530008484247,4.323149342000001,-0.09408986871373948
2020-11-07 05:30:00,4.323149342000001,5.23044,0.0,5.272331605516579,4.323149342000001,-0.04189146574607161
2020-11-07 05:45:00,4.323149342000001,5.23044,0.0,5.371857538854108,4.323149342000001,-0.14141739908360051
2020-11-07 06:00:00,7.2619620849999995,6.810812,0.0,8.319322488251215,7.2619620849999995,-1.5085104917912542
2020-11-07 06:15:00,7.2619620849999995,8.40861,0.0,8.354243939693308,7.2619620849999995,0.054366404239797106
2020-11-07 06:30:00,7.2619620849999995,8.346344,0.4717120791288707,8.38507223037757,6.790250005871129,-0.038728236236945435
2020-11-07 06:45:00,7.2619620849999995,8.346344,0.7706380383639444,8.502750980796602,6.4913240466360556,-0.15640698665597697
2020-11-07 07:00:00,16.451735993999996,12.996351,4.608665134260556,11.524941961001941,11.843070859739441,1.4714092810634885
2020-11-07 07:15:00,16.451735993999996,18.878561,12.81757696246944,14.938143959809643,3.6341590315305563,3.9404170600878174
2020-11-07 07:30:00,16.451735993999996,18.901913,22.470924589018043,20.347508739900878,-6.019188595018047,-1.4455960506918935
2020-11-07 07:45:00,16.451735993999996,18.838364,48.684571261433696,30.23918818809532,-32.2328352674337,-11.400824540634382
2020-11-07 08:00:00,54.207857288,52.233307,72.94634777721753,57.45978896023405,-18.738490489217526,-5.226482075468425
2020-11-07 08:15:00,54.207857288,57.469757,80.91826549045633,79.1304753996969,-26.710408202456335,-21.66071831961878
2020-11-07 08:30:00,42.40785728799999,48.518753,113.62441630862017,89.52909280028007,-71.21655902062018,-41.010339748522256
2020-11-07 08:45:00,22.207857287999996,27.520618,162.56132229760922,123.67735502964297,-140.35346500960924,-96.15673659092226
2020-11-07 09:00:00,18.880807136,20.475431,205.7352264736513,171.11183838710576,-186.85441933765128,-150.63640694484502
2020-11-07 09:15:00,18.880807136,19.509733,266.5412561783742,208.57388934815398,-247.66044904237424,-189.06415614808074
2020-11-07 09:30:00,18.880807136,19.10332,252.49918586457702,250.13393353156943,-233.618378728577,-231.0306143634786
2020-11-07 09:45:00,18.880807136,19.033386,295.9366344746486,251.81561226702775,-277.0558273386486,-232.782226036559
2020-11-07 10:00:00,13.266409914999997,19.239872,280.61045319977944,269.81794428896677,-267.34404328477945,-250.578072310207
2020-11-07 10:15:00,13.266409914999997,14.885512,288.69010317820874,273.45370884864053,-275.42369326320875,-258.5681964966508
2020-11-07 10:30:00,13.266409914999997,15.117787,238.9594687471559,281.8181745880407,-225.6930588321559,-266.70038722689566
2020-11-07 10:45:00,13.266409914999997,15.06762,172.29693136840802,259.12643393195196,-159.03052145340803,-244.05881365454718
2020-11-07 11:00:00,12.072633051999999,14.3463955,135.0697178918288,206.42562995550597,-122.99708483982879,-192.07923446295226
2020-11-07 11:15:00,12.072633051999999,13.899463,132.36518257971454,184.9291520942882,-120.29254952771454,-171.02968939439808
2020-11-07 11:30:00,12.072633051999999,13.899463,175.49845995601248,184.00234503628755,-163.4258269040125,-170.1028823363974
2020-11-07 11:45:00,12.072633051999999,13.899463,190.2204540704258,211.20620539179563,-178.14782101842582,-197.3067426919055
2020-11-07 12:00:00,9.196559119,13.843102,270.88267147716755,206.16699223689838,-261.6861123581675,-192.32388978175922
2020-11-07 12:15:00,9.196559119,10.158159,178.01027888904295,249.2572529626911,-168.81371977004295,-239.09909370670965
2020-11-07 12:30:00,9.196559119,10.158159,273.6221514943488,203.2153901776437,-264.42559237534886,-193.05723092166227
2020-11-07 12:45:00,9.196559119,10.109371,170.02384700467158,251.64999137861318,-160.82728788567158,-241.54062019331045
2020-11-07 13:00:00,9.730793064,9.991963,110.49994249343204,175.84090338039317,-100.76914942943205,-165.84893999385753
2020-11-07 13:15:00,20.730793064,23.55756,123.03879313736418,135.3584844040475,-102.30800007336418,-111.80092443700647
2020-11-07 13:30:00,20.730793064,23.7974,218.10356060212993,139.91703036104786,-197.37276753812992,-116.11963084017384
2020-11-07 13:45:00,31.730793064,35.276306,257.37497881662523,184.599925176875,-225.64418575262522,-149.32361902453124
2020-11-07 14:00:00,23.826419859999998,30.401588,135.4300927278298,175.3500480366217,-111.60367286782979,-144.9484595966803
2020-11-07 14:15:00,18.826419859999998,22.672308,92.80354198014733,103.80888422317966,-73.97712212014733,-81.13657625504001
2020-11-07 14:30:00,12.826419859999998,13.954734,78.9417528148997,80.91063545216474,-66.1153329548997,-66.95590160359296
2020-11-07 14:45:00,18.826419859999998,21.610157,91.21798712515864,70.2482013509877,-72.39156726515864,-48.638044338048246
2020-11-07 15:00:00,20.535448641000002,22.918964,73.57320328465724,56.88321428990024,-53.03775464365724,-33.96424990391391
2020-11-07 15:15:00,20.535448641000002,24.103094,36.73637694775738,43.351568984007464,-16.200928306757376,-19.248474883055316
2020-11-07 15:30:00,31.535448641000002,36.27002,20.710516378092997,23.778843591394242,10.824932262907005,12.491175939855758
2020-11-07 15:45:00,24.535448641000002,28.51627,21.61692518840991,13.027225386817207,2.918523452590094,15.489044297020683
2020-11-07 16:00:00,39.18764643,32.513687,2.5785591672314117,5.352580815799889,36.60908726276859,27.161106317989173
2020-11-07 16:15:00,30.18764643,32.21327,0.0,1.5400022218588036,30.18764643,30.673266058170494
2020-11-07 16:30:00,30.18764643,31.69067,0.0,0.36197232594794115,30.18764643,31.328697687479792
2020-11-07 16:45:00,24.18764643,23.581852,0.0,0.060437860579741876,24.18764643,23.521414098648773
2020-11-07 17:00:00,25.704852224,22.704096,0.0,-0.7958410632475569,25.704852224,23.49993690370166
2020-11-07 17:15:00,25.704852224,26.160734,0.0,-0.8157369969065044,25.704852224,26.976471173542247
2020-11-07 17:30:00,25.704852224,26.33463,0.0,-0.9855153528608699,25.704852224,27.32014441169876
2020-11-07 17:45:00,36.704852224,37.716187,0.0,-1.136469783431969,36.704852224,38.85265630686947
2020-11-07 18:00:00,60.732042267,64.03065,0.0,-1.0968138971779071,60.732042267,65.12746117500994
2020-11-07 18:15:00,60.732042267,66.96792,0.0,-1.0456773297494832,60.732042267,68.01359572574557
2020-11-07 18:30:00,64.732042267,66.838104,0.0,-1.0295273618982312,64.732042267,67.86763160994511
2020-11-07 18:45:00,40.732042267,47.23659,0.0,-0.9091307179036426,40.732042267,48.14572205701497
2020-11-07 19:00:00,44.817061885000015,55.16135,0.0,-0.6422045975370764,44.817061885000015,55.803554847781214
2020-11-07 19:15:00,44.817061885000015,49.671177,0.0,-0.6374117353710257,44.817061885000015,50.308588645771415
2020-11-07 19:30:00,55.817061885000015,59.59046,0.0,-0.6500430065958841,55.817061885000015,60.24050473755292
2020-11-07 19:45:00,55.817061885000015,60.400196,0.0,-0.6808998096943376,55.817061885000015,61.08109588513379
2020-11-07 20:00:00,70.94467498200002,76.093346,0.0,-0.5896151943073163,70.94467498200002,76.68296083639716
2020-11-07 20:15:00,52.344674982,58.842587,0.0,-0.5617888610518779,52.344674982,59.404375378385865
2020-11-07 20:30:00,57.344674982,56.110226,0.0,-0.5222900505149585,57.344674982,56.632515728005195
2020-11-07 20:45:00,61.94467498200002,65.359085,0.0,-0.5375981283995578,61.94467498200002,65.89668321140736
2020-11-07 21:00:00,24.958610960999998,35.151802,0.0,-0.29610872239588837,24.958610960999998,35.44791078538417
2020-11-07 21:15:00,14.958610961,15.171783,0.0,-0.31950208653733647,14.958610961,15.491285533802962
2020-11-07 21:30:00,14.958610961,15.868308,0.0,-0.286377344786673,14.958610961,16.15468541210845
2020-11-07 21:45:00,14.958610961,16.058443,0.0,-0.18535449481433297,14.958610961,16.24379756427234
2020-11-07 22:00:00,26.919536646,26.292717,0.0,-0.31494796443552986,26.919536646,26.607664944415998
2020-11-07 22:15:00,33.919536646,34.948654,0.0,-0.34201079803921985,33.919536646,35.290664972843906
2020-11-07 22:30:00,26.919536646,28.655008,0.0,-0.24095919831907964,26.919536646,28.895967514359118
2020-11-07 22:45:00,26.919536646,27.688396,0.0,-0.22028295164075928,26.919536646,27.90867940549818
2020-11-07 23:00:00,24.774798828,24.464584,0.0,-0.22830256088803325,24.774798828,24.69288691147397
2020-11-07 23:15:00,24.774798828,26.191399,0.0,-0.16985982677528277,24.774798828,26.361258447380752
2020-11-07 23:30:00,19.774798828,18.487953,0.0,-0.1866243610622692,19.774798828,18.674577547097424
2020-11-07 23:45:00,24.774798828,23.8612,0.0,-0.19912777545823623,24.774798828,24.06032810809984
2020-11-08 00:00:00,20.240017443000003,21.06529,0.0,-0.5644853316592783,20.240017443000003,21.629775782709082
2020-11-08 00:15:00,31.240017443000003,32.052555,0.0,-0.5138047390468873,31.240017443000003,32.566359823275405
2020-11-08 00:30:00,24.240017443000003,27.932568,0.0,-0.48414733361097995,24.240017443000003,28.416714930046528
2020-11-08 00:45:00,31.240017443000003,30.609863,0.0,-0.4707398003519795,31.240017443000003,31.08060308160198
2020-11-08 01:00:00,11.552293785000002,13.629701,0.0,-0.5256903884645211,11.552293785000002,14.155391049170088
2020-11-08 01:15:00,7.552293785000002,7.1314144,0.0,-0.5533866388423238,7.552293785000002,7.684801052294472
2020-11-08 01:30:00,7.552293785000002,7.339128,0.0,-0.7712920911179487,7.552293785000002,8.110420108543487
2020-11-08 01:45:00,7.552293785000002,7.198991,0.0,-0.6495727122182792,7.552293785000002,7.848563534056658
2020-11-08 02:00:00,8.315496602,7.4747367,0.0,0.03090076259461838,8.315496602,7.443835927926622
2020-11-08 02:15:00,8.315496602,7.9621234,0.0,-0.03714336538110097,8.315496602,7.999266759393552
2020-11-08 02:30:00,8.315496602,7.9621234,0.0,-0.0966477085985612,8.315496602,8.058771102611013
2020-11-08 02:45:00,8.315496602,7.945564,0.0,-0.15093198225644777,8.315496602,8.096495775438822
2020-11-08 03:00:00,7.762891122999999,8.012667,0.0,1.4879890985205355,7.762891122999999,6.524677603749972
2020-11-08 03:15:00,18.762891123,18.677702,0.0,1.6218756779319454,18.762891123,17.055826272141296
2020-11-08 03:30:00,14.762891123,16.029493,0.0,1.9022587634267127,14.762891123,14.127234568482468
2020-11-08 03:45:00,7.762891122999999,8.334632,0.0,1.665354947544249,7.762891122999999,6.669276972316591
2020-11-08 04:00:00,6.826104525999999,8.191727,0.0,3.2382993389921912,6.826104525999999,4.953427345578121
2020-11-08 04:15:00,6.826104525999999,7.029827,0.0,4.798325661342441,6.826104525999999,2.2315014565774804
2020-11-08 04:30:00,6.826104525999999,7.035896,0.0,4.244687057037393,6.826104525999999,2.7912087673949797
2020-11-08 04:45:00,6.826104525999999,7.035896,0.0,3.2885274578736245,6.826104525999999,3.7473683665587485
2020-11-08 05:00:00,7.766903256999999,7.035896,0.0,4.741715471965459,7.766903256999999,2.294180352466914
2020-11-08 05:15:00,7.766903256999999,8.156076,0.0,4.779145534498157,7.766903256999999,3.3769308967762575
2020-11-08 05:30:00,7.766903256999999,8.156076,0.0,4.807040863924103,7.766903256999999,3.3490355673503114
2020-11-08 05:45:00,7.766903256999999,8.156076,0.0,4.828069710696716,7.766903256999999,3.328006720577698
2020-11-08 06:00:00,9.017753730999999,9.278481,0.0,7.270404540371822,9.017753730999999,2.008075989413334
2020-11-08 06:15:00,9.017753730999999,9.238481,0.0,7.285545134250914,9.017753730999999,1.9529354336812146
2020-11-08 06:30:00,9.017753730999999,9.238481,0.4548115577868749,7.267218088790356,8.562942173213123,1.9712624791417728
2020-11-08 06:45:00,9.017753730999999,9.238481,4.19931512823477,7.438593069155685,4.818438602765229,1.7998874987764442
2020-11-08 07:00:00,20.335256552,13.155814,9.45437638499954,10.05827438840834,10.880880167000461,3.097539782429063
2020-11-08 07:15:00,20.335256552,20.621386,16.74180782807577,13.360461808819702,3.5934487239242294,7.2609237655211185
2020-11-08 07:30:00,20.335256552,20.557837,35.787770247148444,19.8412300733734,-15.452513695148443,0.7166064592193742
2020-11-08 07:45:00,20.335256552,20.557837,92.38674316130349,38.76356119245965,-72.05148660930348,-18.205724659866874
2020-11-08 08:00:00,27.25574617599999,23.555548,115.85436349769347,92.99983645064884,-88.59861732169348,-69.44428873641544
2020-11-08 08:15:00,27.25574617599999,26.881506,80.43050465392798,116.52228155144097,-53.174758477927995,-89.64077558525445
2020-11-08 08:30:00,38.25574617599999,37.82948,142.1546259986977,90.41739759907249,-103.89887982269771,-52.58791838154319
2020-11-08 08:45:00,38.25574617599999,37.762238,77.00594924850111,146.04044878720845,-38.75020307250112,-108.27821123838032
2020-11-08 09:00:00,35.28417123,37.63561,107.68659262425953,82.19619350579681,-72.40242139425953,-44.56058483270111
2020-11-08 09:15:00,26.08417123000001,25.512693,121.51383318369801,111.44722738975909,-95.429661953698,-85.93453398460773
2020-11-08 09:30:00,24.28417123,23.399109,222.10225138314917,138.06055916513284,-197.81808015314917,-114.6614502784141
2020-11-08 09:45:00,24.28417123,23.328323,297.327226253725,223.25777519499823,-273.04305502372495,-199.92945183074042
2020-11-08 10:00:00,15.050747038,22.18128,176.30301544880302,257.65227360966253,-161.25226841080303,-235.47099347355413
2020-11-08 10:15:00,15.050747038,15.6044855,273.65300451113364,191.2711591773231,-258.60225747313365,-175.66667366554333
2020-11-08 10:30:00,15.050747038,15.575224,181.10636466715167,260.284284698222,-166.05561762915167,-244.7090607754925
2020-11-08 10:45:00,15.050747038,15.575224,182.7646125333244,205.58752143830395,-167.7138654953244,-190.01229751557446
2020-11-08 11:00:00,9.855169484,14.891917,181.22671645369186,194.24285080924696,-171.37154696969188,-179.35093358054823
2020-11-08 11:15:00,9.855169484,10.149924,339.7367547718081,204.07110753275063,-329.8815852878081,-193.92118325449135
2020-11-08 11:30:00,20.855169484,22.631207,219.12167638799966,295.04991481311185,-198.26650690399964,-272.4187083006607
2020-11-08 11:45:00,20.855169484,22.136965,230.47866230547618,228.87558639944896,-209.6234928214762,-206.73862160147533
2020-11-08 12:00:00,24.422951068000003,21.532024,180.09304015519368,222.3832137149924,-155.67008908719367,-200.85118933144747
2020-11-08 12:15:00,24.422951068000003,25.381147,141.69309111897397,195.58014258009078,-117.27014005097396,-170.19899519544722
2020-11-08 12:30:00,24.422951068000003,25.304909,121.5177812774853,166.23349390472075,-97.0948302094853,-140.92858515227934
2020-11-08 12:45:00,24.422951068000003,25.56187,181.703147250092,152.17249275781796,-157.280196182092,-126.61062218286679
2020-11-08 13:00:00,25.065464102,25.506859,127.38633992034994,169.19672591175316,-102.32087581834995,-143.68986708606957
2020-11-08 13:15:00,17.065464102,15.568898,82.3267571773406,129.8873085587535,-65.2612930753406,-114.31841035776472
2020-11-08 13:30:00,14.065464102,13.639964,62.036545686190635,102.1675022965732,-47.971081584190635,-88.52753819287447
2020-11-08 13:45:00,14.065464102,13.448046,59.81571881867119,84.20789717964394,-45.75025471667119,-70.75985144905312
2020-11-08 14:00:00,17.744654112,13.287498,66.42021393159946,65.18709964232728,-48.675559819599464,-51.89960116820619
2020-11-08 14:15:00,94.744654112,70.76274,41.56365693586762,72.60161838575675,53.18099717613239,-1.8388772968895637
2020-11-08 14:30:00,105.744654112,99.86023,39.00706055648891,48.288475447221835,66.7375935555111,51.571754044965665
2020-11-08 14:45:00,125.744654112,110.23129,43.237092536327765,48.25553535620961,82.50756157567224,61.97575736839976
2020-11-08 15:00:00,101.52310401599999,90.52814,14.922065372221718,30.678107238745994,86.60103864377827,59.850029968285256
2020-11-08 15:15:00,88.12310401600001,88.505974,14.26215691336866,14.179129242357217,73.86094710263136,74.32684457356075
2020-11-08 15:30:00,36.123104016000006,43.416767,8.283921378481383,8.620569654249879,27.839182637518626,34.79619746611145
2020-11-08 15:45:00,24.123104016000006,23.370129,0.9299075895756885,5.773218680507479,23.19319642642432,17.596909951084317
2020-11-08 16:00:00,26.450538406999996,23.169397,0.0,1.3800598033306484,26.450538406999996,21.789337550795327
2020-11-08 16:15:00,26.450538406999996,23.462479,0.0,0.794801092269945,26.450538406999996,22.667677545425367
2020-11-08 16:30:00,26.450538406999996,23.2141,0.0,1.2101014630889866,26.450538406999996,22.003998420944217
2020-11-08 16:45:00,26.450538406999996,23.288792,0.0,0.89928604581804,26.450538406999996,22.3895056106761
2020-11-08 17:00:00,35.191008307000004,24.23826,0.0,-0.45785262147861616,35.191008307000004,24.696112890643654
2020-11-08 17:15:00,35.191008307000004,32.593845,0.0,-0.7053970499429197,35.191008307000004,33.29924241737456
2020-11-08 17:30:00,54.191008307000004,47.785355,0.0,-0.7007659401968499,54.191008307000004,48.486120554454665
2020-11-08 17:45:00,68.191008307,57.734238,0.0,-0.757428614657779,68.191008307,58.491666285556214
2020-11-08 18:00:00,70.95678135700001,60.09473,0.0,-1.3648828268964648,70.95678135700001,61.45961320409373
2020-11-08 18:15:00,59.95678135700001,53.636383,0.0,-1.3906295500951975,59.95678135700001,55.02701260673582
2020-11-08 18:30:00,39.95678135700001,35.377636,0.0,-1.3497182116453716,39.95678135700001,36.72735416745592
2020-11-08 18:45:00,29.95678135700001,30.109482,0.0,-1.0903768725809693,29.95678135700001,31.199858684104406
2020-11-08 19:00:00,36.105093396,34.138206,0.0,-0.9413300609343543,36.105093396,35.07953654286795
2020-11-08 19:15:00,36.105093396,32.669514,0.0,-0.9154098354460657,36.105093396,33.58492353783864
2020-11-08 19:30:00,36.105093396,33.358837,0.0,-0.9563943989818614,36.105093396,34.31523152666741
2020-11-08 19:45:00,32.105093396,30.978569,0.0,-0.9450721908765348,32.105093396,31.923641221638253
2020-11-08 20:00:00,34.285016899,30.620186,0.0,-0.8944802129890653,34.285016899,31.514666065039847
2020-11-08 20:15:00,34.285016899,29.840242,0.0,-0.8255179402305074,34.285016899,30.665760326094766
2020-11-08 20:30:00,45.285016899,35.721306,0.0,-0.820445094900495,45.285016899,36.54175094206846
2020-11-08 20:45:00,37.285016899,33.89036,0.0,-0.8017169692122287,37.285016899,34.6920787551009
2020-11-08 21:00:00,24.466406392,23.404305,0.0,-0.6045035889152458,24.466406392,24.008808093309778
2020-11-08 21:15:00,22.466406392,22.122997,0.0,-0.5644997722813808,22.466406392,22.687497056216927
2020-11-08 21:30:00,22.466406392,20.475664,0.0,-0.517605005426563,22.466406392,20.99326914422051
2020-11-08 21:45:00,22.466406392,20.63127,0.0,-0.49000391373290875,22.466406392,21.121273368688964
2020-11-08 22:00:00,14.996924631999999,20.92589,0.0,-0.5317827521890336,14.996924631999999,21.457672721061105
2020-11-08 22:15:00,33.996924632,26.24589,0.0,-0.5298023028052806,33.996924632,26.77569196650157
2020-11-08 22:30:00,25.996924632,22.09168,0.0,-0.4114406229279012,25.996924632,22.5031211496613
2020-11-08 22:45:00,25.996924632,21.125214,0.0,-0.41012332761531767,25.996924632,21.53533695066219
2020-11-08 23:00:00,15.900211324999999,14.199742,0.0,-0.5199898749852255,15.900211324999999,14.719732192184933
2020-11-08 23:15:00,20.900211325,15.999445,0.0,-0.4086664759680928,20.900211325,16.408111437515945
2020-11-08 23:30:00,29.900211325,22.22423,0.0,-0.4749765611787683,29.900211325,22.699206373800838
2020-11-08 23:45:00,19.300211324999974,14.563734,0.0,-0.42527004571886373,19.300211324999974,14.989004100284294
2020-11-09 00:00:00,18.814853117,11.757389,0.0,-0.3460944397520339,18.814853117,12.10348350835555
2020-11-09 00:15:00,18.814853117,14.345834,0.0,-0.3032459086331346,18.814853117,14.649079687014483
2020-11-09 00:30:00,18.814853117,14.354263,0.0,-0.2448359371794534,18.814853117,14.599099242843517
2020-11-09 00:45:00,18.814853117,14.449771,0.0,-0.30546729638949544,18.814853117,14.755238223818695
2020-11-09 01:00:00,17.846843293999996,13.083563,0.0,0.3712940362065752,17.846843293999996,12.712268814745574
2020-11-09 01:15:00,17.846843293999996,13.452359,0.0,0.23538975385554906,17.846843293999996,13.216969445668378
2020-11-09 01:30:00,17.846843293999996,13.452359,0.0,0.16741331619810296,17.846843293999996,13.284945883325824
2020-11-09 01:45:00,17.846843293999996,13.452359,0.0,0.11029896040809006,17.846843293999996,13.342060239115836
2020-11-09 02:00:00,12.479562444,11.035904,0.0,1.4956223705127618,12.479562444,9.5402815601513
2020-11-09 02:15:00,6.479562444000001,7.829094,0.0,1.2799213959069933,6.479562444000001,6.5491725371984755
2020-11-09 02:30:00,6.479562444000001,7.081326,0.0,1.0839623033238608,6.479562444000001,5.997363704519157
2020-11-09 02:45:00,6.479562444000001,7.081326,0.0,1.046314701405751,6.479562444000001,6.035011306437267
2020-11-09 03:00:00,7.237441545000002,7.1483555,0.0,1.4515421868565062,7.237441545000002,5.696813297152283
2020-11-09 03:15:00,7.237441545000002,7.8695216,0.0,0.8943527384884175,7.237441545000002,6.975168879400987
2020-11-09 03:30:00,7.237441545000002,7.8695216,0.0,0.864877596788692,7.237441545000002,7.004644021100712
2020-11-09 03:45:00,7.237441545000002,7.8695216,0.0,0.8195708749341016,7.237441545000002,7.0499507429553026
2020-11-09 04:00:00,6.458255418,8.464577,0.0,1.1946925605771224,6.458255418,7.269884160614284
2020-11-09 04:15:00,6.458255418,7.6761184,0.0,1.1421332332539151,6.458255418,6.5339851406169345
2020-11-09 04:30:00,6.458255418,7.6761184,0.0,1.1062325945285814,6.458255418,6.569885779342268
2020-11-09 04:45:00,6.458255418,7.6761184,0.0,1.0728306967101622,6.458255418,6.603287677160687
2020-11-09 05:00:00,7.431227437,7.789552,0.0,2.1389887272376864,7.431227437,5.650563484523788
2020-11-09 05:15:00,7.431227437,8.54236,0.0,2.2191766388541803,7.431227437,6.3231836669319526
2020-11-09 05:30:00,7.431227437,8.802823,0.0,2.6614202987310565,7.431227437,6.141402767980369
2020-11-09 05:45:00,7.431227437,8.672192,0.0,2.7604622294488776,7.431227437,5.911729390424169
2020-11-09 06:00:00,10.553588405,9.932466,0.0,5.54143455853073,10.553588405,4.3910309947529615
2020-11-09 06:15:00,21.553588405,17.59077,0.0,6.058288393106015,21.553588405,11.532482328329532
2020-11-09 06:30:00,21.553588405,17.701717,0.0,7.218401051473919,21.553588405,10.483316325235066
2020-11-09 06:45:00,21.553588405,17.701717,1.0779151812363703,7.227108581259581,20.47567322376363,10.474608795449402
2020-11-09 07:00:00,20.980709531000006,18.014763,3.5840922216788966,8.2938294993024,17.39661730932111,9.720933379115568
2020-11-09 07:15:00,17.980709531000006,20.061201,8.184355144449164,15.204886798812689,9.796354386550842,4.856314296768366
2020-11-09 07:30:00,17.980709531000006,19.906889,18.69799477823118,18.584716112564593,-0.7172852472311746,1.3221728492273996
2020-11-09 07:45:00,17.980709531000006,19.835693,23.008006158138926,26.5243842727448,-5.02729662713892,-6.6886909133698005
2020-11-09 08:00:00,48.50156396800001,33.89791,55.4670782856808,27.938041105936122,-6.965514317680785,5.9598699658412215
2020-11-09 08:15:00,48.50156396800001,38.409935,63.37628097332681,57.92228431488714,-14.874717005326794,-19.51234931732855
2020-11-09 08:30:00,46.50156396800001,38.37297,55.11836334944766,67.06340899028473,-8.616799381447649,-28.69043840923004
2020-11-09 08:45:00,26.50156396800001,29.190039,84.70494803870282,64.4556887310109,-58.20338407070281,-35.26565004998062
2020-11-09 09:00:00,32.745574936999994,26.018518,132.03615622891783,94.4786544783658,-99.29058129191785,-68.46013603048982
2020-11-09 09:15:00,32.745574936999994,30.178888,153.41441989438076,138.88702547355356,-120.66884495738077,-108.70813715263071
2020-11-09 09:30:00,32.745574936999994,30.03189,221.51598574703422,161.71547913735117,-188.77041081003424,-131.68358826821054
2020-11-09 09:45:00,32.745574936999994,30.432592,168.43657350509025,215.10270931084452,-135.69099856809027,-184.67011691887674
2020-11-09 10:00:00,28.56106502099999,29.711105,358.32119047570546,167.29616176870041,-329.7601254547055,-137.58505642202073
2020-11-09 10:15:00,28.56106502099999,26.928762,253.95832721574274,305.79971142918646,-225.39726219474275,-278.8709489932734
2020-11-09 10:30:00,28.56106502099999,27.100056,277.31123854000566,254.23149346251085,-248.75017351900567,-227.13143776793078
2020-11-09 10:45:00,28.56106502099999,27.33233,341.7885650764002,273.6893996814829,-313.2275000554002,-246.35706897774753
2020-11-09 11:00:00,20.074689320999997,25.773685,322.2031946507807,304.5062053657914,-302.1285053297807,-278.73251991046914
2020-11-09 11:15:00,20.074689320999997,19.371342,371.95178497183673,296.0865566017246,-351.87709565083674,-276.71521489640236
2020-11-09 11:30:00,20.074689320999997,19.371342,354.47050206294745,330.14823823739397,-334.39581274194745,-310.7768965320717
2020-11-09 11:45:00,31.074689320999997,23.250706,350.5525741491816,332.17886079364615,-319.47788482818163,-308.928155074652
2020-11-09 12:00:00,27.034860467999994,26.953941,248.34112071574788,305.1450657325315,-221.30626024774787,-278.1911243873167
2020-11-09 12:15:00,49.03486046799999,36.55451,199.29145651340414,255.25004335671613,-150.25659604540414,-218.69553514748762
2020-11-09 12:30:00,58.03486046799999,43.450657,223.87444017413532,225.1079836126811,-165.83957970613534,-181.65732672181196
2020-11-09 12:45:00,41.43486046799997,33.486847,254.60626040440852,239.29932232592978,-213.17139993640853,-205.81247540210165
2020-11-09 13:00:00,22.280050387,21.961906,156.29137601154778,229.2176633355101,-134.0113256245478,-207.25575690240464
2020-11-09 13:15:00,19.280050387,13.855173,128.28950206573995,168.16555303982528,-109.00945167873995,-154.31037992886337
2020-11-09 13:30:00,26.280050387,20.278967,109.92980491147482,145.9680610417967,-83.64975452447482,-125.68909413811016
2020-11-09 13:45:00,37.280050387,27.357077,118.09597347126898,133.902800176619,-80.81592308426897,-106.54572353172153
2020-11-09 14:00:00,41.008287284999994,29.66373,188.04937384035728,119.69098980196557,-147.04108655535728,-90.02725918062768
2020-11-09 14:15:00,49.008287284999994,43.385265,62.85696339759882,153.52068149208446,-13.848676112598824,-110.13541614174267
2020-11-09 14:30:00,47.008287284999994,41.163975,31.135926441260665,82.7668831482801,15.87236084373933,-41.60290838631721
2020-11-09 14:45:00,54.008287284999994,40.326176,14.853806331229164,61.220610859006506,39.15448095377083,-20.89443516930924
2020-11-09 15:00:00,36.221616845,33.862774,21.56709084019142,30.980250067540133,14.65452600480858,2.8825238277235385
2020-11-09 15:15:00,30.221616844999996,30.059282,18.593466482709236,25.80658330515466,11.62815036229076,4.252698997701785
2020-11-09 15:30:00,41.221616845,40.858185,8.93082496794976,18.328784293015183,32.29079187705024,22.529400521437942
2020-11-09 15:45:00,35.221616845,37.56423,1.8519334388497266,9.858482554855396,33.36968340615027,27.705749317703198
2020-11-09 16:00:00,46.968969841,44.858906,0.5060937395418647,4.846476802881244,46.462876101458136,40.01242898935509
2020-11-09 16:15:00,42.968969841,41.248306,0.0,3.1085282516547688,42.968969841,38.139778022759295
2020-11-09 16:30:00,74.968969841,66.25943,0.0,3.686427830108874,74.968969841,62.57300210153175
2020-11-09 16:45:00,64.968969841,65.81351,0.0,3.1906555309811333,64.968969841,62.62285154909699
2020-11-09 17:00:00,59.944177112000006,54.578247,0.0,0.7018190476690201,59.944177112000006,53.87642802264348
2020-11-09 17:15:00,65.944177112,64.48033,0.0,0.432752823664173,65.944177112,64.04757859723426
2020-11-09 17:30:00,59.944177112000006,58.12281,0.0,-0.6304730348771282,59.944177112000006,58.75328339864666
2020-11-09 17:45:00,50.944177112000006,53.795654,0.0,-0.7905041945866308,50.944177112000006,54.58615849146163
2020-11-09 18:00:00,37.59530376299999,43.01227,0.0,-0.9430927445639795,37.59530376299999,43.95536462566749
2020-11-09 18:15:00,48.59530376299999,49.469784,0.0,-0.8820939833415223,48.59530376299999,50.351877766300504
2020-11-09 18:30:00,51.19530376300001,50.770977,0.0,-0.8760946177228092,51.19530376300001,51.64707163798648
2020-11-09 18:45:00,53.59530376299999,50.37646,0.0,-0.8706869478348384,53.59530376299999,51.247147976887575
2020-11-09 19:00:00,46.387541545,50.397823,0.0,-0.7125016231511988,46.387541545,51.11032495689143
2020-11-09 19:15:00,46.387541545,45.37452,0.0,-0.6875010409468231,46.387541545,46.06202038909135
2020-11-09 19:30:00,36.387541545,34.66203,0.0,-0.6273827667124535,36.387541545,35.28941203306987
2020-11-09 19:45:00,24.387541544999998,23.849072,0.0,-0.5850104872979635,24.387541544999998,24.43408198998351
2020-11-09 20:00:00,23.043233178000012,24.572248,0.0,-0.4842796242292621,23.043233178000012,25.056528083091568
2020-11-09 20:15:00,23.043233178000012,23.790941,0.0,-0.46644017304018626,23.043233178000012,24.257381411443507
2020-11-09 20:30:00,23.043233178000012,23.909239,0.0,-0.45393849287432453,23.043233178000012,24.363177308181942
2020-11-09 20:45:00,23.043233178000012,23.83275,0.0,-0.4380690883973336,23.043233178000012,24.270819408831905
2020-11-09 21:00:00,40.694917000000004,42.508945,0.0,-0.3563983771914262,40.694917000000004,42.865343842279316
2020-11-09 21:15:00,40.694917000000004,39.467793,0.0,-0.32065647799828156,40.694917000000004,39.78844898898461
2020-11-09 21:30:00,51.694917000000004,49.80467,0.0,-0.31942883063682814,51.694917000000004,50.1240972571505
2020-11-09 21:45:00,54.694917000000004,51.98076,0.0,-0.3601974655974757,54.694917000000004,52.34095613258966
2020-11-09 22:00:00,35.434879783,38.835983,0.0,-0.3385404723487585,35.434879783,39.17452374871595
2020-11-09 22:15:00,27.434879783000003,30.387348,0.0,-0.3592519879774293,27.434879783000003,30.746600163026258
2020-11-09 22:30:00,21.434879783000003,19.4717,0.0,-0.16135012074964827,21.434879783000003,19.63305078908461
2020-11-09 22:45:00,16.434879783000003,15.776708,0.0,-0.04346467503995044,16.434879783000003,15.820172324270908
2020-11-09 23:00:00,14.128918793999999,13.10818,0.0,-0.17540994940999,14.128918793999999,13.283589995491534
2020-11-09 23:15:00,14.128918793999999,13.278866,0.0,-0.1843184422842824,14.128918793999999,13.463184256493268
2020-11-09 23:30:00,14.128918793999999,13.345734,0.0,-0.19866861921304235,14.128918793999999,13.544402261791168
2020-11-09 23:45:00,14.128918793999999,13.345734,0.0,-0.1716428183275972,14.128918793999999,13.517376460905723
2020-11-10 00:00:00,9.64144083,10.16879,0.0,-0.45577147321417677,9.64144083,10.624561336800603
2020-11-10 00:15:00,20.64144083,20.550097,0.0,-0.41360474487585386,20.64144083,20.963701256716675
2020-11-10 00:30:00,20.64144083,20.842884,0.0,-0.44180272861932857,20.64144083,21.284686792340032
2020-11-10 00:45:00,28.64144083,28.852106,0.0,-0.4282060970149032,28.64144083,29.280312191375256
2020-11-10 01:00:00,18.968244084000002,19.56853,0.0,0.410144605426633,18.968244084000002,19.158384523601686
2020-11-10 01:15:00,15.968244084000002,17.750689,0.0,0.5060602391537764,15.968244084000002,17.24462831370267
2020-11-10 01:30:00,7.968244084000003,8.392187,0.0,0.1607917820268686,7.968244084000003,8.231395336503406
2020-11-10 01:45:00,7.968244084000003,7.9399858,0.0,0.2726469469856586,7.968244084000003,7.667338805120054
2020-11-10 02:00:00,7.896298641999997,8.320134,0.0,1.2301081614997829,7.896298641999997,7.090026001403049
2020-11-10 02:15:00,7.896298641999997,8.370442,0.0,0.9687979460548409,7.896298641999997,7.4016444443870535
2020-11-10 02:30:00,7.896298641999997,8.1099825,0.0,0.46431778042399585,7.896298641999997,7.645664710115555
2020-11-10 02:45:00,7.896298641999997,8.1099825,0.0,0.4279104886107462,7.896298641999997,7.6820720019288045
2020-11-10 03:00:00,8.013309468000001,8.126704,0.0,0.8945003986556131,8.013309468000001,7.232203817347805
2020-11-10 03:15:00,8.013309468000001,8.095064,0.0,0.8846382193932677,8.013309468000001,7.21042594381474
2020-11-10 03:30:00,8.013309468000001,8.095064,0.0,0.8813029460469942,8.013309468000001,7.2137612171610135
2020-11-10 03:45:00,8.013309468000001,8.095064,0.0,0.8840203475961051,8.013309468000001,7.2110438156119026
2020-11-10 04:00:00,7.010381609000002,8.674008,0.0,1.7275120325119637,7.010381609000002,6.946496336933837
2020-11-10 04:15:00,7.010381609000002,7.518176,0.0,1.6760321731888999,7.010381609000002,5.842143905607487
2020-11-10 04:30:00,7.010381609000002,7.518176,0.0,1.6570158995251045,7.010381609000002,5.861160179271282
2020-11-10 04:45:00,7.010381609000002,7.518176,0.0,1.703299806848798,7.010381609000002,5.814876271947589
2020-11-10 05:00:00,8.439940000000002,7.476236,0.0,3.7222721641004877,8.439940000000002,3.753963702446143
2020-11-10 05:15:00,8.439940000000002,8.70891,0.0,3.9334500297129757,8.439940000000002,4.775459958690345
2020-11-10 05:30:00,8.439940000000002,8.70891,0.0,3.947951837578291,8.439940000000002,4.760958150825029
2020-11-10 05:45:00,8.439940000000002,8.70891,0.0,3.9723156565771935,8.439940000000002,4.736594331826127
2020-11-10 06:00:00,11.251419469000002,10.188902,0.0,8.162440456880496,11.251419469000002,2.026461444364621
2020-11-10 06:15:00,11.251419469000002,11.646375,0.0,8.496163363134485,11.251419469000002,3.150211339319128
2020-11-10 06:30:00,11.251419469000002,11.646375,0.0,8.338758538561917,11.251419469000002,3.307616163891696
2020-11-10 06:45:00,11.251419469000002,11.646375,6.010140476390955,8.275643666194316,5.241278992609047,3.370731036259297
2020-11-10 07:00:00,17.720059064,15.3640375,17.263477267635956,15.607527160988397,0.45658179636404483,-0.24348964725548683
2020-11-10 07:15:00,17.720059064,18.853321,26.520016487761456,25.43349357457177,-8.799957423761455,-6.580172499132317
2020-11-10 07:30:00,17.720059064,18.789772,26.93073635496552,33.33657189933414,-9.21067729096552,-14.546799865642733
2020-11-10 07:45:00,17.720059064,18.789772,26.981905970174978,34.778477171803026,-9.261846906174977,-15.98870513811162
2020-11-10 08:00:00,36.47836898599999,32.311943,33.28443990115385,36.50214108799241,3.1939290848461397,-4.1901980337931946
2020-11-10 08:15:00,36.47836898599999,36.17703,36.8662888086278,43.33745818541296,-0.3879198226278078,-7.160429529407104
2020-11-10 08:30:00,34.47836898599999,35.98758,31.15512726386633,48.75780557743414,3.3232417221336625,-12.770226231731016
2020-11-10 08:45:00,36.47836898599999,36.66209,25.521819884137592,43.789774809655,10.9565491018624,-7.1276845081413285
2020-11-10 09:00:00,56.680662405,48.26682,34.836292796980665,37.449739450146865,21.844369608019335,10.817079550097276
2020-11-10 09:15:00,56.680662405,56.330967,69.138993137375,49.97355287297514,-12.458330732374996,6.35741407648775
2020-11-10 09:30:00,44.680662405,43.633152,66.1342087773161,78.9248960708864,-21.453546372316104,-35.291744062829764
2020-11-10 09:45:00,34.680662405,33.262314,50.02436188437515,76.13577628316926,-15.343699479375154,-42.873462440395826
2020-11-10 10:00:00,36.030755383000006,32.82714,30.88696349862778,53.88516064992841,5.143791884372227,-21.05801984182294
2020-11-10 10:15:00,36.030755383000006,35.172718,25.989899090781943,41.491590955067444,10.040856292218063,-6.318872906971741
2020-11-10 10:30:00,36.030755383000006,35.82325,25.16939564319235,34.03648670943504,10.861359739807657,1.7867631074594925
2020-11-10 10:45:00,36.030755383000006,35.829975,55.642543857260975,33.539847469041334,-19.61178847426097,2.2901276591324944
2020-11-10 11:00:00,30.91622491000001,33.481915,96.68474914558404,48.78329555262097,-65.76852423558402,-15.301381032357298
2020-11-10 11:15:00,30.91622491000001,27.887392,74.65452559098054,79.28005975240444,-43.73830068098053,-51.39266770833706
2020-11-10 11:30:00,30.91622491000001,27.790663,93.0724053777286,65.54830043119884,-62.15618046772859,-37.75763766569591
2020-11-10 11:45:00,30.91622491000001,27.462517,48.97253609066865,80.4473597866628,-18.056311180668636,-52.98484300199483
2020-11-10 12:00:00,22.016551141000015,27.27166,50.319312604778645,45.19512201375843,-28.30276146377863,-17.92346216268421
2020-11-10 12:15:00,22.016551141000015,21.190054,51.44466834572741,47.74931379063615,-29.428117204727393,-26.559259850816815
2020-11-10 12:30:00,22.016551141000015,21.23994,60.643938590509066,48.35535564583384,-38.62738744950905,-27.115415002523292
2020-11-10 12:45:00,22.016551141000015,21.123985,67.65720734220596,52.59537345886319,-45.64065620120595,-31.47138816833585
2020-11-10 13:00:00,18.926313572,20.601433,60.88446438023344,59.03869151632307,-41.95815080823344,-38.4372587160301
2020-11-10 13:15:00,18.926313572,18.523159,42.33661628238665,54.78685822991811,-23.41030271038665,-36.2636992028185
2020-11-10 13:30:00,18.926313572,18.523159,59.43752183248353,41.770556989283506,-40.51120826048353,-23.247397962183896
2020-11-10 13:45:00,18.926313572,18.675573,63.91698625627908,49.87054425159458,-44.990672684279076,-31.194970902595557
2020-11-10 14:00:00,13.491983282999996,18.629484,67.50376711363596,48.057086926609244,-54.01178383063596,-29.427602749973502
2020-11-10 14:15:00,13.491983282999996,14.685943,83.21258108656099,49.80647628456812,-69.72059780356099,-35.12053363472681
2020-11-10 14:30:00,13.491983282999996,14.702481,70.77586354305254,57.87155049278873,-57.28388026005254,-43.1690692229523
2020-11-10 14:45:00,13.491983282999996,14.587019,79.60478712708189,47.4125503832354,-66.1128038440819,-32.825531416560594
2020-11-10 15:00:00,16.215478869,14.443171,43.88146258104831,41.9783325772489,-27.665983712048313,-27.535162029763548
2020-11-10 15:15:00,16.215478869,16.701756,32.78578980690513,23.01242662764903,-16.57031093790513,-6.31067110396739
2020-11-10 15:30:00,16.215478869,16.710197,14.591863957168318,15.062005913486647,1.6236149118316803,1.6481915352438214
2020-11-10 15:45:00,16.215478869,16.557783,4.9975593804385765,8.073573937887979,11.21791948856142,8.484209188943076
2020-11-10 16:00:00,18.164024786999995,18.442493,0.4637760451716128,2.7337757018998747,17.700248741828382,15.708717736820828
2020-11-10 16:15:00,18.164024786999995,19.603273,0.0,1.6435715995295395,18.164024786999995,17.959701792194092
2020-11-10 16:30:00,18.164024786999995,20.880033,0.0,1.0985684696687992,18.164024786999995,19.781465023373194
2020-11-10 16:45:00,18.164024786999995,20.467522,0.0,0.7333849278472976,18.164024786999995,19.734136739633172
2020-11-10 17:00:00,36.93670213200001,31.521574,0.0,-0.2438265660433735,36.93670213200001,31.765400586429116
2020-11-10 17:15:00,36.93670213200001,37.418205,0.0,-0.5490455005381484,36.93670213200001,37.96725076176862
2020-11-10 17:30:00,69.93670213200001,66.26064,0.0,-0.0801562126877321,69.93670213200001,66.34079921805882
2020-11-10 17:45:00,60.93670213200001,61.22311,0.0,-0.48662273164177805,60.93670213200001,61.70973293061639
2020-11-10 18:00:00,66.82581628399998,61.115826,0.0,-0.831054630122437,66.82581628399998,61.94688028319861
2020-11-10 18:15:00,39.82581628399999,38.049603,0.0,-0.7982170828271161,39.82581628399999,38.84781959137204
2020-11-10 18:30:00,33.82581628399999,32.286366,0.0,-0.694227583924696,33.82581628399999,32.980593092957896
2020-11-10 18:45:00,44.82581628399999,41.74713,0.0,-0.6998726049296994,44.82581628399999,42.44700395258595
2020-11-10 19:00:00,42.59895687600001,40.159813,0.0,-0.5992888100820234,42.59895687600001,40.759101737328116
2020-11-10 19:15:00,42.59895687600001,39.7131,0.0,-0.5702255549273875,42.59895687600001,40.283325988277
2020-11-10 19:30:00,42.59895687600001,40.04091,0.0,-0.5681554462916864,42.59895687600001,40.609064259768246
2020-11-10 19:45:00,42.59895687600001,39.667572,0.0,-0.4885712524428235,42.59895687600001,40.1561432739272
2020-11-10 20:00:00,45.834931221999994,50.693733,0.0,-0.37550822397276484,45.834931221999994,51.0692414393048
2020-11-10 20:15:00,44.834931221999994,42.83201,0.0,-0.40544947199304204,44.834931221999994,43.23745783380945
2020-11-10 20:30:00,44.23493122199997,41.22004,0.0,-0.39247031231218366,44.23493122199997,41.612509679987966
2020-11-10 20:45:00,33.834931221999994,31.852657,0.0,-0.3698592687132801,33.834931221999994,32.22251658682851
2020-11-10 21:00:00,30.090175518,31.36239,0.0,-0.3291371140604077,30.090175518,31.691527632248885
2020-11-10 21:15:00,26.090175518,27.387487,0.0,-0.3051069381226742,26.090175518,27.692594349621697
2020-11-10 21:30:00,19.090175518,18.412361,0.0,-0.2841620959419774,19.090175518,18.696523240961508
2020-11-10 21:45:00,19.090175518,18.640528,0.0,-0.27201274738898384,19.090175518,18.91254047260871
2020-11-10 22:00:00,27.766258878000006,27.188301,0.0,-0.21011536074623216,27.766258878000006,27.398416447172014
2020-11-10 22:15:00,27.766258878000006,26.363832,0.0,-0.12378004252733732,27.766258878000006,26.48761251628222
2020-11-10 22:30:00,38.766258878,37.484966,0.0,-0.20643226161831152,38.766258878,37.69139853969448
2020-11-10 22:45:00,38.766258878,37.889263,0.0,-0.1924962998664298,38.766258878,38.0817594529426
2020-11-10 23:00:00,36.532375417,36.08751,0.0,-0.23341836209264166,36.532375417,36.32092751736608
2020-11-10 23:15:00,31.532375417,32.40858,0.0,-0.20363537023481826,31.532375417,32.61221615026412
2020-11-10 23:30:00,25.532375417,25.282793,0.0,-0.13677705615700042,25.532375417,25.419570101200947
2020-11-10 23:45:00,20.532375417,20.461304,0.0,-0.13249356061425488,20.532375417,20.593797271551754
2020-11-11 00:00:00,18.606547439000003,20.434647,0.0,-0.25545222059310746,18.606547439000003,20.69009882703842
2020-11-11 00:15:00,18.606547439000003,18.903755,0.0,-0.25091358718457457,18.606547439000003,19.154668775172855
2020-11-11 00:30:00,18.606547439000003,18.95992,0.0,-0.22069061662034273,18.606547439000003,19.180611499799053
2020-11-11 00:45:00,14.606547439000002,16.273186,0.0,-0.22048504634753308,14.606547439000002,16.493670776328003
2020-11-11 01:00:00,6.978073556000001,7.2502227,0.0,-0.19930913770485248,6.978073556000001,7.449531820657733
2020-11-11 01:15:00,6.978073556000001,6.6247244,0.0,-0.322928151173259,6.978073556000001,6.9476525392958175
2020-11-11 01:30:00,6.978073556000001,6.6247244,0.0,-0.308760629000541,6.978073556000001,6.9334850171230995
2020-11-11 01:45:00,6.978073556000001,6.675032,0.0,-0.3163590811428644,6.978073556000001,6.991391219967327
2020-11-11 02:00:00,7.990368638999999,7.009982,0.0,0.6410952430694693,7.990368638999999,6.368886866000355
2020-11-11 02:15:00,7.990368638999999,8.130168,0.0,0.6207059540216208,7.990368638999999,7.509462007098985
2020-11-11 02:30:00,7.990368638999999,8.130168,0.0,0.5743604531967862,7.990368638999999,7.555807507923819
2020-11-11 02:45:00,7.990368638999999,8.130168,0.0,0.5210517663753479,7.990368638999999,7.6091161947452575
2020-11-11 03:00:00,7.293399581999999,8.14689,0.0,1.3044231323564484,7.293399581999999,6.842466554228024
2020-11-11 03:15:00,7.293399581999999,7.5587034,0.0,1.2781873387707643,7.293399581999999,6.280516083775622
2020-11-11 03:30:00,7.293399581999999,7.5587034,0.0,1.2674929593378446,7.293399581999999,6.291210463208542
2020-11-11 03:45:00,7.293399581999999,7.5587034,0.0,1.2646345403767638,7.293399581999999,6.294068882169623
2020-11-11 04:00:00,9.755534581,8.051481,0.0,2.8412588941344783,9.755534581,5.210222352813764
2020-11-11 04:15:00,9.755534581,9.782544,0.0,2.8930106365465074,9.755534581,6.889533499500856
2020-11-11 04:30:00,9.755534581,9.767091,0.0,2.9571006880524067,9.755534581,6.80999010937191
2020-11-11 04:45:00,9.755534581,9.720829,0.0,3.025155525824231,9.755534581,6.6956734841855345
2020-11-11 05:00:00,9.125049107999999,10.101684,0.0,6.266902613979913,9.125049107999999,3.8347810026582705
2020-11-11 05:15:00,9.125049107999999,9.445209,0.0,6.28589732627134,9.125049107999999,3.1593112232281717
2020-11-11 05:30:00,9.125049107999999,9.445209,0.0,6.29765051968202,9.125049107999999,3.1475580298174917
2020-11-11 05:45:00,9.125049107999999,9.184746,0.0,6.290020017889959,9.125049107999999,2.8947257706842597
2020-11-11 06:00:00,15.282775799,10.485034,0.0,11.302278723815675,15.282775799,-0.8172447348630385
2020-11-11 06:15:00,15.282775799,15.474215,0.0,10.663380758563463,15.282775799,4.810833795269545
2020-11-11 06:30:00,15.282775799,15.474215,0.0,10.44077708307149,15.282775799,5.033437470761518
2020-11-11 06:45:00,15.282775799,15.40193,0.9378062321516069,10.16672716696542,14.344969566848393,5.235202688381261
2020-11-11 07:00:00,26.773987665,20.495333,9.335712358608133,14.775556527702205,17.438275306391866,5.719776190193302
2020-11-11 07:15:00,26.773987665,26.752068,25.81389975997412,22.34514471326932,0.9600879050258797,4.406922852648648
2020-11-11 07:30:00,26.773987665,25.983883,63.0173598465252,37.88687565678573,-36.2433721815252,-11.902992752732999
2020-11-11 07:45:00,26.773987665,26.07742,92.41330373349194,73.29086730267943,-65.63931606849195,-47.21344802167357
2020-11-11 08:00:00,48.960591904000005,39.194027,69.62493567189843,102.53844038598544,-20.664343767898423,-63.344413438963954
2020-11-11 08:15:00,48.960591904000005,46.132477,140.3642741318083,87.93763447146031,-91.40368222780828,-41.80515766481969
2020-11-11 08:30:00,45.960591904000005,45.231968,151.47080582067233,154.5048419129783,-105.51021391667231,-109.2728739869529
2020-11-11 08:45:00,48.960591904000005,46.21684,186.05385432879322,172.32156255463363,-137.0932624247932,-126.10472371796371
2020-11-11 09:00:00,51.22143736499999,55.15307,232.78261555628586,202.7889455198606,-181.56117819128588,-147.63587697738012
2020-11-11 09:15:00,51.22143736499999,50.89713,232.34868871356585,241.5921866385487,-181.12725134856586,-190.6950575797108
2020-11-11 09:30:00,40.22143736499999,38.283405,256.47826121071614,244.0858354454282,-216.25682384571616,-205.8024301414731
2020-11-11 09:45:00,40.22143736499999,39.771046,267.3571287600014,267.50898785320487,-227.1356913950014,-227.73794216839042
2020-11-11 10:00:00,29.742703660999997,39.441387,285.97327020334956,265.09936863627144,-256.23056654234955,-225.65798145975776
2020-11-11 10:15:00,29.742703660999997,32.218876,320.3079979321639,282.7502611954722,-290.5652942711639,-250.53138531046244
2020-11-11 10:30:00,22.742703660999997,23.337177,333.02098016055146,308.1907825355095,-310.27827649955145,-284.8536052588982
2020-11-11 10:45:00,18.742703660999997,21.482023,340.1916310111463,324.70844544126567,-321.4489273501463,-303.2264222021299
2020-11-11 11:00:00,15.488928159999997,18.468758,304.4757972534055,311.04305581472363,-288.9868690934055,-292.5742981853291
2020-11-11 11:15:00,15.488928159999997,16.450579,323.60806025651675,300.64484378965255,-308.11913209651675,-284.19426510007736
2020-11-11 11:30:00,15.488928159999997,16.380514,259.28719640621546,314.7329867755088,-243.79826824621546,-298.3524726306113
2020-11-11 11:45:00,15.488928159999997,16.279593,339.6040888295032,285.35984724095954,-324.1151606695032,-269.08025472692145
2020-11-11 12:00:00,21.551800754,16.82993,310.5514714600098,304.14818070250794,-288.9996707060098,-287.3182513507013
2020-11-11 12:15:00,21.551800754,21.601318,272.2893948183265,292.25462296850895,-250.73759406432652,-270.65330460913395
2020-11-11 12:30:00,21.551800754,21.385525,220.66267526319106,269.9227978332815,-199.11087450919106,-248.53727308352563
2020-11-11 12:45:00,21.551800754,21.385525,264.955511627945,246.23213603840153,-243.403710873945,-224.84661128864568
2020-11-11 13:00:00,44.812056347,42.25548,143.43193944056875,245.30827830499805,-98.61988309356875,-203.05279658502735
2020-11-11 13:15:00,44.812056347,42.58516,274.92895179564465,170.7816650843259,-230.11689544864464,-128.1965057825681
2020-11-11 13:30:00,55.812056347,53.584404,234.844310502349,240.99455934375837,-179.032254155349,-187.41015535205915
2020-11-11 13:45:00,36.61205634700001,41.027973,216.1369692744528,210.87124039329143,-179.5249129274528,-169.8432672182426
2020-11-11 14:00:00,28.328714973,30.241385,188.25460040429863,172.66094877814416,-159.92588543129864,-142.41956427191857
2020-11-11 14:15:00,19.328714973,18.048914,122.48882722959945,156.4069498343028,-103.16011225659945,-138.35803587861432
2020-11-11 14:30:00,19.328714973,17.337685,39.276123344268285,111.57931937256228,-19.947408371268285,-94.24163474121463
2020-11-11 14:45:00,19.328714973,17.165369,79.64230968622162,63.34802749344609,-60.31359471322162,-46.18265845963261
2020-11-11 15:00:00,22.493953583,18.400156,28.246911907280715,70.59821553018385,-5.752958324280716,-52.198059509065686
2020-11-11 15:15:00,33.493953583,30.105392,20.883724242865704,39.55613791401335,12.610229340134296,-9.45074545795866
2020-11-11 15:30:00,25.493953583,25.924889,12.382602296120448,25.56767421111598,13.111351286879552,0.3572143997238655
2020-11-11 15:45:00,22.493953583,21.631413,4.682231637826082,17.57528852209812,17.811721945173918,4.056123984005396
2020-11-11 16:00:00,24.044439697,22.043358,1.1818290153375124,5.980208550691439,22.86261068166249,16.063149298429654
2020-11-11 16:15:00,24.044439697,23.575165,0.0,2.975087652989174,24.044439697,20.6000771419327
2020-11-11 16:30:00,24.044439697,23.585363,0.0,2.1628055131424713,24.044439697,21.42255787491905
2020-11-11 16:45:00,24.044439697,23.71256,0.0,1.452067737514338,24.044439697,22.260492916172186
2020-11-11 17:00:00,28.02051289899999,24.849533,0.0,-0.23095374273007352,28.02051289899999,25.08048682378476
2020-11-11 17:15:00,39.02051289899999,39.143333,0.0,-0.6021014209098016,39.02051289899999,39.7454348559684
2020-11-11 17:30:00,50.02051289899999,51.848476,0.0,-0.8926094317590049,50.02051289899999,52.741085841671115
2020-11-11 17:45:00,50.02051289899999,54.18626,0.0,-1.0592014717952276,50.02051289899999,55.2454616951839
2020-11-11 18:00:00,85.63343249900001,88.21508,0.0,-1.1745544092008169,85.63343249900001,89.38963467043129
2020-11-11 18:15:00,71.63343249900001,70.86284,0.0,-0.9951179895122905,71.63343249900001,71.85795673462948
2020-11-11 18:30:00,68.63343249900001,63.637558,0.0,-0.8990838878834612,68.63343249900001,64.5366418712819
2020-11-11 18:45:00,45.43343249900001,45.369137,0.0,-0.9056430951040851,45.43343249900001,46.27477990540682
2020-11-11 19:00:00,48.153030075000004,58.497,0.0,-0.7744050042340592,48.153030075000004,59.27140665218328
2020-11-11 19:15:00,59.153030075000004,60.226807,0.0,-0.8041103323260571,59.153030075000004,61.030916972951054
2020-11-11 19:30:00,70.153030075,66.29093,0.0,-0.852804267735313,70.153030075,67.14373596939546
2020-11-11 19:45:00,62.153030075000004,63.115532,0.0,-0.9138358453368279,62.153030075000004,64.02936776672355
2020-11-11 20:00:00,62.151642781999996,57.89187,0.0,-0.7348521745446429,62.151642781999996,58.626720765853236
2020-11-11 20:15:00,58.151642781999996,59.387684,0.0,-0.6488285765087226,58.151642781999996,60.03651244491692
2020-11-11 20:30:00,45.151642781999996,47.038662,0.0,-0.5575619930824632,45.151642781999996,47.596223949869575
2020-11-11 20:45:00,40.151642781999996,39.21428,0.0,-0.5036861930067104,40.151642781999996,39.717965367811395
2020-11-11 21:00:00,37.151803972,39.375988,0.0,-0.4103823177111564,37.151803972,39.78637032430295
2020-11-11 21:15:00,32.151803972,30.419544,0.0,-0.3405482142160877,32.151803972,30.76009243418679
2020-11-11 21:30:00,32.151803972,31.634684,0.495351189489215,-0.41358180544215906,31.656452782510787,32.048265414450945
2020-11-11 21:45:00,43.151803972,40.780754,0.0,-0.45977977775634493,43.151803972,41.240533867111814
2020-11-11 22:00:00,49.83716041700001,44.179993,0.0,-0.43728511074361187,49.83716041700001,44.61727778652486
2020-11-11 22:15:00,45.83716041700001,44.227406,0.0,-0.3687818348353523,45.83716041700001,44.596187382931056
2020-11-11 22:30:00,45.83716041700001,44.3692,0.0,-0.3423844586196153,45.83716041700001,44.71158611877586
2020-11-11 22:45:00,45.83716041700001,43.362713,0.0,-0.23080243849766646,45.83716041700001,43.59351529860509
2020-11-11 23:00:00,30.19680492700003,35.67502,0.0,-0.33757533730050426,30.19680492700003,36.01259364784738
2020-11-11 23:15:00,14.596804927000008,14.905797,0.0,-0.26896696357226546,14.596804927000008,15.174763968271973
2020-11-11 23:30:00,14.596804927000008,13.826392,0.0,-0.24952678992938282,14.596804927000008,14.075918963696473
2020-11-11 23:45:00,14.596804927000008,14.191898,0.0,-0.16262314417457902,14.596804927000008,14.354521490121845
2020-11-12 00:00:00,8.36195561,9.5461445,0.0,-0.5041925211256518,8.36195561,10.050337006599285
2020-11-12 00:15:00,8.36195561,8.027243,0.0,-0.4442186754895011,8.36195561,8.471461336011963
2020-11-12 00:30:00,8.36195561,8.2877035,0.0,-0.47134171342519615,8.36195561,8.759045227524318
2020-11-12 00:45:00,8.36195561,8.325947,0.0,-0.46082104655843914,8.36195561,8.786767854419768
2020-11-12 01:00:00,7.707572195999999,7.3113623,0.0,-0.5437056566249058,7.707572195999999,7.855067923165433
2020-11-12 01:15:00,7.707572195999999,7.8373113,0.0,-0.4890232718840607,7.707572195999999,8.326334539736845
2020-11-12 01:30:00,7.707572195999999,7.8373113,0.0,-0.49597991195376345,7.707572195999999,8.333291179806547
2020-11-12 01:45:00,7.707572195999999,7.8649726,0.0,-0.5046100503102348,7.707572195999999,8.369582641710382
2020-11-12 02:00:00,10.178415784,8.14215,0.0,0.17778702975175775,10.178415784,7.964362895480176
2020-11-12 02:15:00,10.178415784,10.051788,0.0,0.14990454791917862,10.178415784,9.901883782158947
2020-11-12 02:30:00,10.178415784,10.051788,0.0,0.10197923551906818,10.178415784,9.949809094559058
2020-11-12 02:45:00,10.178415784,10.051788,0.0,0.04730997842468987,10.178415784,10.004478351653436
2020-11-12 03:00:00,10.822088276999999,9.812704,0.0,0.5958831442486819,10.822088276999999,9.21682094205503
2020-11-12 03:15:00,10.822088276999999,10.14372,0.0,0.60859234367856,10.822088276999999,9.535127329478179
2020-11-12 03:30:00,10.822088276999999,10.135894,0.0,0.6228086558137659,10.822088276999999,9.513085165902543
2020-11-12 03:45:00,10.822088276999999,10.135894,0.0,0.6499751084807074,10.822088276999999,9.485918713235602
2020-11-12 04:00:00,8.661818693999999,11.1956,0.0,2.320853540546784,8.661818693999999,8.874746015422454
2020-11-12 04:15:00,8.661818693999999,9.05319,0.0,2.2760768771615423,8.661818693999999,6.7771133541617
2020-11-12 04:30:00,8.661818693999999,9.05319,0.0,2.281691991807243,8.661818693999999,6.771498239515999
2020-11-12 04:45:00,8.661818693999999,9.05319,0.0,2.2896711782971915,8.661818693999999,6.763519053026051
2020-11-12 05:00:00,8.435272610000002,9.026704,0.0,5.435960571805082,8.435272610000002,3.5907432627286093
2020-11-12 05:15:00,8.435272610000002,9.026704,0.0,5.406220879321229,8.435272610000002,3.620482955212462
2020-11-12 05:30:00,8.435272610000002,9.026704,0.0,5.382813290192607,8.435272610000002,3.643890544341084
2020-11-12 05:45:00,8.435272610000002,9.026704,0.0,5.3575837035401,8.435272610000002,3.6691201309935915
2020-11-12 06:00:00,11.130592123,10.80298,0.0,12.46892531120827,11.130592123,-1.6659448882346375
2020-11-12 06:15:00,11.130592123,12.260453,0.0,12.259837557842234,11.130592123,0.0006156663398950712
2020-11-12 06:30:00,11.130592123,12.260453,0.0,12.093501192951347,11.130592123,0.16695203123078173
2020-11-12 06:45:00,11.130592123,12.110449,2.009848027237208,11.984669293757284,9.120744095762792,0.1257795435229898
2020-11-12 07:00:00,23.618362295000004,20.001534,5.048621851595513,18.823348484766868,18.56974044340449,1.1781850235339135
2020-11-12 07:15:00,23.618362295000004,23.970068,12.879483612701124,21.438083361020617,10.73887868229888,2.5319846168846567
2020-11-12 07:30:00,23.618362295000004,23.952095,20.896216788439684,27.812301763959173,2.72214550656032,-3.8602067322208917
2020-11-12 07:45:00,23.618362295000004,23.888546,30.703245937908175,35.06937666255657,-7.084883642908171,-11.180830672566337
2020-11-12 08:00:00,32.77619396200001,30.63823,47.79548248727035,48.940933536442245,-15.01928852527034,-18.302704166325057
2020-11-12 08:15:00,32.77619396200001,33.20092,64.18996656023866,65.60051467279351,-31.41377259823865,-32.39959456781304
2020-11-12 08:30:00,32.77619396200001,33.201576,65.9531389156588,81.84542889898646,-33.17694495365879,-48.6438526660763
2020-11-12 08:45:00,32.77619396200001,33.555676,59.00168520606591,85.80697243059494,-26.2254912440659,-52.25129692400314
2020-11-12 09:00:00,34.398343045000004,42.340694,92.84929017285931,73.63058811883693,-58.45094712785931,-31.28989369134669
2020-11-12 09:15:00,34.398343045000004,36.5976,99.69459592983274,105.3499571446344,-65.29625288483274,-68.75235811509339
2020-11-12 09:30:00,34.398343045000004,36.5976,123.71702606549482,112.21958307412224,-89.31868302049482,-75.62198404458123
2020-11-12 09:45:00,36.398343045000004,37.570965,165.90433494517097,137.15714647199923,-129.50599190017095,-99.5861816587668
2020-11-12 10:00:00,32.58104319500001,31.47076,170.73248357613718,164.18646490020052,-138.15144038113718,-132.71570455474154
2020-11-12 10:15:00,32.58104319500001,31.780306,146.14199473870173,172.81927366267277,-113.56095154370172,-141.038967800246
2020-11-12 10:30:00,21.581043195000003,21.342806,214.8943417656276,157.607153011666,-193.31329857062758,-136.26434714923926
2020-11-12 10:45:00,21.581043195000003,20.778446,211.08038008593925,221.01145411548958,-189.49933689093925,-200.23300791797982
2020-11-12 11:00:00,19.351443055,20.363768,163.86683133959104,204.56900745609977,-144.51538828459104,-184.2052398321984
2020-11-12 11:15:00,19.351443055,18.884237,225.39831492009995,173.02091815887906,-206.04687186509994,-154.13668086945034
2020-11-12 11:30:00,19.351443055,18.932167,271.9697284661938,222.48904313840137,-252.61828541119382,-203.55687608517871
2020-11-12 11:45:00,19.351443055,18.799429,217.34050300593037,252.68094861833757,-197.98905995093037,-233.88151967851823
2020-11-12 12:00:00,21.768975813000004,20.017225,212.39781213641893,210.37932738928976,-190.62883632341894,-190.36210212378683
2020-11-12 12:15:00,21.768975813000004,22.236929,127.8159295814356,208.8233766966335,-106.0469537684356,-186.58644775681415
2020-11-12 12:30:00,21.768975813000004,22.387274,93.51935012116658,147.8869303638648,-71.75037430816658,-125.49965657541264
2020-11-12 12:45:00,21.768975813000004,22.378788,127.50370192648059,120.08146607555821,-105.73472611348058,-97.70267808117345
2020-11-12 13:00:00,18.160381286,22.66033,119.80806896333114,133.20950892129957,-101.64768767733113,-110.54917910257399
2020-11-12 13:15:00,18.160381286,19.920603,104.6783847127798,123.88968824625445,-86.5180034267798,-103.96908544779254
2020-11-12 13:30:00,29.160381286,31.514278,116.54872256384388,109.8911050879241,-87.38834127784388,-78.37682667605887
2020-11-12 13:45:00,29.160381286,30.836283,95.0816219240412,112.80287899229481,-65.9212406380412,-81.96659626219227
2020-11-12 14:00:00,28.349634620000003,29.894606,70.74728484967562,85.33958102286351,-42.39765022967562,-55.44497538626683
2020-11-12 14:15:00,28.349634620000003,28.46397,84.71875327731081,69.90097625212681,-56.36911865731081,-41.43700606780064
2020-11-12 14:30:00,28.349634620000003,28.460281,57.67159523026998,70.18029797709481,-29.321960610269976,-41.7200166050245
2020-11-12 14:45:00,28.349634620000003,28.228006,35.20159749535555,50.87246804172179,-6.851962875355547,-22.64446167880675
2020-11-12 15:00:00,50.015700072,45.891567,33.32821775323474,27.926467802442232,16.687482318765262,17.965099427782377
2020-11-12 15:15:00,39.015700072,40.731453,23.880090612302595,19.916421917128407,15.135609459697406,20.815031024766125
2020-11-12 15:30:00,45.81570007200001,43.94543,11.881311300004302,14.166543879094032,33.934388771995714,29.778886876521202
2020-11-12 15:45:00,24.21570007199999,27.986372,3.7163567547864633,6.4919959455307445,20.499343317213526,21.49437604848781
2020-11-12 16:00:00,19.895382877,18.80972,0.0,1.3577960924951347,19.895382877,17.451922993198224
2020-11-12 16:15:00,19.895382877,21.446682,0.0,0.8266142403512856,19.895382877,20.620067735967073
2020-11-12 16:30:00,19.895382877,21.357998,0.0,0.200303433784783,19.895382877,21.157694460502327
2020-11-12 16:45:00,30.895382877,33.519306,0.0,0.3209484073572203,30.895382877,33.19835777550411
2020-11-12 17:00:00,72.101780183,59.81537,0.0,-0.3365156804863335,72.101780183,60.151884332830086
2020-11-12 17:15:00,72.101780183,71.17171,0.0,-0.9881300433717072,72.101780183,72.15983719669202
2020-11-12 17:30:00,74.101780183,72.25652,0.0,-1.0835525511683999,74.101780183,73.34007568349261
2020-11-12 17:45:00,42.101780183,49.280125,0.0,-1.2446065100350898,42.101780183,50.52473117434173
2020-11-12 18:00:00,41.156646813,47.407494,0.0,-1.0260464718045226,41.156646813,48.433540063113114
2020-11-12 18:15:00,33.156646813,36.067745,0.0,-0.9751720967235552,33.156646813,37.04291730546379
2020-11-12 18:30:00,30.156646813000002,32.163692,0.0,-0.9432340084092888,30.156646813000002,33.106926482774526
2020-11-12 18:45:00,30.156646813000002,31.40208,0.0,-0.904752132786583,30.156646813000002,32.306832668675256
2020-11-12 19:00:00,32.433020704,29.104626,0.0,-0.7305060768447148,32.433020704,29.835131778749012
2020-11-12 19:15:00,32.433020704,30.921797,0.0,-0.7296549498712049,32.433020704,31.65145174857726
2020-11-12 19:30:00,32.433020704,31.205122,0.0,-0.7182135720674953,32.433020704,31.92333556608605
2020-11-12 19:45:00,32.433020704,30.696777,0.0,-0.6607992327140649,32.433020704,31.357576576464066
2020-11-12 20:00:00,28.55884642599999,31.974215,0.0,-0.5303733929521918,28.55884642599999,32.5045879467852
2020-11-12 20:15:00,28.55884642599999,29.024921,0.0,-0.49082057207349117,28.55884642599999,29.51574198930982
2020-11-12 20:30:00,39.55884642599999,39.85368,0.0,-0.446727083067045,39.55884642599999,40.30040674004947
2020-11-12 20:45:00,35.55884642599999,36.2255,0.0,-0.3782778775554877,35.55884642599999,36.60377607701838
2020-11-12 21:00:00,23.257713285999998,26.289036,0.0,-0.14868631871218974,23.257713285999998,26.43772211583133
2020-11-12 21:15:00,23.257713285999998,23.590567,0.0,-0.0795043915074124,23.257713285999998,23.67007102663925
2020-11-12 21:30:00,23.257713285999998,23.645885,0.0,0.07754525755324237,23.257713285999998,23.568340209976054
2020-11-12 21:45:00,34.257713286,32.519817,0.0,0.023910919244303552,34.257713286,32.49590643305062
2020-11-12 22:00:00,55.190682476999996,47.266357,0.0,-0.13172075067554367,55.190682476999996,47.39807817255054
2020-11-12 22:15:00,55.190682476999996,51.412125,0.0,-0.07549361486913952,55.190682476999996,51.4876182486582
2020-11-12 22:30:00,55.190682476999996,52.61114,0.0,-0.07050514846820832,55.190682476999996,52.68164635330219
2020-11-12 22:45:00,47.190682476999996,47.843044,0.0,0.058184635962873155,47.190682476999996,47.784859645042985
2020-11-12 23:00:00,36.788917168,37.646896,0.0,0.06901411443645677,36.788917168,37.57788224786823
2020-11-12 23:15:00,37.788917168,36.41687,0.0,0.106883233592593,37.788917168,36.30998688359491
2020-11-12 23:30:00,27.38891716800002,28.134314,0.0,0.14815476329559274,27.38891716800002,27.98615882007843
2020-11-12 23:45:00,36.788917168,36.907383,0.0,0.06275362455016598,36.788917168,36.84462934053772
2020-11-13 00:00:00,25.548868907,29.37759,0.0,-0.1957399467297548,25.548868907,29.573330126173115
2020-11-13 00:15:00,19.548868907,18.88029,0.0,-0.20077943648619823,19.548868907,19.081068514244986
2020-11-13 00:30:00,14.548868906999997,16.036888,0.0,-0.22726820243792567,14.548868906999997,16.26415632499652
2020-11-13 00:45:00,8.548868906999997,9.778394,0.0,-0.2629362712131381,8.548868906999997,10.041330016635502
2020-11-13 01:00:00,7.090046326000003,6.8352118,0.0,-0.4022895233448188,7.090046326000003,7.2375012771900336
2020-11-13 01:15:00,7.090046326000003,7.122522,0.0,-0.4570698339025717,7.090046326000003,7.57959171119139
2020-11-13 01:30:00,18.090046326000003,18.670467,0.0,-0.423252179906073,18.090046326000003,19.093719556615056
2020-11-13 01:45:00,29.090046326000003,30.937624,0.0,-0.370029486999763,29.090046326000003,31.307653464660895
2020-11-13 02:00:00,29.488449929,30.411512,0.0,1.0642876999721134,29.488449929,29.347224674905817
2020-11-13 02:15:00,29.488449929,30.411512,0.0,0.9717851336636149,29.488449929,29.439727241214314
2020-11-13 02:30:00,26.488449929,29.04991,0.0,1.4227293173503393,26.488449929,27.627180274324466
2020-11-13 02:45:00,15.488449929000002,16.139975,0.0,1.6338102671123602,15.488449929000002,14.506164327003852
2020-11-13 03:00:00,9.018403317999999,8.953602,0.0,3.3362281332690555,9.018403317999999,5.617373703889148
2020-11-13 03:15:00,9.018403317999999,8.37358,0.0,3.0079858948955875,9.018403317999999,5.3655940840472836
2020-11-13 03:30:00,9.018403317999999,8.394946,0.0,2.567194854393354,9.018403317999999,5.827751243934283
2020-11-13 03:45:00,9.018403317999999,8.4684725,0.0,1.3448567882859246,9.018403317999999,7.123615692488001
2020-11-13 04:00:00,7.956541254999998,9.078614,0.0,2.034824696365402,7.956541254999998,7.043789538558914
2020-11-13 04:15:00,7.956541254999998,8.541387,0.0,1.9730570654002628,7.956541254999998,6.568329538908819
2020-11-13 04:30:00,7.956541254999998,8.541387,0.0,1.9549765570505189,7.956541254999998,6.586410047258563
2020-11-13 04:45:00,7.956541254999998,8.801849,0.0,2.2708066170199794,7.956541254999998,6.531042748214396
2020-11-13 05:00:00,7.444872261999999,8.801849,0.0,3.5457476810983746,7.444872261999999,5.256101684136
2020-11-13 05:15:00,7.444872261999999,8.24531,0.0,3.507678361829221,7.444872261999999,4.737631467882693
2020-11-13 05:30:00,7.444872261999999,7.984852,1.1159105001487544,3.3574261392485103,6.328961761851245,4.627425697909693
2020-11-13 05:45:00,7.444872261999999,7.984852,0.9386011426686632,3.757465581856877,6.506271119331336,4.227386255301326
2020-11-13 06:00:00,12.029759641,9.204772,0.9267017546828437,7.378187115747795,11.103057886317156,1.8265848797966386
2020-11-13 06:15:00,12.029759641,11.959608,0.0,7.612097786953751,12.029759641,4.347510291049178
2020-11-13 06:30:00,12.029759641,11.944155,0.40584934813013,7.251410434585828,11.62391029286987,4.692744304794055
2020-11-13 06:45:00,12.029759641,11.830781,0.993937253344117,7.567019019355427,11.035822387655884,4.263761963615765
2020-11-13 07:00:00,22.743304225000003,17.45171,1.2614102200006951,13.706910511693355,21.481894004999308,3.744799235621098
2020-11-13 07:15:00,22.743304225000003,23.766848,1.9974237297767803,13.721104036899956,20.745880495223222,10.045743573573677
2020-11-13 07:30:00,22.743304225000003,23.766848,2.9523857701614054,14.269194085335814,19.790918454838597,9.49765352513782
2020-11-13 07:45:00,22.743304225000003,23.84024,7.143327834012422,15.067788881241341,15.599976390987582,8.772451597274284
2020-11-13 08:00:00,37.20028737399999,27.978626,6.338757286591056,19.93003722549693,30.861530087408937,8.048589025723775
2020-11-13 08:15:00,37.20028737399999,35.40571,5.8672215968814685,20.19765431917554,31.333065777118524,15.20805399381274
2020-11-13 08:30:00,37.20028737399999,35.31265,14.178399038025363,21.202283324109477,23.02188833597463,14.110365449083883
2020-11-13 08:45:00,37.20028737399999,35.599003,14.119541053436983,29.74752071715878,23.08074632056301,5.851482120975987
2020-11-13 09:00:00,36.229933931999994,39.93686,23.026998968110856,24.897189512175224,13.202934963889138,15.039669618684151
2020-11-13 09:15:00,36.229933931999994,33.987007,14.796539960524496,33.12022679706478,21.433393971475496,0.8667803440485002
2020-11-13 09:30:00,35.229933931999994,34.08954,14.902358741215584,27.685124223442287,20.327575190784408,6.404414350776463
2020-11-13 09:45:00,25.229933931999994,25.211744,15.757432971756103,28.726195055498366,9.472500960243892,-3.514450747026686
2020-11-13 10:00:00,18.606776701,24.61439,14.632774121779239,26.719567511225897,3.9740025792207625,-2.1051780916702327
2020-11-13 10:15:00,29.606776701,29.796017,24.947577811378316,28.805082056304613,4.659198889621685,0.9909346368106213
2020-11-13 10:30:00,29.606776701,29.220133,58.56263900771211,35.13593150675777,-28.955862306712106,-5.915798678998982
2020-11-13 10:45:00,29.606776701,29.096624,52.32506838161654,61.191343096528186,-22.718291680616538,-32.09471872213854
2020-11-13 11:00:00,23.916498409000003,28.224993,21.67613482846212,51.61344061555552,2.240363580537881,-23.388447863480323
2020-11-13 11:15:00,15.916498409000003,15.689711,16.213955019156575,30.95614777672384,-0.29745661015657276,-15.266437159658409
2020-11-13 11:30:00,15.916498409000003,15.810192,31.06816656646053,29.696476261593396,-15.151668157460527,-13.8862841534391
2020-11-13 11:45:00,15.916498409000003,15.810192,48.25919319890191,40.67822464561702,-32.34269478990191,-24.868032537462724
2020-11-13 12:00:00,14.106744035000002,16.551369,38.788088998918816,49.55091304058927,-24.681344963918814,-32.999544327210366
2020-11-13 12:15:00,14.106744035000002,15.275887,33.7673902037819,44.0835959543395,-19.6606461687819,-28.80770941869497
2020-11-13 12:30:00,14.106744035000002,15.172,14.097932888212044,40.473513302417246,0.008811146787957469,-25.301513371081796
2020-11-13 12:45:00,14.106744035000002,15.256556,50.76848785315204,27.86406683713614,-36.66174381815203,-12.607511279885163
2020-11-13 13:00:00,13.203205121,14.5093975,45.158756707075575,44.93470205910545,-31.955551586075575,-30.42530455239158
2020-11-13 13:15:00,13.203205121,13.408848,66.32280524823041,41.38792813119488,-53.11960012723041,-27.979080322356992
2020-11-13 13:30:00,13.203205121,13.304961,31.358057502393766,51.358913838519484,-18.154852381393766,-38.053952633990676
2020-11-13 13:45:00,13.203205121,13.480707,30.228025850693108,28.982916731185604,-17.024820729693108,-15.502209562606502
2020-11-13 14:00:00,9.999468466,13.581609,49.831807936267964,24.32640837577076,-39.83233947026797,-10.744799603492929
2020-11-13 14:15:00,9.999468466,10.545935,68.56543096272256,34.66689809827182,-58.56596249672256,-24.1209634211478
2020-11-13 14:30:00,9.999468466,10.431668,54.57561395171512,42.54860272415826,-44.57614548571512,-32.11693444260308
2020-11-13 14:45:00,20.999468466,22.883825,69.46141257248861,33.40322553725104,-48.461944106488616,-10.519400235127016
2020-11-13 15:00:00,24.507115640000002,22.220846,63.29417456208307,26.360281414858484,-38.78705892208307,-4.139435238711023
2020-11-13 15:15:00,24.507115640000002,25.845833,39.3149755411917,22.796329047123933,-14.807859901191698,3.049503777583098
2020-11-13 15:30:00,24.507115640000002,25.849112,20.573260824785176,11.882462770608289,3.9338548152148256,13.966648786398547
2020-11-13 15:45:00,13.507115640000002,14.551962,7.262228928269645,5.181435068642894,6.2448867117303575,9.370526830160816
2020-11-13 16:00:00,13.955356255999995,15.0875845,1.4578081562633562,1.0825464451108804,12.497548099736639,14.005038050433553
2020-11-13 16:15:00,13.955356255999995,15.201422,0.0,0.1842619433145395,13.955356255999995,15.01715979435636
2020-11-13 16:30:00,13.955356255999995,15.201422,0.0,-0.06844106924234794,13.955356255999995,15.269862806913247
2020-11-13 16:45:00,13.955356255999995,15.179617,0.0,-0.18368021213244845,13.955356255999995,15.363297140233035
2020-11-13 17:00:00,34.05483340399999,28.011372,0.0,-0.7465127542249422,34.05483340399999,28.75788436677377
2020-11-13 17:15:00,45.05483340399999,44.05009,0.0,-0.8459388683227963,45.05483340399999,44.89602965811772
2020-11-13 17:30:00,51.05483340399999,49.29863,0.0,-0.854057790082739,51.05483340399999,50.15268755082493
2020-11-13 17:45:00,62.05483340399999,63.792004,0.0,-0.52377904853548,62.05483340399999,64.31578268012727
2020-11-13 18:00:00,68.18697305900001,61.96989,0.0,-0.9647746544177976,68.18697305900001,62.93466524890022
2020-11-13 18:15:00,101.18697305900001,93.58236,0.0,-0.9096660556387565,101.18697305900001,94.4920253696036
2020-11-13 18:30:00,101.18697305900001,101.6215,0.0,-1.047243366316441,101.18697305900001,102.6687414742266
2020-11-13 18:45:00,90.18697305900001,95.53729,0.0,-0.8906555832536888,90.18697305900001,96.42794806372244
2020-11-13 19:00:00,91.75344077999999,89.226814,0.0,-0.8592820461471532,91.75344077999999,90.08609631616669
2020-11-13 19:15:00,44.55344078,49.409027,0.0,-0.687281892802532,44.55344078,50.096308992411906
2020-11-13 19:30:00,52.153440780000025,48.833183,0.0,-0.6926028379655601,52.153440780000025,49.52578612653978
2020-11-13 19:45:00,64.55344078,63.396236,0.0,-0.7264452528092981,64.55344078,64.12268167248703
2020-11-13 20:00:00,53.007309119,54.057976,0.0,-0.5230834231128326,53.007309119,54.5810591921558
2020-11-13 20:15:00,53.007309119,56.030804,0.0,-0.6653490430840111,53.007309119,56.696152723503936
2020-11-13 20:30:00,63.007309119,57.818005,0.0,-0.6430389461379856,63.007309119,58.46104355429228
2020-11-13 20:45:00,53.007309119,55.323986,0.0,-0.552433168314539,53.007309119,55.87641922178133
2020-11-13 21:00:00,41.295680516999994,55.31014,0.0,-0.4945898645027881,41.295680516999994,55.80472856689536
2020-11-13 21:15:00,41.295680516999994,43.54385,0.0,-0.490562746527906,41.295680516999994,44.034412691596266
2020-11-13 21:30:00,35.295680516999994,31.86062,0.0,-0.4283317106784824,35.295680516999994,32.28895220933571
2020-11-13 21:45:00,30.29568051699999,32.078163,0.0,-0.47535084252622284,30.29568051699999,32.55351398949888
2020-11-13 22:00:00,28.442895678,30.767534,0.0,-0.5523877094630613,28.442895678,31.319921965444507
2020-11-13 22:15:00,38.442895678,38.0419,0.0,-0.5034508846991673,38.442895678,38.545351519464795
2020-11-13 22:30:00,38.442895678,40.02185,0.0,-0.4237735161525623,38.442895678,40.445624102090065
2020-11-13 22:45:00,33.442895678,33.728252,0.0,-0.33687733449599044,33.442895678,34.06512974538466
2020-11-13 23:00:00,32.448260831,33.85353,0.0,-0.3320595662843441,32.448260831,34.185590450073406
2020-11-13 23:15:00,43.448260831,37.474262,0.0,-0.31696267787699306,43.448260831,37.79122491542582
2020-11-13 23:30:00,43.448260831,42.238415,0.0,-0.24226239499115032,43.448260831,42.48067715939545
2020-11-13 23:45:00,46.448260831,43.29029,0.0,-0.2817887110638849,46.448260831,43.57207954358341
2020-11-14 00:00:00,42.352955037,38.656918,0.0,-0.16745882742321883,42.352955037,38.8243763994447
2020-11-14 00:15:00,34.15295503700001,32.80328,0.0,-0.04577657509120947,34.15295503700001,32.849056451800195
2020-11-14 00:30:00,28.352955037,27.61395,0.0,-0.31682876547346084,28.352955037,27.930779494843577
2020-11-14 00:45:00,22.352955037,19.405386,0.0,-0.41050937303172497,22.352955037,19.81589534410106
2020-11-14 01:00:00,10.607009423000001,7.6232834,0.0,0.4696471456016543,10.607009423000001,7.153636240628814
2020-11-14 01:15:00,5.607009423000002,4.9887977,0.0,-0.33669756472955037,5.607009423000002,5.325495229371884
2020-11-14 01:30:00,5.607009423000002,5.4956183,0.0,-0.6546548033898826,5.607009423000002,6.150273146743154
2020-11-14 01:45:00,16.607009423,17.833784,0.0,-0.6388843754846462,16.607009423,18.4726684788782
2020-11-14 02:00:00,30.841434414999995,29.873789,0.0,1.32540018258958,30.841434414999995,28.548388651028585
2020-11-14 02:15:00,30.841434414999995,31.507381,0.0,1.3411930967173555,30.841434414999995,30.16618834249163
2020-11-14 02:30:00,30.841434414999995,31.507381,0.0,1.2272364596008556,30.841434414999995,30.280144979608128
2020-11-14 02:45:00,30.841434414999995,31.528887,0.0,1.5818964931653552,30.841434414999995,29.94699030187859
2020-11-14 03:00:00,18.663323554999998,21.497723,0.0,4.9804549727376815,18.663323554999998,16.51726765299474
2020-11-14 03:15:00,7.8633235549999885,9.055944,0.0,3.9966961504491785,7.8633235549999885,5.059248292299845
2020-11-14 03:30:00,7.663323555,7.928975,0.0,3.441845937436926,7.663323555,4.487129167848718
2020-11-14 03:45:00,7.663323555,7.928975,0.0,3.329453518015592,7.663323555,4.599521587270052
2020-11-14 04:00:00,4.790711627,8.5074625,0.0,4.775495618228553,4.790711627,3.731966883297326
2020-11-14 04:15:00,4.790711627,5.741168,0.0,3.174859058568389,4.790711627,2.566308963587373
2020-11-14 04:30:00,4.790711627,5.741168,0.0,3.1139758497291794,4.790711627,2.6271921724265823
2020-11-14 04:45:00,4.790711627,5.741168,0.0,3.1067924361220305,4.790711627,2.6343755860337312
2020-11-14 05:00:00,5.939576238000001,5.6043143,0.0,4.584585429773643,5.939576238000001,1.0197288974663472
2020-11-14 05:15:00,5.939576238000001,7.0316806,0.0,4.7018172544185886,5.939576238000001,2.329863329535269
2020-11-14 05:30:00,5.939576238000001,7.0316806,0.0,4.690446604943635,5.939576238000001,2.341233979010222
2020-11-14 05:45:00,5.939576238000001,7.0316806,0.0,4.6614994637617935,5.939576238000001,2.370181120192064
2020-11-14 06:00:00,12.753337296999998,8.756524,0.0,7.225219594390638,12.753337296999998,1.531304491607897
2020-11-14 06:15:00,12.753337296999998,12.784575,0.0,7.437442944252204,12.753337296999998,5.347132518089104
2020-11-14 06:30:00,12.753337296999998,12.939546,0.0,7.4613566346713425,12.753337296999998,5.478188996737349
2020-11-14 06:45:00,12.753337296999998,12.939546,0.0,7.55959584513709,12.753337296999998,5.3799497862716015
2020-11-14 07:00:00,18.78220505699999,18.823063,5.12825298844907,9.446103817949048,13.653952068550922,9.376959078779468
2020-11-14 07:15:00,18.78220505699999,20.099514,14.669869214936007,13.239767713933542,4.112335842063985,6.859746293634817
2020-11-14 07:30:00,18.78220505699999,20.099514,17.483293542997103,21.31135298802844,1.2989115140028886,-1.2118389804600795
2020-11-14 07:45:00,18.78220505699999,20.035965,34.08919904931856,24.37325569201913,-15.306993992318567,-4.337290726198816
2020-11-14 08:00:00,33.398223683,25.18769,55.83381790173987,38.97870577354273,-22.435594218739872,-13.791015038679447
2020-11-14 08:15:00,44.398223683,44.7288,71.20521228772421,61.51864947081325,-26.80698860472421,-16.78984774351833
2020-11-14 08:30:00,44.398223683,45.146797,111.67261287827822,78.10710592840323,-67.27438919527822,-32.96030874822745
2020-11-14 08:45:00,49.598223682999986,45.581535,133.71178836023512,119.10622982930973,-84.11356467723513,-73.52469448995426
2020-11-14 09:00:00,32.165534627,40.721485,93.70999772132615,133.0729066258777,-61.54446309432615,-92.35142148793824
2020-11-14 09:15:00,30.165534626999996,30.644949,89.13953793951403,109.16818568986308,-58.97400331251403,-78.5232367305125
2020-11-14 09:30:00,21.165534626999996,22.144562,137.5467734434216,111.36047089052147,-116.38123881642161,-89.21590912294334
2020-11-14 09:45:00,21.165534626999996,21.480614,130.38964708418052,160.26750796541853,-109.22411245718052,-138.78689425692244
2020-11-14 10:00:00,20.007792860000013,20.172209,213.50328128968678,143.79670397939702,-193.49548842968676,-123.62449519338628
2020-11-14 10:15:00,20.007792860000013,18.693403,118.42089351540005,202.2194705705583,-98.41310065540004,-183.52606732653973
2020-11-14 10:30:00,20.007792860000013,18.691023,114.7934902254248,141.59045320066514,-94.7856973654248,-122.89943032774033
2020-11-14 10:45:00,31.007792860000013,30.187738,138.5882411361154,141.22771632272827,-107.5804482761154,-111.03997790414917
2020-11-14 11:00:00,12.238921332,19.818323,180.03501470178145,150.88064890695057,-167.79609336978146,-131.0623257715746
2020-11-14 11:15:00,12.238921332,12.876805,261.101174636379,182.22028664153063,-248.86225330437904,-169.34348133604968
2020-11-14 11:30:00,12.238921332,12.876805,232.03524523641047,232.07554165253575,-219.79632390441049,-219.1987363470548
2020-11-14 11:45:00,12.238921332,13.061153,187.5819719417795,220.58319766826236,-175.3430506097795,-207.52204425639712
2020-11-14 12:00:00,15.025323496,11.57405,179.52134878020524,184.5971933162087,-164.49602528420525,-173.0231433665627
2020-11-14 12:15:00,15.025323496,15.047684,102.79664245347386,180.2565025444521,-87.77131895747387,-165.2088188286318
2020-11-14 12:30:00,15.025323496,15.047684,73.56760506303786,129.17877357017508,-58.54228156703786,-114.13108985435477
2020-11-14 12:45:00,15.025323496,15.047684,54.50574615096534,104.1430014722759,-39.48042265496534,-89.09531775645559
2020-11-14 13:00:00,15.282353544999998,15.389748,50.05887580696762,77.07684698466232,-34.77652226196762,-61.68709936503342
2020-11-14 13:15:00,15.282353544999998,15.556138,39.23810939656079,71.0106067254856,-23.955755851560788,-55.45446868685035
2020-11-14 13:30:00,15.282353544999998,15.323863,31.173329258708122,61.93671959139707,-15.890975713708125,-46.61285656191709
2020-11-14 13:45:00,15.282353544999998,15.302206,19.19713831610032,55.232771514469476,-3.914784771100324,-39.930565475040765
2020-11-14 14:00:00,15.649915306999999,15.020541,12.485231575540848,33.93111600721791,3.164683731459151,-18.910574816116835
2020-11-14 14:15:00,15.649915306999999,15.035138,11.056637938097692,25.75714713400163,4.5932773689023065,-10.722009003813643
2020-11-14 14:30:00,15.649915306999999,15.045243,10.360044261280896,21.917778203631215,5.289871045719103,-6.872534940386586
2020-11-14 14:45:00,15.649915306999999,14.691154,9.54241196570655,18.073813521850827,6.107503341293448,-3.3826599955446746
2020-11-14 15:00:00,15.799134394,15.089429,4.403667948127687,9.162443181552542,11.395466445872312,5.926985720119822
2020-11-14 15:15:00,15.799134394,15.089429,2.711384849171042,5.447055692635852,13.087749544828958,9.64237320903651
2020-11-14 15:30:00,15.799134394,15.133634,1.071715260426873,3.548149642171018,14.727419133573127,11.585483971415407
2020-11-14 15:45:00,15.799134394,15.044565,0.9317294793391243,2.1169772941905354,14.867404914660876,12.927587906615129
2020-11-14 16:00:00,21.010728864,16.408281,0.0,-0.07955123642374062,21.010728864,16.487832562717685
2020-11-14 16:15:00,21.010728864,21.27694,0.0,-0.5590588861384315,21.010728864,21.835998278228274
2020-11-14 16:30:00,21.010728864,21.27694,0.0,-0.7400209534964289,21.010728864,22.016960345586273
2020-11-14 16:45:00,21.010728864,21.327108,0.0,-0.8295172842401054,21.010728864,22.156625667418815
2020-11-14 17:00:00,49.156242217,48.87548,0.0,-1.1620878735305675,49.156242217,50.037568525386035
2020-11-14 17:15:00,49.156242217,54.73214,0.0,-1.1869370817008855,49.156242217,55.91907666910323
2020-11-14 17:30:00,60.156242217,62.183388,0.0,-1.244868767768815,60.156242217,63.42825652411647
2020-11-14 17:45:00,71.156242217,72.04719,0.0,-1.2943268305561757,71.156242217,73.34151463573195
2020-11-14 18:00:00,63.399342921,70.6733,0.0,-1.1109478075885049,63.399342921,71.78424950436585
2020-11-14 18:15:00,51.399342921,54.01746,0.0,-1.1696599170232487,51.399342921,55.18711978640801
2020-11-14 18:30:00,54.399342921,56.36812,0.0,-1.1299015016665868,54.399342921,57.4980197877994
2020-11-14 18:45:00,51.399342921,54.689835,0.0,-1.0043453661174615,51.399342921,55.694179960844025
2020-11-14 19:00:00,58.727538212,62.042477,0.0,-0.9099161680650908,58.727538212,62.95239282211782
2020-11-14 19:15:00,58.727538212,62.467007,0.0,-0.7942296737826801,58.727538212,63.26123635713229
2020-11-14 19:30:00,69.727538212,74.64016,0.0,-0.838873599128971,69.727538212,75.47903320606257
2020-11-14 19:45:00,69.727538212,78.04632,0.0,-0.8746326493921465,69.727538212,78.92095070359136
2020-11-14 20:00:00,69.40335916800002,73.288635,0.0,-0.6908354496782919,69.40335916800002,73.97947070358454
2020-11-14 20:15:00,47.803359168,54.05967,0.0,-0.6033900305202425,47.803359168,54.66305952514915
2020-11-14 20:30:00,36.803359168,39.321346,0.0,-0.5562425375511061,36.803359168,39.87758882051009
2020-11-14 20:45:00,47.803359168,49.997303,0.0,-0.5308053427753797,47.803359168,50.528108351808584
2020-11-14 21:00:00,34.978192424,35.680443,0.5206188351844246,-0.3308748699306029,34.45757358881558,36.0113176799892
2020-11-14 21:15:00,33.978192424,34.156815,0.9229408315960906,-0.39294310245802955,33.055251592403906,34.54975767765334
2020-11-14 21:30:00,23.978192423999996,22.356842,0.9311390874965815,-0.3507190021752492,23.047053336503414,22.707561043190875
2020-11-14 21:45:00,23.978192423999996,22.56836,0.8313419959629617,-0.2810355995856756,23.146850428037034,22.849394974585675
2020-11-14 22:00:00,19.393020640999996,21.76684,0.833760949865293,-0.3548492025333899,18.559259691134702,22.121689183612492
2020-11-14 22:15:00,29.393020640999996,30.552114,0.0,-0.4135608248399577,29.393020640999996,30.965675311534294
2020-11-14 22:30:00,29.393020640999996,30.350435,0.0,-0.38841512547824764,29.393020640999996,30.738850382436254
2020-11-14 22:45:00,26.393020640999996,28.198246,0.0,-0.3376707835197915,26.393020640999996,28.535916785717056
2020-11-14 23:00:00,26.481666672000003,26.559708,0.0,-0.4510139964425718,26.481666672000003,27.010721638044135
2020-11-14 23:15:00,26.481666672000003,26.407852,0.0,-0.3924054256554391,26.481666672000003,26.800257598507002
2020-11-14 23:30:00,26.481666672000003,25.809372,0.0,-0.3343057121006662,26.481666672000003,26.143677660342853
2020-11-14 23:45:00,19.481666672000003,17.488642,0.0,-0.2859345481276324,19.481666672000003,17.774576287019233
2020-11-15 00:00:00,20.47845662,19.83253,0.0,-0.8063155952841373,20.47845662,20.6388446632773
2020-11-15 00:15:00,20.47845662,21.28745,0.0,-0.7006102971590088,20.47845662,21.988061087564283
2020-11-15 00:30:00,20.47845662,21.328365,0.0,-0.5742596401946197,20.47845662,21.902624966122353
2020-11-15 00:45:00,10.47845662,10.855598,0.0,-0.44242928085750244,10.47845662,11.298027730564534
2020-11-15 01:00:00,7.578851742000003,7.5055513,0.0,-0.6997265594219818,7.578851742000003,8.205277897617783
2020-11-15 01:15:00,18.578851742000005,18.628857,0.0,-0.6527327231385743,18.578851742000005,19.28158938207412
2020-11-15 01:30:00,10.578851742000003,10.982182,0.0,-0.6109949207907778,10.578851742000003,11.593176469863044
2020-11-15 01:45:00,7.578851742000003,6.595948,0.0,-0.7166716845267987,7.578851742000003,7.312619903826115
2020-11-15 02:00:00,9.202882556999997,7.8586874,0.0,0.01817466949493507,9.202882556999997,7.840512731322936
2020-11-15 02:15:00,9.202882556999997,9.541864,0.0,0.5087519867872893,9.202882556999997,9.033112408354313
2020-11-15 02:30:00,9.202882556999997,9.592173,0.0,0.06777681360747223,9.202882556999997,9.524395809073193
2020-11-15 02:45:00,9.202882556999997,9.592173,0.0,-0.10659309000855643,9.202882556999997,9.698765712689221
2020-11-15 03:00:00,7.5210804699999985,9.297494,0.0,1.6120515153542074,7.5210804699999985,7.68544241927714
2020-11-15 03:15:00,7.5210804699999985,7.792831,0.0,1.3762291129812132,7.5210804699999985,6.416601831080066
2020-11-15 03:30:00,7.5210804699999985,7.803798,0.0,1.390150413436337,7.5210804699999985,6.413647785263614
2020-11-15 03:45:00,18.521080469999998,19.346823,0.0,1.6550619145339303,18.521080469999998,17.69176082411353
2020-11-15 04:00:00,14.027072199000001,16.849121,0.0,3.674580673016714,14.027072199000001,13.174540420733287
2020-11-15 04:15:00,7.027072199000001,8.042754,0.0,3.196013118479848,7.027072199000001,4.846741054798961
2020-11-15 04:30:00,7.027072199000001,7.367627,0.0,2.947059380107307,7.027072199000001,4.4205677637525564
2020-11-15 04:45:00,7.027072199000001,7.3615584,0.0,4.512346703624408,7.027072199000001,2.8492117337230045
2020-11-15 05:00:00,6.237809955999998,7.367627,0.0,6.191746411311631,6.237809955999998,1.175880732548232
2020-11-15 05:15:00,6.237809955999998,7.17846,0.0,4.64512846006862,6.237809955999998,2.533331661086165
2020-11-15 05:30:00,6.237809955999998,7.17846,0.0,4.652312678883902,6.237809955999998,2.526147442270883
2020-11-15 05:45:00,6.237809955999998,7.17846,0.0,4.664795078067612,6.237809955999998,2.5136650430871734
2020-11-15 06:00:00,13.521810572999996,9.134129,0.0,6.6957471213208875,13.521810572999996,2.438381449235753
2020-11-15 06:15:00,13.521810572999996,14.354032,0.0,6.708201588493693,13.521810572999996,7.645829974311483
2020-11-15 06:30:00,13.521810572999996,14.354032,0.0,6.754881342101559,13.521810572999996,7.599150220703617
2020-11-15 06:45:00,13.521810572999996,14.354032,0.0,6.789171365462472,13.521810572999996,7.564860197342703
2020-11-15 07:00:00,23.256907605999995,19.314163,4.164643972718492,8.394508335285668,19.092263633281505,10.919654872722145
2020-11-15 07:15:00,23.256907605999995,24.069212,13.487928941962217,10.602825673803538,9.768978664037778,13.466386286035329
2020-11-15 07:30:00,23.256907605999995,23.98769,33.85848152779256,16.881927762247276,-10.601573921792568,7.105762209676552
2020-11-15 07:45:00,23.256907605999995,23.923077,22.030978125449938,33.640674549600185,1.2259294805500573,-9.717597919961513
2020-11-15 08:00:00,32.240733354,29.479496,59.92530855467681,25.86050543040509,-27.68457520067681,3.6189905717921746
2020-11-15 08:15:00,32.240733354,32.54696,129.41962173986983,63.6318298019377,-97.17888838586983,-31.084870878597854
2020-11-15 08:30:00,43.240733354,43.034992,159.94591082365116,128.7985170210204,-116.70517746965116,-85.76352480300281
2020-11-15 08:45:00,43.240733354,44.356213,99.418241111191,155.46649035372894,-56.177507757190995,-111.11027773776215
2020-11-15 09:00:00,37.491470882,40.65484,126.00991806797266,99.84374065564926,-88.51844718597266,-59.18890209363754
2020-11-15 09:15:00,28.291470882000013,28.91061,127.29734677738914,131.4239161683318,-99.00587589538912,-102.51330596935719
2020-11-15 09:30:00,26.491470882,26.04282,176.78565945378662,141.71958699669472,-150.2941885717866,-115.67676701988808
2020-11-15 09:45:00,26.491470882,25.513012,97.94478909984777,183.48359724546876,-71.45331821784777,-157.9705853130957
2020-11-15 10:00:00,19.649046584000004,24.876114,201.76306550414552,115.71454662653966,-182.1140189201455,-90.8384327349381
2020-11-15 10:15:00,19.649046584000004,19.766998,308.98445806119,199.42740182623223,-289.33541147719,-179.6604035352166
2020-11-15 10:30:00,19.649046584000004,19.766998,191.63630132131985,267.38294171276084,-171.98725473731986,-247.61594342174521
2020-11-15 10:45:00,19.649046584000004,19.820442,157.06963710750307,200.76003384753673,-137.42059052350305,-180.9395916478297
2020-11-15 11:00:00,12.881000404999998,17.377905,116.51801848703649,168.3944124539926,-103.63701808203649,-151.01650756202483
2020-11-15 11:15:00,12.881000404999998,12.845676,208.6602911585182,143.7049504916685,-195.77929075351818,-130.85927406954937
2020-11-15 11:30:00,12.881000404999998,12.919797,380.9417355408119,213.43992101505495,-368.0607351358119,-200.5201240713904
2020-11-15 11:45:00,23.881000404999998,25.47666,360.03644899228317,310.19899468199344,-336.15544858728316,-284.72233490721317
2020-11-15 12:00:00,24.537762473,26.796083,303.7562200081959,280.95672405910864,-279.2184575351959,-254.16064060879125
2020-11-15 12:15:00,24.537762473,26.84521,80.35501662158642,252.1347375890689,-55.817254148586414,-225.2895284673648
2020-11-15 12:30:00,24.537762473,26.84521,166.51269671554712,127.21211645625226,-141.97493424254714,-100.36690733454816
2020-11-15 12:45:00,24.537762473,26.83914,308.13521669661293,184.40601014976855,-283.59745422361294,-157.56687021141406
2020-11-15 13:00:00,21.913603743000003,27.078026,195.69517538865253,237.1792329280179,-173.78157164565252,-210.10120711014682
2020-11-15 13:15:00,21.913603743000003,23.052969,141.9824101894522,168.43646518814057,-120.06880644645219,-145.38349620925874
2020-11-15 13:30:00,13.913603743000003,16.51007,127.2017309181803,137.5988595014843,-113.2881271751803,-121.08878870070305
2020-11-15 13:45:00,10.913603743000003,13.696014,240.26040801539165,137.08731433753843,-229.34680427239164,-123.39129993324156
2020-11-15 14:00:00,13.800036444,11.311135,152.32474149542014,173.4958854181939,-138.52470505142014,-162.18475012614067
2020-11-15 14:15:00,13.800036444,14.496959,170.44195836546922,128.3306152735059,-156.64192192146922,-113.83365654090093
2020-11-15 14:30:00,35.800036444,39.638275,115.09127055343853,139.08750117257637,-79.29123410943853,-99.44922602609199
2020-11-15 14:45:00,39.800036444,40.717854,93.10971578689167,109.87294715671514,-53.30967934289167,-69.15509361057256
2020-11-15 15:00:00,41.46711848199999,40.123306,62.55845148530957,74.30675479489173,-21.09133300330958,-34.18344852047767
2020-11-15 15:15:00,31.467118481999993,33.018753,38.8652618989897,53.25848189146945,-7.398143416989708,-20.23972883971164
2020-11-15 15:30:00,50.46711848199999,51.343266,13.372865029459435,26.934765508624082,37.094253452540556,24.408500024823184
2020-11-15 15:45:00,74.46711848199999,67.26835,4.010558890159698,14.203885121378683,70.45655959184029,53.06446357246897
2020-11-15 16:00:00,76.60101007300001,81.57981,0.0,3.942652003754948,76.60101007300001,77.63715909243646
2020-11-15 16:15:00,76.60101007300001,86.069725,0.0,3.1542129737505684,76.60101007300001,82.91551206287052
2020-11-15 16:30:00,76.60101007300001,86.16587,0.0,2.061560050912969,76.60101007300001,84.10431061559093
2020-11-15 16:45:00,84.60101007300001,94.05302,0.0,1.2384776856301736,84.60101007300001,92.81453897696748
2020-11-15 17:00:00,79.32351787,79.93556,0.0,-0.5264724027631092,79.32351787,80.46203453655217
2020-11-15 17:15:00,55.52351786999999,54.516266,0.0,-0.9159378535776038,55.52351786999999,55.43220372271823
2020-11-15 17:30:00,30.323517870000007,30.98014,0.0,-1.0567252025340954,30.323517870000007,32.03686588856925
2020-11-15 17:45:00,49.32351787,49.194084,0.0,-0.9609380972203506,49.32351787,50.15502226470082
2020-11-15 18:00:00,45.541461576,45.11612,0.0,-1.2556616855598461,45.541461576,46.37178107032547
2020-11-15 18:15:00,56.541461576,56.21227,0.0,-1.255780377615733,56.541461576,57.46804920696144
2020-11-15 18:30:00,50.541461576,48.08509,0.0,-1.2077292309951249,50.541461576,49.29281986820216
2020-11-15 18:45:00,45.541461576,43.931923,0.0,-1.0594786289172484,45.541461576,44.991401541514904
2020-11-15 19:00:00,41.830849322999995,44.69693,0.0,-0.9676358586724155,41.830849322999995,45.66456579031304
2020-11-15 19:15:00,41.830849322999995,40.604187,0.0,-0.9340650424215539,41.830849322999995,41.5382520541403
2020-11-15 19:30:00,63.830849322999995,59.369175,0.0,-0.9867130464400545,63.830849322999995,60.35588800371544
2020-11-15 19:45:00,52.830849322999995,52.652428,0.0,-0.9353693178352237,52.830849322999995,53.58779699117507
2020-11-15 20:00:00,38.879985436,41.66552,0.0,-0.8716265987816324,38.879985436,42.5371463131371
2020-11-15 20:15:00,38.879985436,39.216663,0.0,-0.7932810177932811,38.879985436,40.00994437838899
2020-11-15 20:30:00,29.879985436000002,30.239948,0.0,-0.671629866066156,29.879985436000002,30.911578138771233
2020-11-15 20:45:00,27.879985436000002,28.943396,0.0,-0.6758568272878512,27.879985436000002,29.619252441911875
2020-11-15 21:00:00,23.054457220000003,25.417233,0.0,-0.5815660590145743,23.054457220000003,25.998798572442308
2020-11-15 21:15:00,23.054457220000003,22.967838,0.0,-0.5249134859479386,23.054457220000003,23.492751773301453
2020-11-15 21:30:00,23.054457220000003,23.048735,0.0,-0.5269111008568369,23.054457220000003,23.575645765773828
2020-11-15 21:45:00,23.054457220000003,23.070717,0.0,-0.49840216818297123,23.054457220000003,23.569119026093126
2020-11-15 22:00:00,33.523969424,30.804276,0.0,-0.5018641509483724,33.523969424,31.306139663643684
2020-11-15 22:15:00,33.523969424,33.52719,0.0,-0.5152297626851087,33.523969424,34.042420924794484
2020-11-15 22:30:00,33.523969424,33.54885,0.0,-0.44154952304475004,33.523969424,33.99040053622834
2020-11-15 22:45:00,28.523969423999997,28.103397,0.0,-0.38163129857315703,28.523969423999997,28.485028667957923
2020-11-15 23:00:00,27.0081986,28.158289,0.0,-0.42700515609153655,27.0081986,28.585294111780012
2020-11-15 23:15:00,27.0081986,26.214058,0.0,-0.41605615991639333,27.0081986,26.630114082279675
2020-11-15 23:30:00,27.0081986,26.323845,0.0,-0.3933388782524442,27.0081986,26.717183787920412
2020-11-15 23:45:00,16.0081986,15.789665,0.0,-0.29374928652036225,16.0081986,16.083414508688332
2020-11-16 00:00:00,13.683748251999996,12.070677,0.0,-0.30576506547001714,13.683748251999996,12.376441869058885
2020-11-16 00:15:00,24.683748251999994,21.25613,0.0,-0.2694350296983369,24.683748251999994,21.525565248204195
2020-11-16 00:30:00,35.683748251999994,31.97987,0.0,-0.2288066435440569,35.683748251999994,32.20867648607335
2020-11-16 00:45:00,35.683748251999994,34.15519,0.0,-0.19029899233718084,35.683748251999994,34.34548850649734
2020-11-16 01:00:00,32.153630615,33.224903,0.0,0.40789226252976973,32.153630615,32.81701084415968
2020-11-16 01:15:00,32.153630615,30.321716,0.0,1.0567070077019904,32.153630615,29.26500930089176
2020-11-16 01:30:00,32.153630615,30.010445,0.0,1.46940725156965,32.153630615,28.541037389543632
2020-11-16 01:45:00,25.153630614999997,23.426195,0.0,1.2504771324487747,25.153630614999997,22.175718012204545
2020-11-16 02:00:00,21.813973114,21.02206,0.0,2.846663561467479,21.813973114,18.17539683281963
2020-11-16 02:15:00,16.813973114,15.962541,0.0,2.600227159435083,16.813973114,13.362313467090797
2020-11-16 02:30:00,10.813973114,12.175608,0.0,2.30929847159664,10.813973114,9.866309209677773
2020-11-16 02:45:00,10.813973114,10.372276,0.0,1.5981983848736965,10.813973114,8.774077921278646
2020-11-16 03:00:00,8.680382964000001,10.034512,0.0,2.510832693207459,8.680382964000001,7.52367887295465
2020-11-16 03:15:00,8.680382964000001,8.193196,0.0,1.8149981056678506,8.680382964000001,6.378198191024044
2020-11-16 03:30:00,8.680382964000001,8.193196,0.0,1.1569496581883554,8.680382964000001,7.036246638503539
2020-11-16 03:45:00,8.680382964000001,8.193196,0.0,1.2204241135233245,8.680382964000001,6.97277218316857
2020-11-16 04:00:00,6.9631910160000015,8.772143,0.0,1.9503008802724429,6.9631910160000015,6.821842483680194
2020-11-16 04:15:00,6.9631910160000015,7.412338,0.0,1.735623187697187,6.9631910160000015,5.676714592301592
2020-11-16 04:30:00,6.9631910160000015,7.412338,0.0,1.6825340017472623,6.9631910160000015,5.729803778251517
2020-11-16 04:45:00,6.9631910160000015,7.412338,0.0,1.6379006478156324,6.9631910160000015,5.774437132183147
2020-11-16 05:00:00,7.520950099000001,7.412338,0.0,2.5776061456462545,7.520950099000001,4.834731634352525
2020-11-16 05:15:00,7.520950099000001,7.9759808,0.0,2.6504535614788196,7.520950099000001,5.325527197188173
2020-11-16 05:30:00,7.520950099000001,7.9759808,0.0,2.7303717739559827,7.520950099000001,5.2456089847110094
2020-11-16 05:45:00,7.520950099000001,7.9759808,0.0,2.797645014551012,7.520950099000001,5.17833574411598
2020-11-16 06:00:00,9.865375654,9.987684,0.0,5.531779574708027,9.865375654,4.4559046751699025
2020-11-16 06:15:00,9.865375654,10.839212,0.0,6.101026360870563,9.865375654,4.738186056731976
2020-11-16 06:30:00,9.865375654,10.839212,0.0,6.116608686330614,9.865375654,4.722603731271925
2020-11-16 06:45:00,9.865375654,10.839212,0.0,6.124978793898745,9.865375654,4.714233623703794
2020-11-16 07:00:00,18.673803554,15.183111,1.5272161542775444,6.809580114309198,17.146587399722456,8.3735310764867
2020-11-16 07:15:00,18.673803554,20.06367,3.2017363938931656,7.8228227076481796,15.472067160106834,12.240846497063735
2020-11-16 07:30:00,18.673803554,19.975931,5.38643940551392,8.181712913475376,13.287364148486079,11.794218254127163
2020-11-16 07:45:00,18.673803554,20.049324,14.872308089944234,10.199257958848245,3.8014954640557654,9.850066076796287
2020-11-16 08:00:00,28.911503517000007,23.563324,23.147352399574384,16.305763097626965,5.764151117425623,7.25756087698241
2020-11-16 08:15:00,28.911503517000007,29.795597,29.950872846566966,25.511330905978213,-1.0393693295669593,4.284266170437803
2020-11-16 08:30:00,28.911503517000007,29.795597,32.575586107403744,34.07990743853188,-3.664082590403737,-4.284310362115868
2020-11-16 08:45:00,28.911503517000007,29.834038,48.52735350695889,40.40622971579073,-19.615849989958882,-10.57219193502901
2020-11-16 09:00:00,34.349451605999995,28.383883,51.26094075562657,48.55795373950383,-16.911489149626576,-20.174071216920822
2020-11-16 09:15:00,34.349451605999995,31.228952,50.61948810136487,53.0716449411801,-16.270036495364877,-21.842692533343183
2020-11-16 09:30:00,34.349451605999995,31.291937,54.39913460129892,53.92608801884607,-20.049682995298923,-22.634151144456425
2020-11-16 09:45:00,34.349451605999995,31.291937,66.05912538251197,61.57457304631882,-31.70967377651197,-30.28263617192917
2020-11-16 10:00:00,33.55749445899999,30.51393,59.90647265173041,57.776120760832846,-26.34897819273042,-27.262191393767417
2020-11-16 10:15:00,33.55749445899999,30.810875,57.934359432381996,55.42853852379004,-24.376864973382006,-24.617663584825195
2020-11-16 10:30:00,33.55749445899999,30.864319,54.15223253555064,56.42412995922114,-20.594738076550648,-25.55981111156489
2020-11-16 10:45:00,33.55749445899999,31.253311,83.46309951360864,55.60309425344566,-49.90560505460865,-24.3497830962191
2020-11-16 11:00:00,20.750125353999994,29.996836,83.26802400775522,71.78937811774327,-62.517898653755225,-41.792542409125105
2020-11-16 11:15:00,20.750125353999994,20.43678,82.01650619030832,70.63347394704314,-61.26638083630833,-50.19669301747771
2020-11-16 11:30:00,20.750125353999994,20.43678,67.6452270172361,68.60959406538726,-46.895101663236105,-48.172813135821826
2020-11-16 11:45:00,31.750125353999994,28.910349,38.291454195847834,62.06974849805441,-6.5413288418478395,-33.159399605842495
2020-11-16 12:00:00,31.153096976000004,31.479132,35.79646936177902,41.65854886352066,-4.6433723857790135,-10.179417164912259
2020-11-16 12:15:00,25.353096975999993,24.472157,44.388903966656116,46.50584738087703,-19.035806990656123,-22.033690856218826
2020-11-16 12:30:00,35.153096976,28.459541,41.62269225635808,53.4015541083224,-6.469595280358078,-24.94201278752162
2020-11-16 12:45:00,35.55309697599998,32.581062,40.59807454566746,43.88724769603043,-5.044977569667481,-11.306185379135897
2020-11-16 13:00:00,30.027265501000002,35.94288,41.577738864341825,38.44879004385523,-11.550473363341823,-2.5059113207107018
2020-11-16 13:15:00,38.027265501,34.363514,55.32926254027029,39.02484000339549,-17.30199703927029,-4.661326056862286
2020-11-16 13:30:00,36.027265501,33.93076,52.770942008101805,44.829149200626034,-16.743676507101803,-10.898389770694394
2020-11-16 13:45:00,25.027265501000002,26.68072,33.33250708793811,42.19080483432538,-8.30524158693811,-15.510085458715025
2020-11-16 14:00:00,28.956038046000007,23.21192,39.43402425068391,29.573948169852798,-10.477986204683905,-6.3620283853069
2020-11-16 14:15:00,28.956038046000007,29.868652,28.114711227548895,30.38597439720062,0.8413268184511118,-0.51732205345062
2020-11-16 14:30:00,24.956038046000007,23.62968,21.373178252046987,22.483844775368006,3.58285979395302,1.1458358581769161
2020-11-16 14:45:00,17.956038046000007,17.084969,22.584430122552263,19.074120207650903,-4.628392076552256,-1.989151640756372
2020-11-16 15:00:00,16.633882179000004,18.86784,15.681441728395917,11.456490991732002,0.9524404506040867,7.41134882150042
2020-11-16 15:15:00,16.633882179000004,17.088655,13.499407941774052,8.097803639392787,3.1344742372259518,8.990851832408971
2020-11-16 15:30:00,16.633882179000004,17.31632,7.01248515946146,6.88864182277191,9.621397019538545,10.427678596539614
2020-11-16 15:45:00,16.633882179000004,18.158323,2.074319981762229,5.1510593346774165,14.559562197237774,13.00726395328645
2020-11-16 16:00:00,41.70420308100001,29.487452,0.0,2.413598503095101,41.70420308100001,27.073853050249625
2020-11-16 16:15:00,47.904203081,45.4131,0.0,1.3671327422946637,47.904203081,44.0459684539944
2020-11-16 16:30:00,58.904203081,52.428364,0.0,1.9035356646371975,58.904203081,50.52482813541163
2020-11-16 16:45:00,67.90420308099999,60.31083,0.0,1.4879999755384121,67.90420308099999,58.82282918705924
2020-11-16 17:00:00,54.303928064999994,57.22614,0.0,-0.3695132621910818,54.303928064999994,57.5956523307946
2020-11-16 17:15:00,45.303928064999994,46.414593,0.0,-0.44001770487133307,45.303928064999994,46.85461044779125
2020-11-16 17:30:00,43.303928064999994,44.53989,0.0,-0.5328607376473268,43.303928064999994,45.072751026953966
2020-11-16 17:45:00,32.303928064999994,34.031532,0.0,-0.8049453782967603,32.303928064999994,34.836477665894414
2020-11-16 18:00:00,60.34495359299999,57.677986,0.0,-0.7799820821502507,60.34495359299999,58.45796822716978
2020-11-16 18:15:00,60.34495359299999,59.964172,0.0,-0.8477495585325104,60.34495359299999,60.81192192181376
2020-11-16 18:30:00,60.34495359299999,60.717796,0.0,-0.837925584450992,60.34495359299999,61.55572191013459
2020-11-16 18:45:00,71.34495359299999,70.89144,0.0,-0.8194559482355849,71.34495359299999,71.71089729345043
2020-11-16 19:00:00,61.53654319899999,68.09318,0.0,-0.6467420947682881,61.53654319899999,68.73991989017844
2020-11-16 19:15:00,44.53654319899999,44.19004,0.0,-0.6388518998867766,44.53654319899999,44.82889248826568
2020-11-16 19:30:00,23.53654319899999,24.196325,0.0,-0.6291406883392564,23.53654319899999,24.82546599046328
2020-11-16 19:45:00,23.53654319899999,24.455168,0.0,-0.5532584742697849,23.53654319899999,25.008426244655528
2020-11-16 20:00:00,44.157856319000004,44.15921,0.0,-0.4523579436698678,44.157856319000004,44.61156814874799
2020-11-16 20:15:00,44.157856319000004,44.260258,0.0,-0.4445535157424586,44.157856319000004,44.70481123668972
2020-11-16 20:30:00,44.157856319000004,44.662163,0.0,-0.4354549939278992,44.157856319000004,45.09761777468962
2020-11-16 20:45:00,44.157856319000004,44.662163,0.0,-0.41061561596366325,44.157856319000004,45.07277839672538
2020-11-16 21:00:00,40.11398599499999,41.53427,0.0,-0.32779764264735,40.11398599499999,41.86206888288172
2020-11-16 21:15:00,29.71398599500002,32.194004,0.0,-0.2988262957813418,29.71398599500002,32.49283035461923
2020-11-16 21:30:00,40.11398599499999,40.884888,0.0,-0.32537508169638685,40.11398599499999,41.210262777008886
2020-11-16 21:45:00,31.113985994999997,33.80936,0.0,-0.29588287973237926,31.113985994999997,34.10524338388277
2020-11-16 22:00:00,27.893389198,28.75842,0.0,-0.31443632465920424,27.893389198,29.072857268873072
2020-11-16 22:15:00,19.893389198,19.358305,0.0,-0.2940213561683197,19.893389198,19.65232633358531
2020-11-16 22:30:00,19.893389198,18.629267,0.0,-0.19132414005208276,19.893389198,18.820590878943683
2020-11-16 22:45:00,19.893389198,18.66262,0.0,-0.11211577418943464,19.893389198,18.774736318623027
2020-11-16 23:00:00,10.69802135,15.811211,0.0,-0.22686042646904092,10.69802135,16.03807105879326
2020-11-16 23:15:00,10.69802135,10.813338,0.0,-0.24271745071376494,10.69802135,11.056055730437887
2020-11-16 23:30:00,10.69802135,10.813338,0.0,-0.23094081823000245,10.69802135,11.044279097954124
2020-11-16 23:45:00,10.69802135,10.957311,0.0,-0.1821266299780958,10.69802135,11.139437306552804
2020-11-17 00:00:00,20.04945447,17.447287,0.0,-0.3176898789133197,20.04945447,17.76497648474828
2020-11-17 00:15:00,20.04945447,20.033806,0.0,-0.3892810400890109,20.04945447,20.42308688725698
2020-11-17 00:30:00,17.04945447,18.46688,0.0,-0.4384661285616548,17.04945447,18.905346926901498
2020-11-17 00:45:00,9.049454470000002,9.607771,0.0,-0.4494364552322373,9.049454470000002,10.057207375032043
2020-11-17 01:00:00,4.495769340000002,7.4382668,0.0,-0.09843879824016455,4.495769340000002,7.536705552390555
2020-11-17 01:15:00,4.495769340000002,5.147628,0.0,-0.14270249465301277,4.495769340000002,5.290330325158384
2020-11-17 01:30:00,4.495769340000002,4.9265046,0.0,-0.24142412562070625,4.495769340000002,5.1679287375897
2020-11-17 01:45:00,4.495769340000002,4.77409,0.0,-0.3846846317650662,4.495769340000002,5.158774444997488
2020-11-17 02:00:00,5.785675466000002,5.2295923,0.0,0.6161362809251977,5.785675466000002,4.613456042378025
2020-11-17 02:15:00,5.785675466000002,6.1501956,0.0,0.5304174561444491,5.785675466000002,5.619778142457846
2020-11-17 02:30:00,5.785675466000002,6.1501956,0.0,0.4197579214226036,5.785675466000002,5.730437677179691
2020-11-17 02:45:00,5.785675466000002,6.1501956,0.0,0.39315783892258416,5.785675466000002,5.757037759679711
2020-11-17 03:00:00,7.184990921,6.190337,0.0,1.0724321931214602,7.184990921,5.117904987969848
2020-11-17 03:15:00,7.184990921,7.5681014,0.0,1.077842377038773,7.184990921,6.490259029058639
2020-11-17 03:30:00,7.184990921,7.5681014,0.0,1.0702365514586107,7.184990921,6.497864854638801
2020-11-17 03:45:00,7.184990921,7.5681014,0.0,1.0676334320375185,7.184990921,6.500467974059894
2020-11-17 04:00:00,6.015949792999999,7.9776845,0.0,2.030784236192053,6.015949792999999,5.946900261641199
2020-11-17 04:15:00,6.015949792999999,7.1892257,0.0,2.0115693187395634,6.015949792999999,5.177656354935974
2020-11-17 04:30:00,6.015949792999999,7.127509,0.0,2.0491947436560585,6.015949792999999,5.078314373470406
2020-11-17 04:45:00,6.015949792999999,7.127509,0.0,2.0450222225676855,6.015949792999999,5.082486894558779
2020-11-17 05:00:00,5.976782251999999,7.127509,0.0,3.2048562053526832,5.976782251999999,3.9226529117737816
2020-11-17 05:15:00,5.976782251999999,7.0822897,0.0,3.2559838912954486,5.976782251999999,3.8263058044442975
2020-11-17 05:30:00,5.976782251999999,7.0822897,0.0,3.309467647462118,5.976782251999999,3.7728220482776282
2020-11-17 05:45:00,5.976782251999999,7.0822897,0.0,3.3630646637825716,5.976782251999999,3.7192250319571745
2020-11-17 06:00:00,6.764235709999999,8.604803,0.0,6.690563829355033,6.764235709999999,1.9142392559721157
2020-11-17 06:15:00,6.764235709999999,7.4750485,0.0,6.875568916706785,6.764235709999999,0.5994796253159205
2020-11-17 06:30:00,6.764235709999999,7.4740047,0.0,7.018018414172777,6.764235709999999,0.45598633131062183
2020-11-17 06:45:00,6.764235709999999,7.3862643,0.0,7.178238012999221,6.764235709999999,0.20802631118901171
2020-11-17 07:00:00,9.551105339,12.178349,1.3886107547633089,9.191441572519086,8.16249458423669,2.98690696874068
2020-11-17 07:15:00,9.551105339,11.096093,5.6064967762396885,10.148742762903762,3.944608562760311,0.9473504148916483
2020-11-17 07:30:00,9.551105339,11.096093,14.8153437497874,13.718085342060014,-5.264238410787401,-2.6219921642646042
2020-11-17 07:45:00,9.551105339,11.096093,17.966347435709647,21.23074889294699,-8.415242096709648,-10.134655715151581
2020-11-17 08:00:00,17.75501325600001,14.134581,24.562195610912973,21.757327275582693,-6.807182354912964,-7.622746663400076
2020-11-17 08:15:00,17.75501325600001,19.812883,37.87371857423104,28.71269460796084,-20.118705318231033,-8.899811230885646
2020-11-17 08:30:00,17.75501325600001,19.82385,40.31407157923232,41.76518708134351,-22.55905832323231,-21.941336449629645
2020-11-17 08:45:00,28.75501325600001,30.054724,59.63506427256264,44.8276288224193,-30.88005101656263,-14.772905082795276
2020-11-17 09:00:00,35.32405529399999,31.236422,74.26170803097351,56.74941690263155,-38.93765273697352,-25.512995317548544
2020-11-17 09:15:00,46.32405529399999,45.92422,56.607149623826395,73.71844427033139,-10.283094329826405,-27.79422323151303
2020-11-17 09:30:00,36.32405529399999,37.29665,77.53549459054452,59.828466999997666,-41.211439296544526,-22.531817067136338
2020-11-17 09:45:00,35.32405529399999,34.44652,88.72840271469603,84.13936469507867,-53.40434742069604,-49.692842936045466
2020-11-17 10:00:00,45.653189207999986,43.931705,158.08802237685126,87.26964789974991,-112.43483316885127,-43.3379424248964
2020-11-17 10:15:00,51.653189207999986,53.440838,204.16957125039443,152.148465787561,-152.51638204239444,-98.70762792745359
2020-11-17 10:30:00,73.65318920799999,75.264725,90.15741925505735,194.64435828359927,-16.504230047057362,-119.37963355215396
2020-11-17 10:45:00,63.653189207999986,69.94131,60.72329551741606,102.38083806909555,2.929893690583924,-32.43953100122445
2020-11-17 11:00:00,65.286814264,79.42077,278.7119726155871,75.74606118186138,-213.42515835158713,3.6747075559315903
2020-11-17 11:15:00,58.286814264,64.839966,405.1386903232777,240.126550446908,-346.8518760592777,-175.2865846265955
2020-11-17 11:30:00,40.68681426399998,49.824383,112.48972249645979,301.65003158084073,-71.80290823245981,-251.8256487988583
2020-11-17 11:45:00,32.286814264,32.35666,168.69222473476694,126.8171162957013,-136.40541047076692,-94.46045736015442
2020-11-17 12:00:00,32.09826152400001,31.173603,274.25485055463747,161.51455149840842,-242.15658903063746,-130.3409484405471
2020-11-17 12:15:00,32.09826152400001,31.378555,229.5789174964337,231.01406204132437,-197.48065597243368,-199.6355067434728
2020-11-17 12:30:00,22.098261524000005,20.849792,250.23955746874788,197.48890323955078,-228.14129594474787,-176.63911075908203
2020-11-17 12:45:00,21.098261524000005,21.105558,240.08395611833637,216.77332592026698,-218.98569459433637,-195.66776752488124
2020-11-17 13:00:00,19.913106138000003,19.711946,270.0792322853539,199.73028527333946,-250.1661261473539,-180.0183387859127
2020-11-17 13:15:00,19.913106138000003,17.98672,209.88212423923108,213.36015334447603,-189.9690181012311,-195.3734342130063
2020-11-17 13:30:00,19.913106138000003,18.034649,186.58265851526662,185.21135940935886,-166.6695523772666,-167.1767105140952
2020-11-17 13:45:00,19.913106138000003,17.882235,162.1624086153903,171.0177920094858,-142.2493024773903,-153.13555743612153
2020-11-17 14:00:00,19.597183230999995,18.82267,144.39036113334967,141.43207816622643,-124.79317790234967,-122.60940818331628
2020-11-17 14:15:00,19.597183230999995,18.794691,126.03644172589715,125.69162535997114,-106.43925849489716,-106.89693427415571
2020-11-17 14:30:00,19.597183230999995,18.817474,106.44026545137795,112.46980930874531,-86.84308222037797,-93.65233494351094
2020-11-17 14:45:00,30.597183230999995,29.839138,62.59097110221128,100.4747544236291,-31.993787871211282,-70.63561639262323
2020-11-17 15:00:00,33.886584717000005,30.9714,56.36432398322537,57.5568979303062,-22.477739266225363,-26.585498623055223
2020-11-17 15:15:00,33.886584717000005,34.053574,16.595553420008375,45.26937165360148,17.29103129699163,-11.215798045203044
2020-11-17 15:30:00,25.88658471700001,26.570345,5.138649387909144,20.729735423949585,20.747935329090865,5.840609500977173
2020-11-17 15:45:00,22.88658471700001,22.393211,0.0,12.420256820947031,22.88658471700001,9.972954543799062
2020-11-17 16:00:00,24.447295625000002,24.225412,0.0,4.629797045884091,24.447295625000002,19.595615322890325
2020-11-17 16:15:00,24.447295625000002,25.241283,0.0,2.910808037560951,24.447295625000002,22.330475379187096
2020-11-17 16:30:00,24.447295625000002,25.242485,0.0,2.2284475359838636,24.447295625000002,23.014037510402854
2020-11-17 16:45:00,24.447295625000002,25.394714,0.0,1.533933138042637,24.447295625000002,23.860781217426112
2020-11-17 17:00:00,23.61496640100001,26.857607,0.0,-0.14364269897679016,23.61496640100001,27.001249586794174
2020-11-17 17:15:00,23.61496640100001,25.87587,0.0,-0.4802507826481338,23.61496640100001,26.356120533624697
2020-11-17 17:30:00,23.61496640100001,25.655746,0.0,-0.4620335806086501,23.61496640100001,26.11778004056959
2020-11-17 17:45:00,23.61496640100001,25.655746,0.0,-0.6959020384646123,23.61496640100001,26.35164849842555
2020-11-17 18:00:00,29.86480331099999,38.013435,0.0,-0.9288328572352383,29.86480331099999,38.94226822100477
2020-11-17 18:15:00,21.86480331099999,23.531326,0.0,-0.7470283625872308,21.86480331099999,24.278354656532542
2020-11-17 18:30:00,32.86480331099999,31.948406,0.0,-0.7126376852137258,32.86480331099999,32.66104390469615
2020-11-17 18:45:00,32.86480331099999,35.047962,0.0,-0.7422261814666121,32.86480331099999,35.790188370187316
2020-11-17 19:00:00,55.25235446299999,52.132072,0.0,-0.6139064734964591,55.25235446299999,52.745978922226925
2020-11-17 19:15:00,55.25235446299999,55.00045,0.0,-0.5832637669513111,55.25235446299999,55.583713901228656
2020-11-17 19:30:00,55.25235446299999,56.86169,0.0,-0.5535746705671382,55.25235446299999,57.41526519180737
2020-11-17 19:45:00,67.25235446299999,70.3717,0.0,-0.5767407694887697,67.25235446299999,70.94843724165673
2020-11-17 20:00:00,89.566657717,89.04652,0.0,-0.6250509431764019,89.566657717,89.67156736163344
2020-11-17 20:15:00,90.566657717,89.97748,0.0,-0.6201957766817038,90.566657717,90.59767380402545
2020-11-17 20:30:00,81.566657717,83.074104,0.0,-0.6276189098304253,81.566657717,83.70172321891246
2020-11-17 20:45:00,89.566657717,79.84676,0.0,-0.6219870003699742,89.566657717,80.46875061120981
2020-11-17 21:00:00,68.992761578,82.44531,0.0,-0.540998603701529,68.992761578,82.98631110370152
2020-11-17 21:15:00,51.992761578,57.843052,0.0,-0.4749931142927589,51.992761578,58.31804502469315
2020-11-17 21:30:00,27.992761578,28.421213,0.0,-0.4555986372484525,27.992761578,28.876811787272867
2020-11-17 21:45:00,15.992761578000001,15.676566,0.0,-0.3616610547599165,15.992761578000001,16.03822717872232
2020-11-17 22:00:00,25.857345461999998,26.326761,0.0,-0.4511359163433247,25.857345461999998,26.777897162070865
2020-11-17 22:15:00,23.857345461999998,24.85571,0.0,-0.4402602341405323,23.857345461999998,25.295969310068266
2020-11-17 22:30:00,36.857345462,37.35325,0.0,-0.5109072786197323,36.857345462,37.86415587481114
2020-11-17 22:45:00,39.65734546200001,42.423073,0.0,-0.546701411324599,39.65734546200001,42.969774226266004
2020-11-17 23:00:00,22.897241879000003,26.376476,0.0,-0.5683891395208952,22.897241879000003,26.944865427362693
2020-11-17 23:15:00,22.897241879000003,22.677279,0.0,-0.5677398072782466,22.897241879000003,23.245018325955005
2020-11-17 23:30:00,22.897241879000003,22.6508,0.0,-0.5171549671429833,22.897241879000003,23.167955672099037
2020-11-17 23:45:00,17.897241879000003,15.5738735,0.0,-0.4948816920863691,17.897241879000003,16.06875521198383
2020-11-18 00:00:00,6.389251021,8.630919,0.0,-0.5781247292372927,6.389251021,9.209044185719227
2020-11-18 00:15:00,6.389251021,7.078292,0.0,-0.566231386583156,6.389251021,7.644523279588527
2020-11-18 00:30:00,6.389251021,7.0632877,0.0,-0.5511497863736344,6.389251021,7.614437521358986
2020-11-18 00:45:00,6.389251021,7.172282,0.0,-0.40984461484174795,6.389251021,7.582126833774853
2020-11-18 01:00:00,5.465367412,5.735579,0.0,-0.4869478858851305,5.465367412,6.222526899709593
2020-11-18 01:15:00,5.465367412,5.907718,0.0,-0.49572573481901394,5.465367412,6.403443916429121
2020-11-18 01:30:00,5.465367412,5.907718,0.0,-0.5008399596334697,5.465367412,6.408558141243577
2020-11-18 01:45:00,5.465367412,5.907718,0.0,-0.5045463338337842,5.465367412,6.4122645154438915
2020-11-18 02:00:00,7.249016167999999,6.20813,0.0,0.15936909996562398,7.249016167999999,6.048760782846876
2020-11-18 02:15:00,7.249016167999999,7.617535,0.0,0.15287401029969494,7.249016167999999,7.464661103988635
2020-11-18 02:30:00,7.249016167999999,7.617535,0.0,0.11289367552100316,7.249016167999999,7.504641438767327
2020-11-18 02:45:00,7.249016167999999,7.617535,0.0,0.06261795905029366,7.249016167999999,7.554917155238036
2020-11-18 03:00:00,8.900697847000002,7.768274,0.0,0.5981947992044895,8.900697847000002,7.170079031209329
2020-11-18 03:15:00,8.900697847000002,8.794751,0.0,0.6134977679050458,8.900697847000002,8.181253399392318
2020-11-18 03:30:00,8.900697847000002,8.794751,0.0,0.61659931915469,8.900697847000002,8.178151848142674
2020-11-18 03:45:00,8.900697847000002,8.702556,0.0,0.6289110570178885,8.900697847000002,8.073644599415218
2020-11-18 04:00:00,8.244833228,9.147485,0.0,1.7418822029578767,8.244833228,7.4056025764000335
2020-11-18 04:15:00,8.244833228,8.733958,0.0,1.7274241978514446,8.244833228,7.006534046472286
2020-11-18 04:30:00,8.244833228,8.733958,0.0,1.7328917404041757,8.244833228,7.001066503919555
2020-11-18 04:45:00,8.244833228,8.733958,0.0,1.7524179740376917,8.244833228,6.981540270286039
2020-11-18 05:00:00,18.668097004,19.347761,0.0,4.863265994178774,18.668097004,14.48449515999603
2020-11-18 05:15:00,28.668097004,25.85634,0.0,6.2559955212152385,28.668097004,19.600344887109955
2020-11-18 05:30:00,17.668097004,18.169893,0.0,6.061341748033823,17.668097004,12.108551516736686
2020-11-18 05:45:00,7.668097004000001,8.769093,0.0,4.620388377920468,7.668097004000001,4.148704181893985
2020-11-18 06:00:00,8.224248946999998,9.802536,0.0,13.029393606369245,8.224248946999998,-3.2268575956270578
2020-11-18 06:15:00,8.224248946999998,9.413762,0.0,18.105602622130526,8.224248946999998,-8.691840529540194
2020-11-18 06:30:00,8.224248946999998,9.396254,0.0,12.229805167096622,8.224248946999998,-2.833551581281192
2020-11-18 06:45:00,8.224248946999998,9.3422575,0.0,7.874247515078067,8.224248946999998,1.4680099846167574
2020-11-18 07:00:00,22.222305126000006,13.378853,0.9092683772931135,10.311802076171158,21.313036748706892,3.067050768067123
2020-11-18 07:15:00,22.222305126000006,21.546564,2.621946898844564,10.513180770495135,19.600358227155443,11.033383331677717
2020-11-18 07:30:00,22.222305126000006,21.550303,6.332736486488205,12.056644514796693,15.8895686395118,9.493657990696471
2020-11-18 07:45:00,22.222305126000006,21.578135,12.724640873267688,15.58382883329071,9.497664252732317,5.994305703452454
2020-11-18 08:00:00,33.93480017,24.604898,13.618113799895792,21.596097239137755,20.31668637010421,3.008801213621034
2020-11-18 08:15:00,33.93480017,31.51389,22.253500563117935,24.911798108692956,11.681299606882067,6.6020912040511845
2020-11-18 08:30:00,44.93480017,41.75347,22.426543601115892,32.94401463222804,22.50825656888411,8.809456742283679
2020-11-18 08:45:00,55.93480017,48.73118,19.174707316833164,37.444995446622414,36.76009285316684,11.286182837068992
2020-11-18 09:00:00,51.36265876900001,57.420464,21.954664504357638,32.60028080059938,29.40799426464237,24.82018276141234
2020-11-18 09:15:00,66.362658769,63.97816,27.08289826657066,40.93272963315842,39.27976050242935,23.04543122499588
2020-11-18 09:30:00,69.362658769,68.16553,37.91587554257701,49.70532161636301,31.446783226422994,18.46020572738699
2020-11-18 09:45:00,55.36265876900001,57.44804,46.738267499065856,61.6255667292841,8.62439126993415,-4.177526720739181
2020-11-18 10:00:00,32.47200887999999,35.31844,50.43573567064728,54.13060356865769,-17.963726790647293,-18.812164085015112
2020-11-18 10:15:00,19.472008879999994,21.252142,47.75259024389519,62.690159736003885,-28.280581363895198,-41.43801778348924
2020-11-18 10:30:00,19.472008879999994,20.771078,56.286963993676565,70.44293579329562,-36.814955113676575,-49.67185768355441
2020-11-18 10:45:00,19.472008879999994,19.905428,67.41467752290276,71.61782719019737,-47.942668642902774,-51.71239925745812
2020-11-18 11:00:00,16.733680912000008,19.335857,56.27705493569605,63.12620830264605,-39.543374023696046,-43.79035091128863
2020-11-18 11:15:00,16.733680912000008,17.520481,40.84115300168414,52.35936402602648,-24.107472089684133,-34.83888291640734
2020-11-18 11:30:00,16.733680912000008,17.271338,43.02039311910905,45.85325069321465,-26.286712207109044,-28.581913184059374
2020-11-18 11:45:00,16.733680912000008,17.271338,39.67532766700161,45.851243183129924,-22.941646755001603,-28.57990567397465
2020-11-18 12:00:00,25.44202564099999,16.972496,41.006749856175965,37.622294808808576,-15.564724215175975,-20.649798776093732
2020-11-18 12:15:00,25.44202564099999,24.05407,30.841897232269172,38.556758846250915,-5.399871591269182,-14.502689327207946
2020-11-18 12:30:00,36.44202564099999,33.00075,30.618191252659205,32.668429123677626,5.8238343883407815,0.33232237168370204
2020-11-18 12:45:00,36.44202564099999,33.8203,38.21552181240665,30.23732655602683,-1.7734961714066628,3.5829744998813737
2020-11-18 13:00:00,28.03859001400001,26.944557,34.426337041428646,30.628550722582613,-6.3877470274286345,-3.6839935326412068
2020-11-18 13:15:00,27.238590014,26.637829,24.99622913774312,29.75785813463192,2.2423608762568783,-3.1200293077276235
2020-11-18 13:30:00,27.238590014,25.481539,26.124493428477248,25.799905699437225,1.114096585522752,-0.3183669268542175
2020-11-18 13:45:00,27.238590014,25.735931,15.512442606647,23.229510568674048,11.726147407353,2.5064208278103273
2020-11-18 14:00:00,34.762697155,35.3017,7.720448812563193,15.826937018277688,27.042248342436807,19.474763573763326
2020-11-18 14:15:00,34.762697155,32.89447,11.271203489728977,11.152607771051548,23.491493665271022,21.7418624437922
2020-11-18 14:30:00,25.762697154999994,23.691147,8.430127336785327,11.083152225154363,17.332569818214665,12.607994625431575
2020-11-18 14:45:00,23.762697154999994,22.777323,4.723044918749156,9.425808174131124,19.039652236250838,13.351514595033915
2020-11-18 15:00:00,34.226367723,32.46112,5.760947759787218,5.609066202688751,28.465419963212785,26.85205440278
2020-11-18 15:15:00,45.226367723,38.95861,4.032253167598366,4.9895181743199695,41.19411455540164,33.969092360348
2020-11-18 15:30:00,78.22636772300001,65.67048,2.346463618720016,4.841357083487715,75.87990410427999,60.829121737313066
2020-11-18 15:45:00,54.226367723,49.70074,0.8474792181421579,2.687339639274195,53.37888850485785,47.01340117493479
2020-11-18 16:00:00,47.33464160700001,47.420364,0.5332012925396225,0.6151281165207888,46.801440314460386,46.805236263362026
2020-11-18 16:15:00,29.13464160700002,28.566887,0.0,0.0214732116540447,29.13464160700002,28.545413690201425
2020-11-18 16:30:00,25.33464160700001,26.448927,0.0,-0.5429770692315109,25.33464160700001,26.99190399489069
2020-11-18 16:45:00,69.33464160700001,64.49356,0.0,0.20560701567582107,69.33464160700001,64.2879537753398
2020-11-18 17:00:00,72.82435439899999,70.07311,0.0,-0.8595511609099474,72.82435439899999,70.93266364870291
2020-11-18 17:15:00,42.82435439899999,46.920727,0.0,-0.9481391777334284,42.82435439899999,47.86886595385648
2020-11-18 17:30:00,50.82435439899999,50.802208,0.0,-0.7749953359622924,50.82435439899999,51.57720328273964
2020-11-18 17:45:00,94.82435439899999,84.66674,0.0,-0.7044606933490122,94.82435439899999,85.37120111082947
2020-11-18 18:00:00,117.64416076500001,108.881836,0.0,-0.8791474927147426,117.64416076500001,109.76098343021474
2020-11-18 18:15:00,79.64416076500001,79.5503,0.0,-1.1666638526609399,79.64416076500001,80.71696445080548
2020-11-18 18:30:00,77.64416076500001,70.72356,0.0,-1.195985464612991,77.64416076500001,71.91954198316768
2020-11-18 18:45:00,65.64416076500001,59.83221,0.0,-1.0871497899552844,65.64416076500001,60.91936033072677
2020-11-18 19:00:00,52.389183032000005,52.93826,0.0,-0.9517152543803312,52.389183032000005,53.88997437913619
2020-11-18 19:15:00,52.389183032000005,49.696636,0.0,-1.040969877641957,52.389183032000005,50.73760607759313
2020-11-18 19:30:00,63.389183032000005,61.155502,0.0,-1.0703460615446039,63.389183032000005,62.22584838088054
2020-11-18 19:45:00,85.389183032,79.08365,0.0,-1.1499326861667791,85.389183032,80.2335813678074
2020-11-18 20:00:00,74.04659115099999,66.99257,0.0,-1.1465921386001137,74.04659115099999,68.13916110832668
2020-11-18 20:15:00,61.846591151,57.432034,0.0,-1.094201043808389,61.846591151,58.52623458262675
2020-11-18 20:30:00,51.846591151,48.09453,0.0,-0.9934943529523209,51.846591151,49.088022551194506
2020-11-18 20:45:00,37.846591151,34.11536,0.0,-0.9359699892568055,37.846591151,35.05133024926657
2020-11-18 21:00:00,21.717685018000005,33.10797,0.0,-0.7990425517611551,21.717685018000005,33.907013743167404
2020-11-18 21:15:00,31.717685018000005,26.916096,0.0,-0.7316827955825388,31.717685018000005,27.647778529225118
2020-11-18 21:30:00,32.717685018000005,29.901527,0.0,-0.6645941748293921,32.717685018000005,30.56612157961455
2020-11-18 21:45:00,36.717685018000005,33.435513,0.0,-0.6783522705760411,36.717685018000005,34.11386481330065
2020-11-18 22:00:00,27.98580107500001,24.580002,0.0,-0.6969331702981975,27.98580107500001,25.276935001352886
2020-11-18 22:15:00,23.98580107500001,23.35181,0.0,-0.6092695422780326,23.98580107500001,23.961079997600297
2020-11-18 22:30:00,23.98580107500001,22.424911,0.0,-0.5999645733392313,23.98580107500001,23.02487607236267
2020-11-18 22:45:00,23.98580107500001,22.386831,0.0,-0.5656739540115644,23.98580107500001,22.9525052375809
2020-11-18 23:00:00,16.725404754,18.985502,0.0,-0.6007141745751695,16.725404754,19.586216417617162
2020-11-18 23:15:00,16.725404754,15.731536,0.0,-0.5809479687401274,16.725404754,16.312483880300185
2020-11-18 23:30:00,16.725404754,15.708005,0.5308944813502221,-0.5475007575161107,16.194510272649776,16.255505708993162
2020-11-18 23:45:00,16.725404754,15.822637,0.0,-0.4624464138060801,16.725404754,16.285083018115163
2020-11-19 00:00:00,8.425253689000002,11.613699,0.0,-0.5034272746852376,8.425253689000002,12.117126234035824
2020-11-19 00:15:00,8.425253689000002,8.158022,0.0,-0.4365404981970925,8.425253689000002,8.594562425076976
2020-11-19 00:30:00,8.425253689000002,8.158022,0.0,-0.42085367810291985,8.425253689000002,8.578875604982803
2020-11-19 00:45:00,8.425253689000002,8.158022,0.0,-0.4151200143073154,8.425253689000002,8.573141941187199
2020-11-19 01:00:00,7.632207101999998,6.9149127,0.0,-0.6713435072521615,7.632207101999998,7.586256207905238
2020-11-19 01:15:00,7.632207101999998,7.780921,0.0,-0.6694360639899638,7.632207101999998,8.450357046350804
2020-11-19 01:30:00,7.632207101999998,7.780921,0.0,-0.6695134587740333,7.632207101999998,8.450434441134874
2020-11-19 01:45:00,7.632207101999998,7.780921,0.0,-0.669610623383755,7.632207101999998,8.450531605744596
2020-11-19 02:00:00,5.694932553,8.2498865,0.0,-0.13517783508828807,5.694932553,8.385064347844637
2020-11-19 02:15:00,5.694932553,6.2839427,0.0,-0.17216374818479097,5.694932553,6.456106447617164
2020-11-19 02:30:00,5.694932553,6.2839427,0.0,-0.19595907388051537,5.694932553,6.479901773312888
2020-11-19 02:45:00,5.694932553,6.2839427,0.0,-0.2203113818759831,5.694932553,6.504254081308356
2020-11-19 03:00:00,6.721652357,6.4700284,0.0,0.341403528579339,6.721652357,6.1286248718418035
2020-11-19 03:15:00,6.721652357,7.0949845,0.0,0.3357543660988619,6.721652357,6.759230165303726
2020-11-19 03:30:00,6.721652357,7.057897,0.0,0.3239974275790133,6.721652357,6.733899663332852
2020-11-19 03:45:00,6.721652357,7.002787,0.0,0.3141533121173524,6.721652357,6.688633801072345
2020-11-19 04:00:00,6.857942533000002,7.407446,0.0,1.4979214460038959,6.857942533000002,5.909524461588878
2020-11-19 04:15:00,6.857942533000002,7.5225263,0.0,1.497661536500682,6.857942533000002,6.024864727689992
2020-11-19 04:30:00,6.857942533000002,7.489463,0.0,1.4955467225689674,6.857942533000002,5.99391612990906
2020-11-19 04:45:00,6.857942533000002,7.489463,0.0,1.50237279333263,6.857942533000002,5.987090059145397
2020-11-19 05:00:00,5.8582283780000015,7.489463,0.0,3.4234904437905844,5.8582283780000015,4.065972408687443
2020-11-19 05:15:00,5.8582283780000015,6.6500006,0.0,4.099668497993849,5.8582283780000015,2.5503320742107407
2020-11-19 05:30:00,5.8582283780000015,6.641558,0.0,3.4832657831360887,5.8582283780000015,3.158292387182515
2020-11-19 05:45:00,5.8582283780000015,6.641558,0.0,3.0463173925835685,5.8582283780000015,3.595240777735035
2020-11-19 06:00:00,7.550463533999998,7.4291263,0.0,6.444592443859416,7.550463533999998,0.9845338188053789
2020-11-19 06:15:00,7.550463533999998,8.098335,0.0,6.529073543635683,7.550463533999998,1.5692617224775987
2020-11-19 06:30:00,7.550463533999998,8.098335,0.0,6.568402973074504,7.550463533999998,1.5299322930387769
2020-11-19 06:45:00,18.550463534,19.282171,0.0,7.289897989767006,18.550463534,11.992273259622642
2020-11-19 07:00:00,33.88613937199999,23.340649,2.4936657281666936,10.67416353124796,31.392473643833295,12.666485119875087
2020-11-19 07:15:00,33.88613937199999,32.27194,10.391336604759829,13.647137442814861,23.49480276724016,18.62480088115975
2020-11-19 07:30:00,33.88613937199999,32.294674,19.904188774078715,20.65331009159862,13.981950597921273,11.641363828079115
2020-11-19 07:45:00,26.88613937199999,25.941896,38.773269595230744,33.230685753513825,-11.887130223230752,-7.288789314915192
2020-11-19 08:00:00,31.888649441999995,28.703249,64.56873895843226,51.91946266046429,-32.68008951643227,-23.216213682803158
2020-11-19 08:15:00,31.888649441999995,32.703735,81.4660545305037,78.06955065917292,-49.5774050885037,-45.36581530761042
2020-11-19 08:30:00,42.888649441999995,39.72988,88.22953972862769,98.47365494619217,-45.34089028662769,-58.743773659571076
2020-11-19 08:45:00,42.888649441999995,40.690247,109.54302221105081,107.44215668634612,-66.65437276905081,-66.75191010431487
2020-11-19 09:00:00,37.439080865,37.52735,124.89437052510412,120.35048105341234,-87.45528966010411,-82.8231296740178
2020-11-19 09:15:00,32.439080865,30.743088,149.3076934706694,141.6374112175132,-116.8686126056694,-110.89432344895852
2020-11-19 09:30:00,26.439080865,25.941183,129.61033698629572,170.91363619743348,-103.17125612129573,-144.97245310722352
2020-11-19 09:45:00,26.439080865,25.204742,112.48660423844828,156.52873781265242,-86.04752337344829,-131.3239953810118
2020-11-19 10:00:00,24.524086215000004,23.948685,152.55791637501463,128.34644557562882,-128.03383016001462,-104.39776088324601
2020-11-19 10:15:00,24.524086215000004,23.15188,220.44281531609917,165.81103949170455,-195.91872910109916,-142.65915922742232
2020-11-19 10:30:00,24.524086215000004,23.384785,170.10039872037044,217.56396589457387,-145.57631250537042,-194.17918119608754
2020-11-19 10:45:00,24.524086215000004,23.413582,162.40389991688295,187.61662318419837,-137.87981370188294,-164.20304133605384
2020-11-19 11:00:00,19.466450883,22.995457,147.38411161660403,172.55797505779398,-127.91766073360404,-149.56251836223734
2020-11-19 11:15:00,19.466450883,18.721588,54.51423930404895,164.04747092017305,-35.04778842104895,-145.32588278540743
2020-11-19 11:30:00,19.466450883,18.721588,39.505157658803526,88.34559039879271,-20.038706775803526,-69.62400226402708
2020-11-19 11:45:00,19.466450883,18.721588,252.37496252374925,81.45271349304583,-232.90851164074925,-62.73112535828021
2020-11-19 12:00:00,23.048983300000003,18.891993,260.1656702508957,219.37116282218932,-237.11668695089568,-200.4791702532196
2020-11-19 12:15:00,23.048983300000003,22.531103,201.57609314074412,216.7787589167449,-178.52710984074412,-194.24765578258962
2020-11-19 12:30:00,23.048983300000003,22.531103,161.07550110480352,185.17470911431622,-138.02651780480352,-162.64360598016094
2020-11-19 12:45:00,23.048983300000003,22.531103,68.76162740138432,168.8815141534008,-45.71264410138431,-146.3504110192455
2020-11-19 13:00:00,24.747775556000004,22.436075,52.599320486462744,87.74432184897177,-27.85154493046274,-65.30824663840048
2020-11-19 13:15:00,24.747775556000004,24.047934,92.2429667596426,73.11189699992893,-67.49519120364259,-49.06396342143772
2020-11-19 13:30:00,24.747775556000004,24.090755,149.31483499680996,97.91805681786978,-124.56705944080996,-73.8273013552233
2020-11-19 13:45:00,24.747775556000004,24.090755,66.86180434713117,124.92087125625889,-42.11402879113116,-100.8301157936124
2020-11-19 14:00:00,21.259690447999997,24.808037,59.876374772758645,61.9600869344159,-38.61668432475865,-37.15205013021668
2020-11-19 14:15:00,21.259690447999997,21.46676,60.02139724591856,55.123778391078005,-38.76170679791856,-33.65701775570203
2020-11-19 14:30:00,21.259690447999997,21.456831,53.293163076842355,52.92464473283409,-32.03347262884236,-31.467813754440535
2020-11-19 14:45:00,32.259690448,28.934772,27.457266508824233,43.97941932460327,4.8024239391757675,-15.044646833148192
2020-11-19 15:00:00,30.014433587000003,30.304546,9.270435833333597,18.921208580388246,20.743997753666406,11.383337775812926
2020-11-19 15:15:00,63.014433587,51.569904,1.901551377099743,11.037022422129983,61.112882209900256,40.5328819052626
2020-11-19 15:30:00,63.014433587,62.515945,2.8810875837659724,6.761966727732432,60.133346003234024,55.753978706837884
2020-11-19 15:45:00,59.81443358700001,55.77954,1.9773137326565144,4.238325079112446,57.8371198543435,51.54121593651256
2020-11-19 16:00:00,47.516145269999996,39.036583,0.5098092449604642,0.8063697517719771,47.00633602503953,38.23021319500537
2020-11-19 16:15:00,35.516145269999996,34.25727,0.0,-0.19019624491142928,35.516145269999996,34.44746705789971
2020-11-19 16:30:00,36.516145269999996,34.50944,0.0,-0.37988749531551946,36.516145269999996,34.889328871047944
2020-11-19 16:45:00,47.516145269999996,42.82571,0.0,-0.4925383613026614,47.516145269999996,43.31824865793352
2020-11-19 17:00:00,61.688200474000006,59.426662,0.0,-0.828102185791015,61.688200474000006,60.25476463085938
2020-11-19 17:15:00,65.68820047400001,61.201218,0.0,-0.8472606879352763,65.68820047400001,62.04847833930246
2020-11-19 17:30:00,60.688200474000006,55.728073,0.0,-0.9652554632017881,60.688200474000006,56.69332858331897
2020-11-19 17:45:00,40.48820047400002,40.20503,0.0,-1.2777835106461994,40.48820047400002,41.48281204458175
2020-11-19 18:00:00,38.76852643500001,38.998093,0.0,-1.108777401267063,38.76852643500001,40.10687005263425
2020-11-19 18:15:00,38.76852643500001,40.11616,0.0,-0.9462130022630176,38.76852643500001,41.06237434869856
2020-11-19 18:30:00,38.76852643500001,39.696556,0.0,-0.9180514248948813,38.76852643500001,40.61460751620348
2020-11-19 18:45:00,38.76852643500001,39.64791,0.0,-0.8802439345517509,38.76852643500001,40.528155006329094
2020-11-19 19:00:00,34.31358691699999,38.105804,0.0,-0.7148849564702316,34.31358691699999,38.820689399829604
2020-11-19 19:15:00,34.31358691699999,33.81371,0.0,-0.6844361496719539,34.31358691699999,34.498145408705156
2020-11-19 19:30:00,34.31358691699999,33.88819,0.0,-0.6700454360294891,34.31358691699999,34.55823665917402
2020-11-19 19:45:00,34.31358691699999,34.75027,0.0,-0.6806206657767141,34.31358691699999,35.430891509282574
2020-11-19 20:00:00,34.01273934599999,33.823135,0.0,-0.5174637554644451,34.01273934599999,34.34059913144101
2020-11-19 20:15:00,34.01273934599999,33.734505,0.0,-0.45183731063835986,34.01273934599999,34.18634201034539
2020-11-19 20:30:00,45.01273934599999,43.826447,0.0,-0.4195746226014939,45.01273934599999,44.24602115580462
2020-11-19 20:45:00,41.01273934599999,40.345947,0.0,-0.30703665355828946,41.01273934599999,40.65298391918329
2020-11-19 21:00:00,26.449857156000004,30.309244,0.0,-0.030425498952984076,26.449857156000004,30.339669654836772
2020-11-19 21:15:00,26.449857156000004,24.97607,0.0,-0.028205933826661256,26.449857156000004,25.004276337879396
2020-11-19 21:30:00,26.449857156000004,25.072346,0.0,0.09129377816102113,26.449857156000004,24.981051955481558
2020-11-19 21:45:00,26.449857156000004,24.992004,0.0,0.08448481569969146,26.449857156000004,24.907519578831558
2020-11-19 22:00:00,27.941420996000005,24.767292,0.0,0.011289241642757797,27.941420996000005,24.75600278106232
2020-11-19 22:15:00,38.941420996000005,36.287548,0.0,-0.0005008928550945813,38.941420996000005,36.28804895804064
2020-11-19 22:30:00,38.941420996000005,37.408787,0.0,0.049686787568144264,38.941420996000005,37.3590999861135
2020-11-19 22:45:00,38.941420996000005,37.710728,0.0,0.10762135564193087,38.941420996000005,37.60310633600846
2020-11-19 23:00:00,29.420964090000002,36.696648,0.0,0.01474907705243822,29.420964090000002,36.68189856699053
2020-11-19 23:15:00,26.420964090000002,26.794239,0.0,0.09268839913586013,26.420964090000002,26.701550645053594
2020-11-19 23:30:00,26.420964090000002,26.595158,0.0,0.12624199099072342,26.420964090000002,26.46891563230029
2020-11-19 23:45:00,21.62096408999999,24.592234,0.0,0.1317382883997834,21.62096408999999,24.46049536943713
2020-11-20 00:00:00,9.373995300999999,11.13225,0.0,-0.23644565215061875,9.373995300999999,11.36869548430394
2020-11-20 00:15:00,9.373995300999999,9.221523,0.0,-0.21467750810931918,9.373995300999999,9.43620079302143
2020-11-20 00:30:00,9.373995300999999,9.2324915,0.0,-0.20372798591021024,9.373995300999999,9.436219479135309
2020-11-20 00:45:00,9.373995300999999,9.197711,0.0,-0.1801042616969123,9.373995300999999,9.377815252602675
2020-11-20 01:00:00,7.323446492,7.929636,0.0,-0.4201570066419481,7.323446492,8.349793008228863
2020-11-20 01:15:00,7.323446492,7.2661304,0.0,-0.403589940289078,7.323446492,7.669720387676773
2020-11-20 01:30:00,7.323446492,7.526594,0.0,-0.44675393256317364,7.323446492,7.973348094550478
2020-11-20 01:45:00,7.323446492,7.651903,0.0,-0.4910528043922425,7.323446492,8.142955956858064
2020-11-20 02:00:00,8.629381057,7.8424544,0.0,-0.009782374456425491,8.629381057,7.8522368078975875
2020-11-20 02:15:00,8.629381057,8.456003,0.0,-0.07743940496875645,8.629381057,8.533442594055671
2020-11-20 02:30:00,8.629381057,8.456003,0.446077957000374,-0.1728292033715234,8.183303099999625,8.628832392458438
2020-11-20 02:45:00,8.629381057,8.488628,0.9512268959717145,-0.2275401663904556,7.678154161028285,8.716168553841628
2020-11-20 03:00:00,8.733202777000002,8.367937,0.9353677874105096,0.8983576666176994,7.797834989589493,7.469579421394996
2020-11-20 03:15:00,8.733202777000002,8.633901,0.9588834068000904,0.8698594079738314,7.774319370199912,7.764041234421188
2020-11-20 03:30:00,8.733202777000002,8.633901,0.47134668378354544,0.8373760838100645,8.261856093216457,7.796524558584955
2020-11-20 03:45:00,8.733202777000002,8.495232,0.0,0.7929888387362948,8.733202777000002,7.702242789681674
2020-11-20 04:00:00,8.452600562000002,9.074179,0.0,2.3037574956101246,8.452600562000002,6.770421200068586
2020-11-20 04:15:00,8.452600562000002,8.702489,0.0,2.3113518713329677,8.452600562000002,6.391137027897989
2020-11-20 04:30:00,19.452600562,19.523125,0.0,2.707938993047442,19.452600562,16.815185701776777
2020-11-20 04:45:00,19.452600562,20.17538,0.0,3.2354422752593357,19.452600562,16.939938431527775
2020-11-20 05:00:00,19.466496813,19.62213,0.0,5.666156397287625,19.466496813,13.955973043019991
2020-11-20 05:15:00,12.466496812999997,12.633231,0.0,5.019003482129793,12.466496812999997,7.61422768089511
2020-11-20 05:30:00,8.466496812999997,9.768237,0.0,7.7292910882928245,8.466496812999997,2.038946025659812
2020-11-20 05:45:00,8.466496812999997,8.527285,0.0,7.441709347412639,8.466496812999997,1.0855752747797442
2020-11-20 06:00:00,11.722510042,9.446511,0.49328446471336684,12.937344796852535,11.229225577286632,-3.490833528236813
2020-11-20 06:15:00,11.722510042,11.229823,0.9903656033812408,9.533853743776335,10.732144438618759,1.6959693687114576
2020-11-20 06:30:00,11.722510042,11.229823,0.8985660542553651,8.058735080903851,10.823943987744634,3.171088031583942
2020-11-20 06:45:00,11.722510042,11.229823,0.9720585446241615,9.611356097638808,10.750451497375838,1.618467014848985
2020-11-20 07:00:00,28.084229632999982,16.576958,4.178823445980229,16.387853923590384,23.905406187019754,0.18910377904633435
2020-11-20 07:15:00,28.084229632999982,27.389711,6.34597563554901,19.349576839793656,21.738253997450972,8.040134540211227
2020-11-20 07:30:00,28.084229632999982,27.368704,15.564509416208914,21.420683245605684,12.519720216791068,5.948020596557402
2020-11-20 07:45:00,28.084229632999982,27.392668,25.165748548225235,28.050109912410587,2.918481084774747,-0.6574421420248449
2020-11-20 08:00:00,50.353026611,32.63521,50.6852401152696,37.261391408839856,-0.3322135042696033,-4.626183278957043
2020-11-20 08:15:00,50.353026611,46.27571,49.62339472998015,61.11771370364524,0.7296318810198485,-14.842002644074924
2020-11-20 08:30:00,50.353026611,46.248413,44.44695072619962,64.83386290402778,5.90607588480038,-18.585449818090282
2020-11-20 08:45:00,50.353026611,46.303635,67.03232601972623,63.132636144774914,-16.67929940872623,-16.829001501220226
2020-11-20 09:00:00,31.435638954999995,43.208244,82.73444205989475,78.11465595181892,-51.29880310489475,-34.90641162808845
2020-11-20 09:15:00,31.435638954999995,30.454659,60.01835422292206,91.03338781337217,-28.58271526792207,-60.57872930507139
2020-11-20 09:30:00,31.435638954999995,30.316639,68.8453149272672,73.82906980202301,-37.4096759722672,-43.51243085548981
2020-11-20 09:45:00,31.435638954999995,30.006783,58.98557640307353,85.33756001612659,-27.549937448073536,-55.33077748438831
2020-11-20 10:00:00,25.188011136000014,28.085394,74.04220311984743,69.68621048590731,-48.854191983847414,-41.60081658026766
2020-11-20 10:15:00,25.188011136000014,25.005688,127.39146855564961,83.35644491042493,-102.2034574196496,-58.35075719680188
2020-11-20 10:30:00,25.188011136000014,25.005688,119.22584671766678,129.95288133765553,-94.03783558166677,-104.94719362403248
2020-11-20 10:45:00,25.188011136000014,25.005688,69.52980903872314,125.22431600411701,-44.34179790272313,-100.21862829049397
2020-11-20 11:00:00,25.519952856999996,23.941404,83.11467080985595,79.21675471519544,-57.59471795285596,-55.27535037254407
2020-11-20 11:15:00,25.519952856999996,24.011831,58.35922639016883,93.56964483711734,-32.839273533168836,-69.557813553548
2020-11-20 11:30:00,25.519952856999996,24.011831,37.67081489067236,75.79735631233696,-12.150862033672365,-51.78552502876762
2020-11-20 11:45:00,25.519952856999996,24.011831,61.93032719165525,57.79008345148945,-36.41037433465526,-33.778252167920115
2020-11-20 12:00:00,36.75856517799999,25.30852,51.37356575647666,69.42777426516172,-14.615000578476668,-44.119254901758396
2020-11-20 12:15:00,36.75856517799999,34.551193,86.62058553051469,60.15506666715555,-49.8620203525147,-25.603873429850864
2020-11-20 12:30:00,36.75856517799999,34.876034,78.93717597600057,83.55781607875028,-42.178610798000584,-48.681782295791294
2020-11-20 12:45:00,36.75856517799999,35.101818,85.7691437323362,78.42304461733444,-49.01057855433621,-43.321226532617644
2020-11-20 13:00:00,37.58220660300002,33.92128,91.0222091004612,70.80266381310545,-53.44000249746118,-36.88138390587889
2020-11-20 13:15:00,37.58220660300002,34.793945,64.53630813819836,73.61529977958827,-26.954101535198348,-38.82135446708827
2020-11-20 13:30:00,37.58220660300002,34.702583,66.67452813658217,56.02849088881524,-29.09232153358215,-21.32590757582696
2020-11-20 13:45:00,37.58220660300002,34.702583,53.47298336180882,56.34175494471546,-15.890776758808805,-21.63917163172718
2020-11-20 14:00:00,34.784180123999995,34.674416,43.425157418235415,40.398508056162115,-8.64097729423542,-5.724092467783208
2020-11-20 14:15:00,34.784180123999995,30.418024,14.666797818245712,32.31669778138988,20.117382305754283,-1.8986737182795252
2020-11-20 14:30:00,34.784180123999995,30.45533,6.625123860294154,16.828025003745083,28.159056263705843,13.627304891274449
2020-11-20 14:45:00,34.784180123999995,30.393003,5.058989391931619,12.223475311016973,29.725190732068377,18.169528152728144
2020-11-20 15:00:00,32.955694246000014,30.325502,8.382074567037401,6.355479018630343,24.573619678962615,23.97002337699954
2020-11-20 15:15:00,32.955694246000014,28.803825,8.078839080027297,5.288388025730672,24.876855165972717,23.515437352687297
2020-11-20 15:30:00,32.955694246000014,28.798971,6.862292151677936,4.217334616822156,26.09340209432208,24.581636559325304
2020-11-20 15:45:00,32.955694246000014,28.667732,3.0211084507868207,2.9486527644016975,29.934585795213195,25.719079474367835
2020-11-20 16:00:00,38.231279489000016,30.917208,0.4937779152157553,0.5325898475652292,37.73750157378426,30.384617870330278
2020-11-20 16:15:00,38.231279489000016,36.852512,0.0,0.17245068264943064,38.231279489000016,36.68006167696971
2020-11-20 16:30:00,38.231279489000016,36.795727,0.48813494250092465,-0.05955044699304779,37.74314454649909,36.8552772231161
2020-11-20 16:45:00,38.231279489000016,36.795727,0.0,-0.2875151646577204,38.231279489000016,37.083241940780766
2020-11-20 17:00:00,42.585052246,39.570034,0.0,-0.7470127458150922,42.585052246,40.3170467729147
2020-11-20 17:15:00,42.585052246,42.259335,0.0,-0.7880541980763268,42.585052246,43.04738876228531
2020-11-20 17:30:00,42.585052246,42.080387,0.0,-0.7811106331244658,42.585052246,42.86149774860298
2020-11-20 17:45:00,64.585052246,66.013374,0.0,-0.590043129718203,64.585052246,66.60341745833148
2020-11-20 18:00:00,82.042181607,87.35418,0.0,-0.8946643909235777,82.042181607,88.2488437732478
2020-11-20 18:15:00,82.042181607,77.34157,0.0,-0.9591781601902137,82.042181607,78.30074615335428
2020-11-20 18:30:00,82.042181607,79.68081,0.0,-0.9918173952826371,82.042181607,80.67262641627873
2020-11-20 18:45:00,92.042181607,94.42564,0.0,-0.9250768565551805,92.042181607,95.35071314805909
2020-11-20 19:00:00,58.354492431000004,67.28904,0.0,-0.6468714836618857,58.354492431000004,67.93591109547829
2020-11-20 19:15:00,51.354492431000004,48.52425,0.0,-0.4866857232858123,51.354492431000004,49.01093575380339
2020-11-20 19:30:00,40.55449243099999,38.928085,0.0,-0.4364883355528867,40.55449243099999,39.364573662701325
2020-11-20 19:45:00,40.354492431000004,40.306168,0.0,-0.40408833185059045,40.354492431000004,40.71025593438965
2020-11-20 20:00:00,41.615131850000004,39.787983,0.0,-0.34426267388115683,41.615131850000004,40.13224561455498
2020-11-20 20:15:00,41.615131850000004,40.310204,0.0,-0.33996606942175867,41.615131850000004,40.65016962166785
2020-11-20 20:30:00,41.615131850000004,40.0808,0.0,-0.3744190974467517,41.615131850000004,40.45521820022996
2020-11-20 20:45:00,41.615131850000004,40.301693,0.0,-0.34172525703925516,41.615131850000004,40.64341821968574
2020-11-20 21:00:00,45.091829144,46.369957,0.0,-0.1958047093213856,45.091829144,46.56576167953623
2020-11-20 21:15:00,56.091829144,56.461647,0.0,-0.21050432530853336,56.091829144,56.67215135899994
2020-11-20 21:30:00,67.091829144,62.999126,0.0,-0.22514601857943994,67.091829144,63.22427245290561
2020-11-20 21:45:00,65.091829144,62.051388,0.0,-0.18382081020295893,65.091829144,62.235208597068194
2020-11-20 22:00:00,65.90422966599999,61.438015,0.0,-0.1518718963738258,65.90422966599999,61.589886880504686
2020-11-20 22:15:00,61.904229666,58.206005,0.0,-0.09670426692629086,61.904229666,58.302709363361835
2020-11-20 22:30:00,41.904229666,40.730682,0.0,0.1346725998899999,41.904229666,40.59600977315687
2020-11-20 22:45:00,32.904229666,31.848007,0.0,0.2215834981513244,32.904229666,31.626423703997112
2020-11-20 23:00:00,34.27830333100001,34.30744,0.0,0.04711608047227578,34.27830333100001,34.2603256309535
2020-11-20 23:15:00,34.27830333100001,33.173832,0.0,0.04899696831002742,34.27830333100001,33.12483497138724
2020-11-20 23:30:00,34.27830333100001,33.22308,0.0,-0.040454577199544706,34.27830333100001,33.26353425859603
2020-11-20 23:45:00,34.27830333100001,33.746758,0.0,-0.06880195275739276,34.27830333100001,33.81555946008161
2020-11-21 00:00:00,24.467600849999997,27.899214,0.0,-0.6458818774105125,24.467600849999997,28.545095668304068
2020-11-21 00:15:00,16.467600849999997,15.189599,0.0,-0.5289209749939295,16.467600849999997,15.71852001216434
2020-11-21 00:30:00,13.467600849999997,12.488596,0.0,-0.4994436441704809,13.467600849999997,12.988039606694896
2020-11-21 00:45:00,13.467600849999997,13.060914,0.0,-0.47217067169601556,13.467600849999997,13.533084711307833
2020-11-21 01:00:00,10.34526667,11.496327,0.0,-0.46016100464549325,10.34526667,11.956488404853014
2020-11-21 01:15:00,10.34526667,9.485951,0.0,-0.6281055873848792,10.34526667,10.1140570110299
2020-11-21 01:30:00,10.34526667,9.485951,0.0,-0.6590205558348067,10.34526667,10.144971979479827
2020-11-21 01:45:00,21.34526667,21.489702,0.0,-0.7132965865147433,21.34526667,22.20299881124619
2020-11-21 02:00:00,23.568774167999997,21.507557,0.0,0.6061034963904807,23.568774167999997,20.90145341889272
2020-11-21 02:15:00,23.568774167999997,25.261972,0.0,0.44540515678183723,23.568774167999997,24.816567270586326
2020-11-21 02:30:00,23.568774167999997,25.25017,0.0,0.35558417991962876,23.568774167999997,24.894585574108692
2020-11-21 02:45:00,23.568774167999997,25.2441,0.0,0.8155788171991841,23.568774167999997,24.428521753479526
2020-11-21 03:00:00,13.107346224000006,12.974104,0.0,2.9648000883071237,13.107346224000006,10.009303839305181
2020-11-21 03:15:00,13.107346224000006,12.160101,0.0,2.6520732659553143,13.107346224000006,9.508027670934334
2020-11-21 03:30:00,13.107346224000006,12.160101,0.0,2.6392766464857917,13.107346224000006,9.520824290403857
2020-11-21 03:45:00,13.107346224000006,12.160101,0.0,2.63593944328502,13.107346224000006,9.524161493604629
2020-11-21 04:00:00,9.208887231000002,12.700898,0.0,3.9358115174233026,9.208887231000002,8.765086653047888
2020-11-21 04:15:00,9.208887231000002,9.838762,0.0,3.9125465119071974,9.208887231000002,5.926215771417998
2020-11-21 04:30:00,9.208887231000002,9.838762,0.0,4.111330985714143,9.208887231000002,5.727431297611052
2020-11-21 04:45:00,9.208887231000002,9.838762,0.0,4.143976263979609,9.208887231000002,5.694786019345586
2020-11-21 05:00:00,11.408647436999999,10.003788,0.0,6.896826878500559,11.408647436999999,3.1069611158842063
2020-11-21 05:15:00,11.408647436999999,11.629847,0.0,6.696833580991542,11.408647436999999,4.933012991884435
2020-11-21 05:30:00,11.408647436999999,11.629847,0.9350654010767384,6.589233428244255,10.473582035923261,5.040613144631721
2020-11-21 05:45:00,11.408647436999999,11.629847,1.0247815320719584,6.854842645005226,10.38386590492804,4.775003927870751
2020-11-21 06:00:00,19.509693186000003,13.51252,0.0,10.29358398880719,19.509693186000003,3.2189358476185905
2020-11-21 06:15:00,19.509693186000003,18.079762,0.0,9.967490035481413,19.509693186000003,8.11227146964554
2020-11-21 06:30:00,19.509693186000003,18.079762,0.0,9.962215833140153,19.509693186000003,8.1175456719868
2020-11-21 06:45:00,19.509693186000003,18.079762,0.0,9.933478667894875,19.509693186000003,8.146282837232079
2020-11-21 07:00:00,34.928339828000006,27.635891,0.943935177125786,13.540400050734931,33.98440465087422,14.095490909958428
2020-11-21 07:15:00,34.928339828000006,32.120506,4.0312146112904275,15.128409047936968,30.89712521670958,16.992097238684124
2020-11-21 07:30:00,34.928339828000006,32.213562,6.710191234074577,17.5623168981176,28.218148593925427,14.65124511360115
2020-11-21 07:45:00,34.928339828000006,32.273983,11.356530907164068,19.771970939059358,23.571808920835938,12.502012062649627
2020-11-21 08:00:00,48.140595200000014,40.64471,26.338278495074203,26.690083601391088,21.80231670492581,13.954626939380397
2020-11-21 08:15:00,59.140595200000014,57.075127,53.57071161124613,41.13863147892455,5.569883588753882,15.936495169024667
2020-11-21 08:30:00,70.1405952,70.233154,111.28478617196444,68.61842963660874,-41.144190971964434,1.614724660266262
2020-11-21 08:45:00,76.1405952,74.12001,122.85321236398963,122.81589264715143,-46.71261716398962,-48.69588227117487
2020-11-21 09:00:00,57.454308647000005,65.27508,169.5063302422396,125.5637417250299,-112.05202159523961,-60.28866390520568
2020-11-21 09:15:00,57.65430864699999,56.548977,187.2458417378902,169.74956395862026,-129.5915330908902,-113.2005870604269
2020-11-21 09:30:00,48.454308647000005,46.78561,216.78336056166268,194.2921811426558,-168.32905191466267,-147.5065709436812
2020-11-21 09:45:00,46.454308647000005,45.591667,218.80957038851025,221.46644955240887,-172.35526174151025,-175.8747823771159
2020-11-21 10:00:00,35.144454743999994,36.905296,197.4936043247726,208.5785547506025,-162.3491495807726,-171.6732584249189
2020-11-21 10:15:00,35.144454743999994,31.955938,218.3523089513899,204.73209237833615,-183.2078542073899,-172.77615403910275
2020-11-21 10:30:00,35.144454743999994,31.918144,233.9623093712954,223.1012481706988,-198.8178546272954,-191.18310394462458
2020-11-21 10:45:00,35.144454743999994,32.337852,256.32907441529716,234.76227758437597,-221.18461967129716,-202.42442510634862
2020-11-21 11:00:00,21.415400740999996,31.58465,299.21959093437033,236.46517202606876,-277.80419019337035,-204.8805219863959
2020-11-21 11:15:00,21.415400740999996,22.01877,303.1672627136833,268.21908571664443,-281.7518619726833,-246.20031549874892
2020-11-21 11:30:00,21.415400740999996,21.990374,286.52063435218577,275.5478326582078,-265.1052336111858,-253.55745904675763
2020-11-21 11:45:00,21.415400740999996,21.96759,291.32281494538523,273.09670718786714,-269.90741420438525,-251.1291168558359
2020-11-21 12:00:00,23.079613512999988,22.271795,184.57173978097495,261.3255618336676,-161.49212626797495,-239.05376656084047
2020-11-21 12:15:00,23.079613512999988,23.666458,147.50658013370165,205.8398991881653,-124.42696662070166,-182.1734410582825
2020-11-21 12:30:00,23.079613512999988,23.872766,135.57468856058085,181.4905759423911,-112.49507504758087,-157.61780944764013
2020-11-21 12:45:00,23.079613512999988,23.79468,95.36645198931812,171.11370668625233,-72.28683847631814,-147.3190270445287
2020-11-21 13:00:00,18.363801038999995,24.203423,97.32132615217674,119.41813891738869,-78.95752511317674,-95.21471637100197
2020-11-21 13:15:00,29.363801038999995,30.815361,99.17950722267537,115.996003479369,-69.81570618367537,-85.18064245641978
2020-11-21 13:30:00,29.363801038999995,33.308037,75.63998221311444,107.77163513846577,-46.27618117411444,-74.46359833426655
2020-11-21 13:45:00,40.363801038999995,43.084206,56.370886004183305,88.53671989215792,-16.00708496518331,-45.45251426471651
2020-11-21 14:00:00,40.63755965599999,45.199886,49.00842187725667,60.411837862037004,-8.37086222125668,-15.21195154001552
2020-11-21 14:15:00,40.63755965599999,45.671375,38.59893134810466,49.51688723823529,2.038628307895337,-3.8455119635770885
2020-11-21 14:30:00,44.63755965599999,49.01022,32.854812163655794,39.20699660662474,11.7827474923442,9.803222967349868
2020-11-21 14:45:00,29.637559655999993,33.861515,20.3315835217703,26.156076490968694,9.305976134229695,7.705438554197322
2020-11-21 15:00:00,38.170400927,44.175827,12.844572542609956,12.879250751378713,25.325828384390046,31.296576274988475
2020-11-21 15:15:00,42.170400927,47.516384,5.714229482574605,7.21072572501745,36.4561714444254,40.30565839973841
2020-11-21 15:30:00,38.170400927,43.80972,1.4044652991920474,3.817252969801591,36.765935627807956,39.992466115891766
2020-11-21 15:45:00,49.170400927,50.76125,0.0,2.8787349999623393,49.170400927,47.88251454227399
2020-11-21 16:00:00,49.480971637,47.47805,0.0,0.04572360458306057,49.480971637,47.432326627350534
2020-11-21 16:15:00,47.480971637,48.53077,0.0,-0.37978435197430926,47.480971637,48.91055370011884
2020-11-21 16:30:00,41.480971637,47.76691,0.0,-0.646996223563762,41.480971637,48.41390677654228
2020-11-21 16:45:00,45.480971637,48.063057,0.0,-0.7824526093834488,45.480971637,48.84550955518423
2020-11-21 17:00:00,59.03999748000001,51.070236,0.0,-1.0822649777848783,59.03999748000001,52.15250118383957
2020-11-21 17:15:00,53.03999748000001,59.57066,0.0,-1.158326708974653,53.03999748000001,60.72898634642583
2020-11-21 17:30:00,37.03999748000001,39.17828,0.0,-1.1662785853417406,37.03999748000001,40.34455846205073
2020-11-21 17:45:00,37.03999748000001,37.8735,0.0,-1.2365730380884168,37.03999748000001,39.110073862063025
2020-11-21 18:00:00,42.386341733,42.69747,0.0,-1.055338850805323,42.386341733,43.752810469457664
2020-11-21 18:15:00,42.386341733,43.734844,0.0,-1.0191022789552315,42.386341733,44.7539464867189
2020-11-21 18:30:00,42.386341733,43.085655,0.0,-1.0207329839426036,42.386341733,44.106388196344945
2020-11-21 18:45:00,64.386341733,63.357277,0.0,-1.0829075159730204,64.386341733,64.44018443247693
2020-11-21 19:00:00,73.878606217,73.544464,0.0,-0.9092777120426049,73.878606217,74.45374182337073
2020-11-21 19:15:00,73.878606217,74.73706,0.0,-0.9093919162961611,73.878606217,75.64645246317116
2020-11-21 19:30:00,84.878606217,88.44077,0.0,-0.9483500219492093,84.878606217,89.38912303220312
2020-11-21 19:45:00,62.87860621699999,66.90646,0.0,-0.8133685311354376,62.87860621699999,67.71983215418231
2020-11-21 20:00:00,56.756440532999996,64.37384,0.0,-0.6760175527322129,56.756440532999996,65.04985788476347
2020-11-21 20:15:00,56.756440532999996,60.448296,0.0,-0.6516713759299445,56.756440532999996,61.09996696919166
2020-11-21 20:30:00,56.756440532999996,60.000813,0.0,-0.6091854459332061,56.756440532999996,60.609997976450785
2020-11-21 20:45:00,56.756440532999996,60.6127,0.0,-0.658766689260177,56.756440532999996,61.2714681052758
2020-11-21 21:00:00,69.353161726,65.37454,0.0,-0.6402078557262342,69.353161726,66.01475009205436
2020-11-21 21:15:00,61.353161725999996,63.00699,0.0,-0.6028809951878663,61.353161725999996,63.60986952057849
2020-11-21 21:30:00,57.353161725999996,54.778763,0.0,-0.5867409826226996,57.353161725999996,55.36550380000551
2020-11-21 21:45:00,39.353161725999996,38.24079,0.0,-0.4066918331340573,39.353161725999996,38.647483153934836
2020-11-21 22:00:00,32.804737188000004,34.505936,0.0,-0.3579458248874722,32.804737188000004,34.863881493832785
2020-11-21 22:15:00,53.804737188000004,52.54923,0.0,-0.5154580729128703,53.804737188000004,53.06468674112576
2020-11-21 22:30:00,50.804737188000004,54.44606,0.0,-0.34602121156774246,50.804737188000004,54.79208139223181
2020-11-21 22:45:00,43.804737188000004,41.98588,0.0,-0.3614973780201939,43.804737188000004,42.34737918344012
2020-11-21 23:00:00,34.91850038100001,37.801517,0.0,-0.521562851211237,34.91850038100001,38.3230803377835
2020-11-21 23:15:00,34.91850038100001,35.20149,0.0,-0.37053811430879435,34.91850038100001,35.57202660918184
2020-11-21 23:30:00,34.91850038100001,35.290398,0.0,-0.33059322360605414,34.91850038100001,35.62099086764902
2020-11-21 23:45:00,29.91850038100001,31.561682,0.0,-0.3010082700611544,29.91850038100001,31.862690017497677
2020-11-22 00:00:00,18.553618980999996,16.975182,0.0,-0.8621079337039773,18.553618980999996,17.837289513293822
2020-11-22 00:15:00,29.553618980999996,28.2002,0.0,-0.8175296470572145,29.553618980999996,29.01772877425448
2020-11-22 00:30:00,29.553618980999996,29.8462,0.0,-0.7739248013993009,29.553618980999996,30.620125744392464
2020-11-22 00:45:00,40.553618981,40.579773,0.0,-0.7530088011185142,40.553618981,41.33278175033726
2020-11-22 01:00:00,35.623245151000006,42.587368,0.0,-0.12449703236660803,35.623245151000006,42.711865043841215
2020-11-22 01:15:00,26.623245151000003,33.09043,0.0,-0.1560186870619883,26.623245151000003,33.24644990044089
2020-11-22 01:30:00,23.623245151000003,25.197922,0.0,-0.40117309327054607,23.623245151000003,25.599094846200234
2020-11-22 01:45:00,21.623245151000003,25.199865,0.0,0.11695875845198678,21.623245151000003,25.082906582734537
2020-11-22 02:00:00,12.551473871999999,12.35699,0.0,1.9884116746153557,12.551473871999999,10.368578185919311
2020-11-22 02:15:00,12.551473871999999,12.532466,0.0,1.0268394723747827,12.551473871999999,11.505626462378636
2020-11-22 02:30:00,12.551473871999999,12.555684,0.0,0.7558654234775738,12.551473871999999,11.799818666183072
2020-11-22 02:45:00,12.551473871999999,12.605992,0.0,0.5699215506834293,12.551473871999999,12.036070766516278
2020-11-22 03:00:00,13.565728763000001,12.946363,0.0,1.7181144669633328,13.565728763000001,11.228248982133348
2020-11-22 03:15:00,13.565728763000001,13.951602,0.0,1.7024747501532795,13.565728763000001,12.24912723196342
2020-11-22 03:30:00,13.565728763000001,13.951602,0.0,1.6811631831218934,13.565728763000001,12.270438798994807
2020-11-22 03:45:00,24.565728763000003,25.696543,0.0,1.8595258324308697,24.565728763000003,23.837016907437295
2020-11-22 04:00:00,18.215633798999995,23.856707,0.0,4.318181128085853,18.215633798999995,19.53852549117684
2020-11-22 04:15:00,11.215633798999995,12.374552,0.0,3.9359442927897863,11.215633798999995,8.438607480281503
2020-11-22 04:30:00,11.215633798999995,12.037106,0.0,3.678733690540353,11.215633798999995,8.358371869762381
2020-11-22 04:45:00,11.215633798999995,12.031036,0.0,5.25106292593122,11.215633798999995,6.779973451021905
2020-11-22 05:00:00,10.775696534999998,12.025195,0.0,6.73456576830815,10.775696534999998,5.290629353456986
2020-11-22 05:15:00,10.775696534999998,11.506293,0.0,5.0514140330544,10.775696534999998,6.4548792637595644
2020-11-22 05:30:00,10.775696534999998,11.506293,0.0,5.0410236710879515,10.775696534999998,6.465269625726013
2020-11-22 05:45:00,10.775696534999998,11.506293,0.0,5.042410730952722,10.775696534999998,6.463882565861243
2020-11-22 06:00:00,21.581845127000005,13.86218,0.9153708528142779,7.0948862018026615,20.666474274185727,6.767293554361889
2020-11-22 06:15:00,21.581845127000005,21.784266,2.0095570838350936,7.5450031534421305,19.57228804316491,14.239262364746345
2020-11-22 06:30:00,21.581845127000005,21.784266,0.9642832328133206,7.968263024108704,20.617561894186686,13.816002494079772
2020-11-22 06:45:00,21.581845127000005,21.784266,0.9639053235062596,7.5941728016453744,20.617939803493744,14.190092716543102
2020-11-22 07:00:00,30.737041340000008,33.556126,3.672814080529612,9.809458703604472,27.064227259470396,23.74666693726467
2020-11-22 07:15:00,30.737041340000008,31.603758,8.755429495179806,11.569789128651733,21.9816118448202,20.033968729624632
2020-11-22 07:30:00,30.737041340000008,31.516027,23.394968429949774,14.569162173272883,7.342072910050234,16.94686527728864
2020-11-22 07:45:00,30.737041340000008,31.539991,31.096452192361156,26.775177754169157,-0.35941085236114745,4.764813624615023
2020-11-22 08:00:00,46.929984851,37.20766,35.27410139942298,33.85058949874801,11.655883451577019,3.3570711763008205
2020-11-22 08:15:00,46.929984851,46.35846,48.57370297037147,41.983443486250465,-1.6437181193714707,4.375015986405785
2020-11-22 08:30:00,46.929984851,46.48309,74.05073949764568,56.186170426624464,-27.12075464664568,-9.70308097960298
2020-11-22 08:45:00,46.929984851,46.47538,57.0670911880527,81.92275691687004,-10.1371063370527,-35.447376973022386
2020-11-22 09:00:00,37.744092816999995,44.63257,73.87354418825868,62.02942515334902,-36.12945137125868,-17.396856793974017
2020-11-22 09:15:00,37.744092816999995,38.085667,83.81053553673142,80.1761314121334,-46.06644271973143,-42.09046475563926
2020-11-22 09:30:00,37.744092816999995,37.96579,95.27825867586806,90.90207173106424,-57.534165858868064,-52.936281936142365
2020-11-22 09:45:00,37.744092816999995,37.85359,88.31639082667616,105.31272118997688,-50.57229800967616,-67.45913308572884
2020-11-22 10:00:00,33.98485946400001,36.662037,107.27906078533356,89.59652238318898,-73.29420132133355,-52.93448548743703
2020-11-22 10:15:00,44.98485946400001,43.414764,127.17003616690708,107.67016993013905,-82.18517670290707,-64.25540552584218
2020-11-22 10:30:00,44.98485946400001,44.14906,143.10673260970643,127.8456865398401,-98.12187314570642,-83.6966272441858
2020-11-22 10:45:00,55.98485946400001,56.535526,125.81694981334483,146.30459996483964,-69.83209034934482,-89.76907368920487
2020-11-22 11:00:00,65.47844646499999,60.085297,130.47916623588088,121.77097972204717,-65.00071977088089,-61.6856830911878
2020-11-22 11:15:00,58.47844646499999,57.861053,136.62216101363785,125.85209792648877,-78.14371454863786,-67.99104445969189
2020-11-22 11:30:00,54.47844646499999,56.758266,150.5360178661966,131.5687805297032,-96.05757140119661,-74.81051408072858
2020-11-22 11:45:00,43.47844646499999,43.533127,188.29849928092014,147.92004612473426,-144.82005281592015,-104.38691929367957
2020-11-22 12:00:00,33.13021095,34.82184,182.45628713272671,160.10168131181393,-149.32607618272672,-125.27984293290768
2020-11-22 12:15:00,44.13021095,40.286613,146.73980414827304,157.24295550798342,-102.60959319827305,-116.95634204362796
2020-11-22 12:30:00,44.13021095,41.57555,128.39387853882914,134.85988323599597,-84.26366758882915,-93.28433315665026
2020-11-22 12:45:00,44.13021095,41.57434,97.76163574803527,124.72835993603358,-53.631424798035276,-83.15401911572108
2020-11-22 13:00:00,37.586683599999986,40.669186,107.87570263814315,95.84512024199424,-70.28901903814317,-55.1759346035665
2020-11-22 13:15:00,37.586683599999986,37.168728,54.10106745701193,94.82629846904729,-16.514383857011943,-57.65757059429143
2020-11-22 13:30:00,37.586683599999986,37.19724,67.90597685029715,63.055869585070546,-30.319293250297164,-25.858630662951406
2020-11-22 13:45:00,37.586683599999986,37.19724,71.57206445293947,68.12450773212338,-33.985380852939485,-30.927268810004236
2020-11-22 14:00:00,23.113955674,31.214987,62.587393424809726,57.13328266336541,-39.47343775080972,-25.918295862217946
2020-11-22 14:15:00,31.113955674,30.56469,33.002051869939066,50.59264952227738,-1.8880961959390667,-20.027959886046908
2020-11-22 14:30:00,53.113955673999996,53.46296,17.580115652370914,35.09832854536205,35.53384002162908,18.36463074418873
2020-11-22 14:45:00,53.113955673999996,53.335434,12.43431490960184,24.740046407433805,40.67964076439816,28.595387552527132
2020-11-22 15:00:00,62.045907248999995,53.5657,11.86006350758836,15.377047253826749,50.18584374141164,38.188653277179114
2020-11-22 15:15:00,41.045907248999995,42.616207,9.297150023644928,8.617657604881014,31.748757225355067,33.99854951792172
2020-11-22 15:30:00,52.045907248999995,50.993793,3.0308949392396873,6.4858394154272725,49.01501230976031,44.50795407212156
2020-11-22 15:45:00,63.045907248999995,63.228573,0.0,5.434276498340611,63.045907248999995,57.794296347118376
2020-11-22 16:00:00,62.96630807699998,57.651905,0.0,1.2456106165338392,62.96630807699998,56.406294443280615
2020-11-22 16:15:00,85.96630807699998,87.73692,0.0,1.78813896220118,85.96630807699998,85.94878425557226
2020-11-22 16:30:00,72.96630807699998,74.70886,0.0,0.7553363849394142,72.96630807699998,73.95352591974809
2020-11-22 16:45:00,61.96630807699998,64.21459,0.0,0.2857510442854342,61.96630807699998,63.928840935695035
2020-11-22 17:00:00,71.165049151,75.87017,0.0,-0.8499465319834655,71.165049151,76.72011712524518
2020-11-22 17:15:00,49.165049151,50.871346,0.0,-1.2033000736732378,49.165049151,52.07464559369277
2020-11-22 17:30:00,49.165049151,48.18927,0.0,-1.2087049520941653,49.165049151,49.397974971625416
2020-11-22 17:45:00,49.165049151,48.2131,0.0,-1.252979701853337,49.165049151,49.466080135202944
2020-11-22 18:00:00,50.228870072999996,52.85246,0.0,-1.1131598513769978,50.228870072999996,53.96561880523442
2020-11-22 18:15:00,61.228870072999996,62.504215,0.0,-1.2634333400067108,61.228870072999996,63.76764858048523
2020-11-22 18:30:00,66.228870073,69.311775,0.0,-1.2268283305287584,66.228870073,70.53860353804829
2020-11-22 18:45:00,50.228870072999996,52.66333,0.0,-1.2022467610607963,50.228870072999996,53.8655768391858
2020-11-22 19:00:00,52.815882627,55.11821,0.0,-1.069354166659127,52.815882627,56.18756400552631
2020-11-22 19:15:00,49.815882627,50.42286,0.0,-1.0227653313997154,49.815882627,51.44562452329425
2020-11-22 19:30:00,71.81588262700001,76.12112,0.0,-1.1145287780876592,71.81588262700001,77.23564541627125
2020-11-22 19:45:00,67.81588262700001,68.12487,0.0,-1.041512972420544,67.81588262700001,69.16638327271352
2020-11-22 20:00:00,62.496511393999995,57.651413,0.0,-0.9308131077497307,62.496511393999995,58.582226071616915
2020-11-22 20:15:00,62.496511393999995,59.002247,0.0,-0.929197219141373,62.496511393999995,59.931444075830825
2020-11-22 20:30:00,44.496511393999995,42.70005,0.0,-0.8192083555424655,44.496511393999995,43.51925870954637
2020-11-22 20:45:00,40.496511393999995,39.93517,0.0,-0.8087658787646578,40.496511393999995,40.74393509873536
2020-11-22 21:00:00,26.507809442000006,37.69,0.0,-0.7822490750747458,26.507809442000006,38.47224770178373
2020-11-22 21:15:00,37.50780944200001,37.879875,0.0,-0.7620727578381007,37.50780944200001,38.64194794094357
2020-11-22 21:30:00,40.50780944200001,41.9735,0.45777992807596973,-0.7532784618452705,40.05002951392404,42.72677775994097
2020-11-22 21:45:00,48.50780944200001,48.575817,0.0,-0.730652155470252,48.50780944200001,49.30646926362455
2020-11-22 22:00:00,49.87862618999999,48.386734,0.48665259509326786,-0.7489483126814501,49.39197359490672,49.13568232147051
2020-11-22 22:15:00,44.87862618999999,48.958313,0.0,-0.7315815306947765,44.87862618999999,49.689894518976025
2020-11-22 22:30:00,33.67862619,35.440327,0.0,-0.6330629010564915,33.67862619,36.07338959173032
2020-11-22 22:45:00,27.878626189999995,29.16434,0.0,-0.5040423326826292,27.878626189999995,29.668381398234388
2020-11-22 23:00:00,19.46723285200001,24.183275,0.0,-0.6242541626627044,19.46723285200001,24.807529385441025
2020-11-22 23:15:00,19.46723285200001,19.596403,0.0,-0.6353806852615459,19.46723285200001,20.231783807209787
2020-11-22 23:30:00,19.46723285200001,19.640615,0.0,-0.6423562801728738,19.46723285200001,20.28297174342971
2020-11-22 23:45:00,19.46723285200001,19.55465,0.0,-0.5756370929176057,19.46723285200001,20.13028644594495
2020-11-23 00:00:00,12.434737943000002,14.194666,0.0,-0.38677399932728485,12.434737943000002,14.581439908140762
2020-11-23 00:15:00,23.434737943000002,26.233406,0.0,-0.4518461612191348,23.434737943000002,26.685252228113665
2020-11-23 00:30:00,23.434737943000002,26.627995,0.0,-0.4555808739717221,23.434737943000002,27.08357541132524
2020-11-23 00:45:00,23.434737943000002,26.627995,0.0,-0.5207948765597524,23.434737943000002,27.148789413913267
2020-11-23 01:00:00,21.896639972,24.754469,0.0,0.2818503737187069,21.896639972,24.47261854412797
2020-11-23 01:15:00,21.896639972,22.010336,0.0,0.483133734172953,21.896639972,21.52720218806826
2020-11-23 01:30:00,14.896639972,15.135642,0.0,0.0854428349723787,14.896639972,15.0501992167244
2020-11-23 01:45:00,10.896639972,12.861068,0.0,-0.2372192111300545,10.896639972,13.098286983041676
2020-11-23 02:00:00,10.654195652999999,10.726214,0.0,1.3069639837928984,10.654195652999999,9.419250425081614
2020-11-23 02:15:00,10.654195652999999,10.737183,0.0,1.2441170302720304,10.654195652999999,9.49306558691547
2020-11-23 02:30:00,10.654195652999999,10.702402,0.0,0.8393394672846853,10.654195652999999,9.86306264758348
2020-11-23 02:45:00,10.654195652999999,10.702402,0.0,0.5885889498333093,10.654195652999999,10.113813165034856
2020-11-23 03:00:00,10.278875265000002,11.223772,0.0,1.3281249989587574,10.278875265000002,9.895647049991439
2020-11-23 03:15:00,10.278875265000002,10.829476,0.0,1.3028718470161822,10.278875265000002,9.526604509490166
2020-11-23 03:30:00,10.278875265000002,10.829476,0.0,1.2835960943358407,10.278875265000002,9.545880262170506
2020-11-23 03:45:00,10.278875265000002,10.829476,0.0,1.3281634093405534,10.278875265000002,9.501312947165793
2020-11-23 04:00:00,9.995671957999999,11.006829,0.0,2.340380396507241,9.995671957999999,8.666448865272544
2020-11-23 04:15:00,9.995671957999999,10.695603,0.0,2.2166911515950645,9.995671957999999,8.47891221907144
2020-11-23 04:30:00,9.995671957999999,10.695603,0.0,2.212958720548486,9.995671957999999,8.482644650118019
2020-11-23 04:45:00,9.995671957999999,10.73337,0.0,2.2199520188935544,9.995671957999999,8.513417808376953
2020-11-23 05:00:00,10.728677800000002,10.73337,0.0,3.2791632593621065,10.728677800000002,7.454206567908401
2020-11-23 05:15:00,10.728677800000002,11.203062,0.0,3.4126298873067977,10.728677800000002,7.7904321701883195
2020-11-23 05:30:00,10.728677800000002,11.169998,0.0,3.472282031320516,10.728677800000002,7.697716137624797
2020-11-23 05:45:00,10.728677800000002,11.169998,0.0,3.4951022303705166,10.728677800000002,7.674895938574796
2020-11-23 06:00:00,12.526000617999994,13.468479,0.0,6.1043957658002315,12.526000617999994,7.364083390693909
2020-11-23 06:15:00,12.526000617999994,14.654282,0.0,6.264358907085074,12.526000617999994,8.389922709125862
2020-11-23 06:30:00,12.526000617999994,14.73567,0.0,6.373172569909118,12.526000617999994,8.36249751981256
2020-11-23 06:45:00,12.526000617999994,14.73567,0.0,6.5034667860543705,12.526000617999994,8.232203303667308
2020-11-23 07:00:00,18.071875479000006,23.423409,0.9425414520132274,7.90857079972986,17.12933402698678,15.514837708570921
2020-11-23 07:15:00,18.071875479000006,20.876118,3.7260570747604986,8.834418724163198,14.345818404239507,12.04169898213563
2020-11-23 07:30:00,18.071875479000006,20.975471,7.975954450378766,10.145179464497463,10.095921028621241,10.830292032084568
2020-11-23 07:45:00,18.071875479000006,20.887733,18.212885622381204,13.502812892973564,-0.1410101433811981,7.384920566499092
2020-11-23 08:00:00,32.30312171,25.208344,24.082742864454673,21.83634398260461,8.220378845545326,3.3719995232547646
2020-11-23 08:15:00,32.30312171,33.509647,25.279027510483896,28.946261661453654,7.024094199516103,4.563385707931111
2020-11-23 08:30:00,32.30312171,33.509647,25.741852184870574,31.654895172376683,6.5612695251294255,1.8547521970080822
2020-11-23 08:45:00,32.30312171,33.509647,31.59495002388225,34.592834217293884,0.7081716861177476,-1.0831868479091185
2020-11-23 09:00:00,44.613584519000014,32.176163,46.20073140767984,35.21061333167961,-1.5871468886798255,-3.034450611953048
2020-11-23 09:15:00,44.613584519000014,41.91591,51.522048251402396,50.37706656381691,-6.908463732402382,-8.461157750340348
2020-11-23 09:30:00,44.613584519000014,41.91591,53.95340071815889,56.64466473239537,-9.339816199158875,-14.728755918918807
2020-11-23 09:45:00,44.613584519000014,41.91591,59.589172299658834,61.14392085772498,-14.97558778065882,-19.228012044248416
2020-11-23 10:00:00,38.34939352699998,41.903538,52.24169238687019,57.76422832627638,-13.892298859870209,-15.86069057603224
2020-11-23 10:15:00,38.34939352699998,38.298653,56.94578770720874,54.691136575815236,-18.596394180208755,-16.392483926889454
2020-11-23 10:30:00,38.34939352699998,38.298653,76.43079036273929,60.236750656705745,-38.081396835739305,-21.938098007779963
2020-11-23 10:45:00,38.34939352699998,38.45107,86.72397438253874,79.20849606282428,-48.37458085553876,-40.75742718465045
2020-11-23 11:00:00,27.458842357999988,37.530685,83.32325522979394,75.95801993499757,-55.86441287179396,-38.42733451019288
2020-11-23 11:15:00,27.458842357999988,28.723293,60.638334057293406,73.7177855413003,-33.17949169929342,-44.99449223685694
2020-11-23 11:30:00,27.458842357999988,28.40138,54.83581465398548,59.495171561728746,-27.376972295985492,-31.093791022788317
2020-11-23 11:45:00,27.458842357999988,28.721807,49.244130428481725,55.582215697942985,-21.785288070481737,-26.860408218084586
2020-11-23 12:00:00,33.37836607599999,38.91256,47.61444818959864,50.63578821579887,-14.236082113598648,-11.723228706521525
2020-11-23 12:15:00,55.37836607599999,52.710453,55.23074809484237,47.904098789893006,0.14761798115762303,4.80635424355426
2020-11-23 12:30:00,110.37836607599999,84.453835,45.24583656200998,60.20876610251885,65.13252951399002,24.245068431172555
2020-11-23 12:45:00,106.37836607599999,94.28458,31.52893327752176,52.438282785340995,74.84943279847823,41.84629363067463
2020-11-23 13:00:00,84.59576373499999,81.63253,36.09056303066938,37.62842089646186,48.50520070433061,44.00410931594048
2020-11-23 13:15:00,68.59576373499999,64.78092,35.71249702332194,40.11452067387252,32.883266711678054,24.666401262162637
2020-11-23 13:30:00,36.59576373499999,39.72582,58.25896308709825,37.38746543812101,-21.66319935209826,2.338353195912191
2020-11-23 13:45:00,19.595763734999995,20.002924,56.07252322022419,43.799896793086575,-36.47675948522419,-23.796972827632473
2020-11-23 14:00:00,17.633140082000008,20.101086,42.721261530872845,34.599254936539666,-25.088121448872837,-14.498169273697869
2020-11-23 14:15:00,23.633140082000008,20.843811,19.830760938560786,28.116929432913963,3.8023791434392216,-7.273118397757713
2020-11-23 14:30:00,29.633140082000008,25.947119,37.76248671206158,17.757948478809553,-8.129346630061573,8.18917028034572
2020-11-23 14:45:00,23.633140082000008,19.293072,18.568368400895615,22.230606535296864,5.064771681104393,-2.9375347884706926
2020-11-23 15:00:00,20.311437833,18.23931,10.80479768660742,10.569426715399604,9.506640146392579,7.6698825955134815
2020-11-23 15:15:00,31.311437833,28.16893,11.619100764438533,8.059955374878259,19.692337068561464,20.10897467883268
2020-11-23 15:30:00,31.311437833,31.068531,6.301090756291937,6.682258603010001,25.01034707670806,24.38627243336695
2020-11-23 15:45:00,24.311437833,23.89083,1.7864626134815749,4.964803192928972,22.524975219518424,18.92602589337474
2020-11-23 16:00:00,34.01530880199999,31.387922,0.0,2.2775055488259204,34.01530880199999,29.110416738161383
2020-11-23 16:15:00,34.01530880199999,35.019474,0.0,1.441560978945323,34.01530880199999,33.57791305059569
2020-11-23 16:30:00,33.01530880199999,31.769173,0.0,1.0232758178240102,33.01530880199999,30.74589685063302
2020-11-23 16:45:00,23.015308801999996,25.082989,0.0,0.7023055507537891,23.015308801999996,24.380683188259884
2020-11-23 17:00:00,34.6494654,32.028355,0.0,-0.4865353379605103,34.6494654,32.5148899827359
2020-11-23 17:15:00,34.6494654,33.989956,0.0,-0.6749334213807546,34.6494654,34.66488932348037
2020-11-23 17:30:00,45.6494654,38.555435,0.0,-0.7277032711722057,45.6494654,39.283138451836265
2020-11-23 17:45:00,33.6494654,31.125443,0.0,-0.8611070110297333,33.6494654,31.986549515912547
2020-11-23 18:00:00,25.232601603000013,28.875528,0.0,-0.7871835467436529,25.232601603000013,29.66271188231494
2020-11-23 18:15:00,36.23260160300001,33.994526,0.0,-0.8102144621813806,36.23260160300001,34.804740371605206
2020-11-23 18:30:00,36.23260160300001,35.808434,0.0,-0.76227839277355,36.23260160300001,36.570711925488396
2020-11-23 18:45:00,47.23260160300001,39.102333,0.0,-0.7865204125993578,47.23260160300001,39.888853481447015
2020-11-23 19:00:00,44.582353904,37.87836,0.0,-0.6899497826351065,44.582353904,38.56831053092612
2020-11-23 19:15:00,39.582353904,36.62104,0.0,-0.5934356917190345,39.582353904,37.21447603595732
2020-11-23 19:30:00,35.582353904,33.211304,0.0,-0.6011628523651026,35.582353904,33.8124665633026
2020-11-23 19:45:00,28.582353904,29.445139,0.0,-0.5372482578123466,28.582353904,29.98238718908676
2020-11-23 20:00:00,27.325757648,29.410206,0.0,-0.4305031794481603,27.325757648,29.840709020512612
2020-11-23 20:15:00,27.325757648,28.010489,0.0,-0.4116645282679797,27.325757648,28.422153038399816
2020-11-23 20:30:00,27.325757648,27.778728,0.0,-0.3562248387427821,27.325757648,28.134953323850205
2020-11-23 20:45:00,27.325757648,27.665453,0.0,-0.34167899398864343,27.325757648,28.007131951141965
2020-11-23 21:00:00,27.050709667000003,24.867035,0.0,-0.23839183227932914,27.050709667000003,25.105426744388705
2020-11-23 21:15:00,27.050709667000003,25.554718,0.0,-0.2214697890616889,27.050709667000003,25.776187806639815
2020-11-23 21:30:00,27.050709667000003,25.726011,0.0,-0.21884842821606398,27.050709667000003,25.94485970446118
2020-11-23 21:45:00,38.05070966700001,31.909243,0.0,-0.19132459874942953,38.05070966700001,32.100567228754315
2020-11-23 22:00:00,31.868949487,34.688007,0.0,-0.18896783228773295,31.868949487,34.87697518702406
2020-11-23 22:15:00,31.868949487,29.307781,0.0,-0.0998658512721714,31.868949487,29.407647070754592
2020-11-23 22:30:00,25.868949487,23.837225,0.0,-0.01389898452137317,25.868949487,23.85112394484852
2020-11-23 22:45:00,20.868949487,20.959768,0.0,0.08522948390841811,20.868949487,20.87453881137967
2020-11-23 23:00:00,20.134322626999996,17.866922,0.0,0.01807039526877119,20.134322626999996,17.848851983271267
2020-11-23 23:15:00,20.134322626999996,19.673717,0.0,0.0465433644292802,20.134322626999996,19.627174134350017
2020-11-23 23:30:00,20.134322626999996,19.675817,0.0,0.0403054940527533,20.134322626999996,19.63551199557127
2020-11-23 23:45:00,20.134322626999996,19.675817,0.0,0.026132130216146687,20.134322626999996,19.649685359407876
2020-11-24 00:00:00,13.145699372999996,13.851788,0.0,-0.22451047579751837,13.145699372999996,14.076298042936191
2020-11-24 00:15:00,35.145699373,24.36265,0.0,-0.24877768394944078,35.145699373,24.61142760155198
2020-11-24 00:30:00,35.145699373,26.607721,0.0,-0.22032902587113334,35.145699373,26.828050354606486
2020-11-24 00:45:00,29.145699372999996,24.977255,0.0,-0.19357467059424238,29.145699372999996,25.170829538147952
2020-11-24 01:00:00,10.503340044000002,10.153593,0.0,-0.282519456258565,10.503340044000002,10.436112519613058
2020-11-24 01:15:00,10.503340044000002,9.456297,0.0,0.14285454945163678,10.503340044000002,9.313442371324731
2020-11-24 01:30:00,10.503340044000002,9.509926,0.0,0.024984387161427146,10.503340044000002,9.48494145512373
2020-11-24 01:45:00,10.503340044000002,9.6331005,0.0,-0.2572478915877482,10.503340044000002,9.890348401231304
2020-11-24 02:00:00,9.516584965999998,10.102027,0.0,0.759413971344462,9.516584965999998,9.342612968047629
2020-11-24 02:15:00,9.516584965999998,9.373784,0.0,0.7177878454039107,9.516584965999998,8.655996219842672
2020-11-24 02:30:00,9.516584965999998,9.373784,0.0,0.6979385598307414,9.516584965999998,8.675845505415841
2020-11-24 02:45:00,9.516584965999998,9.373784,0.0,0.6882922053568546,9.516584965999998,8.685491859889728
2020-11-24 03:00:00,7.231401213000002,9.416992,0.0,1.3905021389213106,7.231401213000002,8.02649004857869
2020-11-24 03:15:00,7.231401213000002,7.6474137,0.0,1.3530161698514016,7.231401213000002,6.294397560769936
2020-11-24 03:30:00,7.231401213000002,7.6474137,0.0,1.344358119716074,7.231401213000002,6.303055610905264
2020-11-24 03:45:00,7.231401213000002,7.6474137,0.0,1.3442361193558066,7.231401213000002,6.303177611265531
2020-11-24 04:00:00,5.796517838000001,8.302929,0.0,2.379658088526801,5.796517838000001,5.923270836033746
2020-11-24 04:15:00,5.796517838000001,6.8578734,0.0,2.3204535740780443,5.796517838000001,4.537419865710774
2020-11-24 04:30:00,5.796517838000001,6.8578734,0.0,2.302679214291916,5.796517838000001,4.555194225496902
2020-11-24 04:45:00,5.796517838000001,6.8424196,0.0,2.3414489682771444,5.796517838000001,4.500970656051469
2020-11-24 05:00:00,4.966277488000002,6.820786,0.0,3.5129701486841354,4.966277488000002,3.3078158506139603
2020-11-24 05:15:00,4.966277488000002,6.050017,0.0,3.4926082443675734,4.966277488000002,2.557408635667827
2020-11-24 05:30:00,4.966277488000002,6.050017,0.0,3.5145473299693375,4.966277488000002,2.535469550066063
2020-11-24 05:45:00,4.966277488000002,6.003754,0.0,3.5402300940098876,4.966277488000002,2.4635240449366456
2020-11-24 06:00:00,7.033620780000001,7.1048546,0.0,6.7025956016455845,7.033620780000001,0.40225898209464983
2020-11-24 06:15:00,7.033620780000001,7.5916348,0.0,6.961657451824286,7.033620780000001,0.6299772985419247
2020-11-24 06:30:00,7.033620780000001,7.471382,0.0,7.116899004057357,7.033620780000001,0.35448313705592405
2020-11-24 06:45:00,7.033620780000001,7.471382,0.0,7.272191023661388,7.033620780000001,0.19919111745189344
2020-11-24 07:00:00,13.220947548000002,11.867245,0.0,9.583094861833157,13.220947548000002,2.2841498586258275
2020-11-24 07:15:00,13.220947548000002,14.25361,2.971242117890106,9.4819010188819,10.249705430109895,4.771708638405698
2020-11-24 07:30:00,13.220947548000002,14.3529625,15.329843491601968,11.233636046497768,-2.1088959436019667,3.1193264473987163
2020-11-24 07:45:00,13.220947548000002,14.2894125,50.60287934443744,22.071123292288476,-37.38193179643744,-7.781710793814355
2020-11-24 08:00:00,32.558946361,25.804533,18.60408108522094,49.01406355049038,13.954865275779056,-23.209530545729635
2020-11-24 08:15:00,32.558946361,30.537745,22.150626677415836,25.211101360221868,10.40831968358416,5.326643161872859
2020-11-24 08:30:00,30.558946361,28.356152,59.98005409489907,31.225399673958727,-29.421107733899067,-2.8692480931481796
2020-11-24 08:45:00,21.558946361,24.582039,17.837795580671223,61.61510194151295,3.7211507803287773,-37.033063062118416
2020-11-24 09:00:00,30.765007946999994,23.245451,25.94220187707306,28.18365299741432,4.8228060699269335,-4.938202023903578
2020-11-24 09:15:00,30.765007946999994,30.599653,96.59018564627405,37.25073971588007,-65.82517769927406,-6.651086471861518
2020-11-24 09:30:00,30.765007946999994,30.24599,79.13290186739383,98.16130523847119,-48.36789392039383,-67.91531448529736
2020-11-24 09:45:00,41.765007946999994,35.5573,82.18111011402429,81.40225726944911,-40.4161021670243,-45.844956701822156
2020-11-24 10:00:00,46.345928858000015,36.65693,95.30085113676137,75.32292115986596,-48.95492227876135,-38.665992143752675
2020-11-24 10:15:00,46.345928858000015,41.114002,137.7107738499223,91.70425642177823,-91.3648449919223,-50.59025419399502
2020-11-24 10:30:00,36.345928858000015,35.28842,179.22671174379894,134.5582788922766,-142.88078288579894,-99.26985726141723
2020-11-24 10:45:00,35.345928858000015,35.70748,107.9669621359657,171.8800421892151,-72.6210332779657,-136.17256080493775
2020-11-24 11:00:00,36.200189715,31.42523,268.46463163641704,106.33082233658348,-232.26444192141705,-74.90559231033836
2020-11-24 11:15:00,36.200189715,34.293648,378.49640823136883,229.0870026741783,-342.2962185163688,-194.79335490806503
2020-11-24 11:30:00,36.200189715,34.54665,146.60460062427126,284.2582879271037,-110.40441090927126,-249.71163799424238
2020-11-24 11:45:00,36.200189715,34.56929,315.4773936115034,150.68509351382676,-279.27720389650335,-116.11580335269394
2020-11-24 12:00:00,36.09226109200001,34.61327,215.1696414563543,246.45217951831623,-179.0773803643543,-211.83890971240803
2020-11-24 12:15:00,36.09226109200001,34.81481,123.15227239151373,199.8864868060642,-87.06001129951372,-165.07167509952123
2020-11-24 12:30:00,36.09226109200001,36.82608,185.26175907062543,142.69099561011853,-149.16949797862543,-105.86491528785291
2020-11-24 12:45:00,36.09226109200001,36.23008,51.771168806828186,191.52608425433155,-15.678907714828178,-155.29600460345264
2020-11-24 13:00:00,28.546506760000007,35.23714,130.62831641822908,74.05304323404462,-102.08180965822908,-38.815902578527044
2020-11-24 13:15:00,28.546506760000007,27.245478,40.60684408959056,123.54918364147768,-12.060337329590553,-96.30370596508608
2020-11-24 13:30:00,28.546506760000007,26.3202,88.73215953904887,59.92493348483876,-60.18565277904886,-33.604733518408096
2020-11-24 13:45:00,39.54650676000001,39.30893,130.8951747736654,94.6341360064612,-91.34866801366539,-55.32520656310183
2020-11-24 14:00:00,40.63918496599999,39.003727,186.0177996423926,107.36225796324278,-145.3786146763926,-68.35853100401427
2020-11-24 14:15:00,40.63918496599999,39.659527,20.757828800505955,126.00875166233091,19.881356165494033,-86.34922483737974
2020-11-24 14:30:00,33.439184966,35.69819,15.501309142461936,34.25333286313715,17.937875823538064,1.444855918601128
2020-11-24 14:45:00,29.63918496599999,28.136759,21.052186915055465,29.87572647645541,8.586998050944526,-1.7389676721341196
2020-11-24 15:00:00,30.296758819999997,27.368826,16.250158884420056,23.085781247749633,14.046599935579941,4.283044664725953
2020-11-24 15:15:00,30.296758819999997,27.729818,4.283351458649008,13.493681893771422,26.01340736135099,14.23613645034479
2020-11-24 15:30:00,30.296758819999997,27.84827,2.732916325116165,7.69954985156689,27.563842494883833,20.148720564692876
2020-11-24 15:45:00,30.296758819999997,27.415283,0.0,5.366277300367471,30.296758819999997,22.04900590275753
2020-11-24 16:00:00,40.958632347000005,40.82693,0.0,2.2043382572738848,40.958632347000005,38.62259274248198
2020-11-24 16:15:00,40.958632347000005,41.935974,0.0,1.4846846675769614,40.958632347000005,40.451289453516786
2020-11-24 16:30:00,40.958632347000005,42.2285,0.0,0.9805067123908299,40.958632347000005,41.24799365382011
2020-11-24 16:45:00,34.958632347000005,37.107235,0.0,0.5886786100087996,34.958632347000005,36.518556344825186
2020-11-24 17:00:00,40.773292428000005,42.537785,0.0,-0.4453701670719542,40.773292428000005,42.98315474348797
2020-11-24 17:15:00,40.773292428000005,42.068035,0.0,-0.5358738723357074,40.773292428000005,42.60390899806813
2020-11-24 17:30:00,40.773292428000005,42.068035,0.0,-0.6645335261854078,40.773292428000005,42.73256865191783
2020-11-24 17:45:00,31.773292428,32.445675,0.0,-0.7529770819211229,31.773292428,33.19865197816136
2020-11-24 18:00:00,37.484119504,33.707508,0.0,-0.5971667752567181,37.484119504,34.30467486241492
2020-11-24 18:15:00,37.484119504,35.717667,0.0,-0.6093973442331403,37.484119504,36.3270639702097
2020-11-24 18:30:00,37.484119504,35.718307,0.0,-0.5988378688350809,37.484119504,36.31714536395227
2020-11-24 18:45:00,37.484119504,35.805668,0.0,-0.6101795786111072,37.484119504,36.415847455808375
2020-11-24 19:00:00,35.001821227,35.996502,0.0,-0.5119380839295334,35.001821227,36.50844000653696
2020-11-24 19:15:00,35.001821227,33.786457,0.0,-0.4746869348890296,35.001821227,34.26114399665661
2020-11-24 19:30:00,46.001821227,46.237534,0.0,-0.48606271227118747,46.001821227,46.72359628160712
2020-11-24 19:45:00,57.001821227,57.164547,0.0,-0.533125176239346,57.001821227,57.69767214279208
2020-11-24 20:00:00,48.22600896099999,56.748352,0.0,-0.5067902752241241,48.22600896099999,57.25514232600538
2020-11-24 20:15:00,37.22600896099999,44.804348,0.0,-0.39878682976952284,37.22600896099999,45.20313482171288
2020-11-24 20:30:00,49.22600896099999,53.737568,0.0,-0.40499659900543705,49.22600896099999,54.142564500616764
2020-11-24 20:45:00,49.22600896099999,55.54498,0.0,-0.377140213939236,49.22600896099999,55.92211930939822
2020-11-24 21:00:00,50.834770965,55.64293,0.0,-0.3039832507815571,50.834770965,55.946912327929994
2020-11-24 21:15:00,44.834770965,51.46295,0.0,-0.2820478201918163,44.834770965,51.74499948034806
2020-11-24 21:30:00,39.834770965,43.23901,0.0,-0.1526476051118052,39.834770965,43.39165746228954
2020-11-24 21:45:00,46.834770965,50.23808,0.0,-0.2063583522216127,46.834770965,50.444437423266535
2020-11-24 22:00:00,30.912690699999995,40.376556,0.0,-0.11464664966350135,30.912690699999995,40.491203046147874
2020-11-24 22:15:00,21.912690699999995,21.200125,0.0,-0.020027815622250533,21.912690699999995,21.220152556222835
2020-11-24 22:30:00,32.9126907,39.03983,0.0,-0.2041712267425143,32.9126907,39.24400048089291
2020-11-24 22:45:00,43.9126907,47.761272,0.0,-0.2412694835773418,43.9126907,48.00254191399726
2020-11-24 23:00:00,38.000185034,48.01349,0.0,-0.31951302697396955,38.000185034,48.33300179650522
2020-11-24 23:15:00,38.000185034,46.68953,0.0,-0.33549680273966864,38.000185034,47.02502622168498
2020-11-24 23:30:00,38.000185034,46.824154,0.0,-0.31619704285210404,38.000185034,47.14035094299859
2020-11-24 23:45:00,32.000185034,41.41638,0.0,-0.1837349973257868,32.000185034,41.600116833263286
2020-11-25 00:00:00,14.726482901,20.537483,0.0,-0.20681787096374749,14.726482901,20.744301086295778
2020-11-25 00:15:00,9.726482901,11.317853,0.0,-0.3292367346764219,9.726482901,11.647089708614411
2020-11-25 00:30:00,9.726482901,9.576162,0.0,-0.34166591530397306,9.726482901,9.91782825356081
2020-11-25 00:45:00,9.726482901,9.606133,0.0,-0.30882457592848944,9.726482901,9.914958036927025
2020-11-25 01:00:00,10.123237421999999,8.20491,0.0,-0.35665842688169846,10.123237421999999,8.561568705202012
2020-11-25 01:15:00,10.123237421999999,9.712385,0.0,-0.3711031762829179,10.123237421999999,10.083488353895223
2020-11-25 01:30:00,10.123237421999999,9.766014,0.0,-0.37429776141544047,10.123237421999999,10.140311860536535
2020-11-25 01:45:00,10.123237421999999,9.766014,0.0,-0.37600594027985246,10.123237421999999,10.142020039400947
2020-11-25 02:00:00,9.291510489000004,10.076855,0.0,0.7338628778095185,9.291510489000004,9.34299182800103
2020-11-25 02:15:00,9.291510489000004,9.344156,0.0,0.7110208899175497,9.291510489000004,8.63313537534124
2020-11-25 02:30:00,9.291510489000004,9.344156,0.0,0.6809370491187047,9.291510489000004,8.663219216140085
2020-11-25 02:45:00,9.291510489000004,9.344156,0.0,0.6192429196532537,9.291510489000004,8.724913345605536
2020-11-25 03:00:00,9.2035449,8.983173,0.0,1.5070270945986488,9.2035449,7.476146275762679
2020-11-25 03:15:00,9.2035449,8.951533,0.0,1.4744169996502636,9.2035449,7.477116317915654
2020-11-25 03:30:00,9.2035449,8.951533,0.0,1.4543163470571523,9.2035449,7.497216970508766
2020-11-25 03:45:00,9.2035449,8.910444,0.0,1.4640439283233766,9.2035449,7.446400331320178
2020-11-25 04:00:00,10.068510951,9.238294,0.0,3.4552072162487772,10.068510951,5.7830864315173365
2020-11-25 04:15:00,10.068510951,9.628558,0.0,3.523278005589987,10.068510951,6.105280153284525
2020-11-25 04:30:00,10.068510951,9.624243,0.0,3.5691505206281224,10.068510951,6.055092261964651
2020-11-25 04:45:00,21.068510951,24.488346,0.0,4.357050124624948,21.068510951,20.131295975228568
2020-11-25 05:00:00,19.354977067,28.810879,0.0,8.641805381823259,19.354977067,20.16907337183885
2020-11-25 05:15:00,9.354977067,9.537258,0.0,7.695678060218181,9.354977067,1.8415800879751787
2020-11-25 05:30:00,9.354977067,9.27784,0.0,6.505911401017364,9.354977067,2.771928259627167
2020-11-25 05:45:00,9.354977067,9.19765,0.0,9.597395605036457,9.354977067,-0.39974564928694534
2020-11-25 06:00:00,16.631834097,9.8725195,0.0,15.469853391750622,16.631834097,-5.5973338986475945
2020-11-25 06:15:00,16.631834097,15.660235,0.0,10.354002519630694,16.631834097,5.306232885337568
2020-11-25 06:30:00,16.631834097,15.660235,0.0,10.351207073126007,16.631834097,5.309028331842255
2020-11-25 06:45:00,16.631834097,15.660235,0.0,10.343665294414942,16.631834097,5.31657011055332
2020-11-25 07:00:00,28.772366317000003,20.65302,0.46557635188522434,13.225438584889773,28.306789965114778,7.427582273874876
2020-11-25 07:15:00,28.772366317000003,26.238201,2.956083764991663,13.23376588723169,25.81628255200834,13.004435254125731
2020-11-25 07:30:00,28.772366317000003,26.238201,7.3772130655055905,15.037950456571677,21.395153251494413,11.200250684785745
2020-11-25 07:45:00,28.772366317000003,26.217194,13.80828226645323,18.14671583167668,14.964084050546774,8.070477771838945
2020-11-25 08:00:00,39.497032497000006,29.743788,8.067761288234882,24.764596297664177,31.429271208765122,4.979191467838753
2020-11-25 08:15:00,39.497032497000006,36.03536,40.29718925280556,23.401004246093933,-0.8001567558055527,12.634354182861145
2020-11-25 08:30:00,39.497032497000006,36.354618,73.79404627169608,51.03224643103782,-34.29701377469607,-14.677628358528054
2020-11-25 08:45:00,39.497032497000006,36.209923,59.62788225316601,81.50466660102927,-20.130849756166,-45.29474381050193
2020-11-25 09:00:00,44.478428914999995,49.882767,156.6035241759569,67.01732983379245,-112.1250952609569,-17.134563110159633
2020-11-25 09:15:00,44.478428914999995,47.972076,155.39992076307007,154.51357772357528,-110.92149184807008,-106.54150130755966
2020-11-25 09:30:00,44.478428914999995,47.909428,138.3325093106435,160.2031805706425,-93.8540803956435,-112.29375292782024
2020-11-25 09:45:00,40.478428914999995,42.33479,156.95804749799078,148.0855153579899,-116.47961858299078,-105.75072608186684
2020-11-25 10:00:00,24.089262284,32.23399,48.538472698192436,158.77624382720595,-24.449210414192436,-126.54225411162977
2020-11-25 10:15:00,24.089262284,24.933989,61.08769594719914,71.25565249654777,-36.99843366319914,-46.321663925380776
2020-11-25 10:30:00,24.089262284,24.945791,153.84445803971914,80.89788402112123,-129.75519575571914,-55.95209277661439
2020-11-25 10:45:00,24.089262284,24.996101,232.05557646229138,165.24293489634456,-207.96631417829138,-140.24683351695003
2020-11-25 11:00:00,21.697333536000002,23.87068,66.35514106631842,199.61405665759239,-44.65780753031842,-175.7433768022457
2020-11-25 11:15:00,21.697333536000002,22.23683,213.2850485795104,83.3284665524422,-191.5877150435104,-61.091636794751764
2020-11-25 11:30:00,21.697333536000002,22.058714,217.47931972707374,199.12623088303232,-195.78198619107374,-177.06751697006845
2020-11-25 11:45:00,32.697333536,39.644386,69.85832630508531,208.063240853892,-37.16099276908531,-168.4188545623881
2020-11-25 12:00:00,31.420858030999995,39.690456,48.43729672294589,83.90476067564722,-17.016438691945893,-44.214304285266365
2020-11-25 12:15:00,21.220858031000006,23.591705,160.32490437648224,71.85914571417096,-139.10404634548223,-48.26744039190534
2020-11-25 12:30:00,20.420858030999995,22.24266,147.41926721746245,156.42286537629647,-126.99840918646245,-134.18020485383553
2020-11-25 12:45:00,20.420858030999995,22.68492,203.0808849181789,141.30045480286907,-182.6600268871789,-118.61553544556926
2020-11-25 13:00:00,21.352798924000005,21.559832,142.62562367937832,156.8614085089318,-121.27282475537831,-135.3015768896691
2020-11-25 13:15:00,21.352798924000005,21.465254,206.95229121558208,127.2479640229298,-185.59949229158207,-105.78271019297375
2020-11-25 13:30:00,32.352798924000005,38.872765,194.96501474747657,165.33510655406477,-162.61221582347656,-126.46234196666242
2020-11-25 13:45:00,32.352798924000005,39.18955,80.94020761274327,152.33068110832482,-48.58740868874326,-113.14113261589318
2020-11-25 14:00:00,31.838145853000004,37.892902,54.82854512064085,70.67623786677487,-22.990399267640843,-32.78333549250729
2020-11-25 14:15:00,22.838145853000004,24.932463,29.965581995281482,55.01034795478186,-7.1274361422814785,-30.077885262521114
2020-11-25 14:30:00,22.838145853000004,23.018442,25.5546442889846,37.433679570735826,-2.7164984359845974,-14.415237416805162
2020-11-25 14:45:00,22.838145853000004,23.018442,46.00289410224316,29.25092689049799,-23.164748249243157,-6.232484736567326
2020-11-25 15:00:00,28.113215266999994,23.018583,21.24282595401014,27.627216808595342,6.870389312989854,-4.60863351086585
2020-11-25 15:15:00,28.113215266999994,27.298244,9.209574089021759,15.348247445787468,18.903641177978237,11.949997030530891
2020-11-25 15:30:00,28.113215266999994,27.200512,4.519340753837827,9.797154124274508,23.593874513162167,17.40335780809854
2020-11-25 15:45:00,39.113215266999994,44.100018,0.9746886858835926,7.112944219735492,38.1385265811164,36.98707332787193
2020-11-25 16:00:00,44.588560559,49.51918,0.0,2.3597308890030995,44.588560559,47.15944940884846
2020-11-25 16:15:00,33.588560559,35.41862,0.0,1.0554191943412663,33.588560559,34.36320186889115
2020-11-25 16:30:00,30.588560559000005,30.156054,0.0,0.6883906199024982,30.588560559000005,29.46766292318832
2020-11-25 16:45:00,41.588560559,45.298218,0.0,0.8237676522535126,41.588560559,44.474450121183985
2020-11-25 17:00:00,58.15153961299998,62.347427,0.0,-0.14728056067261008,58.15153961299998,62.494707928836675
2020-11-25 17:15:00,58.15153961299998,66.948135,0.0,-0.7352177474714799,58.15153961299998,67.68335312344804
2020-11-25 17:30:00,69.55153961299996,78.54142,0.0,-0.5620721884756082,69.55153961299996,79.10349217138577
2020-11-25 17:45:00,69.15153961299998,72.10114,0.0,-0.5977480423156162,69.15153961299998,72.6988909256164
2020-11-25 18:00:00,76.91522849500002,78.513176,0.0,-0.9713201168495039,76.91522849500002,79.48449608120497
2020-11-25 18:15:00,63.91522849500002,72.19308,0.0,-1.0299159360548371,63.91522849500002,73.22299302345718
2020-11-25 18:30:00,65.91522849500002,66.94834,0.0,-0.9776834138488609,65.91522849500002,67.92602478347777
2020-11-25 18:45:00,77.91522849500002,88.54136,0.0,-1.0027873511662149,77.91522849500002,89.54414629892013
2020-11-25 19:00:00,88.52736500099999,103.69538,0.0,-0.881786671818909,88.52736500099999,104.5771678363697
2020-11-25 19:15:00,106.52736500099999,98.67576,0.0,-0.9369446085669103,106.52736500099999,99.61270297038331
2020-11-25 19:30:00,99.52736500099999,95.50788,0.0,-1.0010483213638652,99.52736500099999,96.50892948591465
2020-11-25 19:45:00,99.52736500099999,99.46909,0.0,-1.0552800371501165,99.52736500099999,100.52437335990402
2020-11-25 20:00:00,89.85228762100002,95.89941,0.0,-0.915792855762649,89.85228762100002,96.81519928886811
2020-11-25 20:15:00,62.852287621000016,64.420685,0.0,-0.7277917829571879,62.852287621000016,65.14847659741031
2020-11-25 20:30:00,60.852287621000016,56.66865,0.0,-0.7404044613868282,60.852287621000016,57.40905604219738
2020-11-25 20:45:00,64.85228762100002,60.505024,0.0,-0.7161480469769713,64.85228762100002,61.2211720032758
2020-11-25 21:00:00,64.51304704500001,63.462753,0.0,-0.6505061401110633,64.51304704500001,64.1132594360095
2020-11-25 21:15:00,69.51304704500001,64.0758,0.0,-0.6826505753603317,69.51304704500001,64.7584486100283
2020-11-25 21:30:00,63.91304704499998,59.77593,0.0,-0.6605569865709963,63.91304704499998,60.43648548388545
2020-11-25 21:45:00,52.513047045,50.46815,0.0,-0.6481496401088133,52.513047045,51.11630073263811
2020-11-25 22:00:00,38.482085978,37.846497,0.0,-0.6036014021171098,38.482085978,38.45009798414836
2020-11-25 22:15:00,33.482085978,31.766634,0.0,-0.5433843935071866,33.482085978,32.31001838093395
2020-11-25 22:30:00,42.482085978,40.99941,0.0,-0.6144031914743567,42.482085978,41.61381191339819
2020-11-25 22:45:00,44.482085978,41.77353,0.0,-0.654226855905658,44.482085978,42.42775590864003
2020-11-25 23:00:00,40.92814839200001,38.229362,0.0,-0.7197157769868731,40.92814839200001,38.94907826477984
2020-11-25 23:15:00,32.92814839200001,29.762964,0.0,-0.6901247166871239,32.92814839200001,30.45308896534435
2020-11-25 23:30:00,32.92814839200001,29.785603,0.0,-0.6116202207114024,32.92814839200001,30.39722279029148
2020-11-25 23:45:00,29.928148392000008,28.089506,0.0,-0.501744660518905,29.928148392000008,28.591250809810898
2020-11-26 00:00:00,20.717515705,23.052034,0.0,-0.5063534152653509,20.717515705,23.55838779331711
2020-11-26 00:15:00,16.717515705,15.514746,0.0,-0.5417562258527929,16.717515705,16.056501938133067
2020-11-26 00:30:00,9.717515705,10.258257,0.0,-0.5646430305375595,9.717515705,10.822899942769006
2020-11-26 00:45:00,20.717515705,20.262033,0.0,-0.5487613305767393,20.717515705,20.810794793101152
2020-11-26 01:00:00,16.295608193000024,14.790038,0.0,-0.30311688801921755,16.295608193000024,15.093154996844902
2020-11-26 01:15:00,7.695608193000001,9.193194,0.0,-0.6370206898821752,7.695608193000001,9.830215079225438
2020-11-26 01:30:00,7.695608193000001,8.244676,0.0,-0.7127538462099717,7.695608193000001,8.957429482501476
2020-11-26 01:45:00,7.695608193000001,8.194367,0.0,-0.6736831942211953,7.695608193000001,8.868050602973637
2020-11-26 02:00:00,9.340279785000002,8.553139,0.0,0.4607973814815577,9.340279785000002,8.0923413514286
2020-11-26 02:15:00,9.340279785000002,9.730082,0.0,0.041716032206031595,9.340279785000002,9.688365526021508
2020-11-26 02:30:00,9.340279785000002,9.730082,0.0,0.005698967307535052,9.340279785000002,9.724382590920005
2020-11-26 02:45:00,9.340279785000002,9.730082,0.0,-0.03285819678723734,9.340279785000002,9.762939755014777
2020-11-26 03:00:00,10.154281577000004,9.77329,0.0,0.5870579331056484,10.154281577000004,9.18623174737531
2020-11-26 03:15:00,10.154281577000004,10.474348,0.0,0.5822951006588512,10.154281577000004,9.892052967578454
2020-11-26 03:30:00,10.154281577000004,10.474348,0.0,0.5759158686922249,10.154281577000004,9.89843219954508
2020-11-26 03:45:00,10.154281577000004,10.474348,0.0,0.5772334723739928,10.154281577000004,9.897114595863313
2020-11-26 04:00:00,8.219262492,11.156349,0.0,1.9028638725417402,8.219262492,9.253485309587166
2020-11-26 04:15:00,8.219262492,9.346353,0.0,1.8541852814758126,8.219262492,7.49216729573366
2020-11-26 04:30:00,8.219262492,9.346353,0.0,1.8508746121835546,8.219262492,7.495477965025918
2020-11-26 04:45:00,8.219262492,9.309266,0.0,2.0896196274566377,8.219262492,7.219646462936429
2020-11-26 05:00:00,7.093752784000002,9.189235,0.0,4.023834906115802,7.093752784000002,5.165399827465741
2020-11-26 05:15:00,7.093752784000002,8.373606,0.0,3.5701704620698234,7.093752784000002,4.803435266079591
2020-11-26 05:30:00,7.093752784000002,8.373606,0.0,3.6328567938401153,7.093752784000002,4.740748934309298
2020-11-26 05:45:00,7.093752784000002,8.373606,0.0,3.704914046463982,7.093752784000002,4.6686916816854325
2020-11-26 06:00:00,12.998196241000002,10.750418,0.0,7.117195043595589,12.998196241000002,3.633222665754997
2020-11-26 06:15:00,12.998196241000002,14.290124,0.0,7.496767018274667,12.998196241000002,6.793356921239493
2020-11-26 06:30:00,12.998196241000002,14.290124,0.0,7.570367809330656,12.998196241000002,6.719756130183504
2020-11-26 06:45:00,18.998196241000002,16.347471,0.0,7.751798434507429,18.998196241000002,8.595672802675189
2020-11-26 07:00:00,24.497177780000015,23.319878,0.44307966545583694,11.61413599733056,24.05409811454418,11.705741627181158
2020-11-26 07:15:00,24.497177780000015,25.402433,3.9791687242129137,13.08667624776178,20.5180090557871,12.315757147623962
2020-11-26 07:30:00,24.497177780000015,25.402433,6.398777044204559,16.032406978654702,18.098400735795458,9.37002641673104
2020-11-26 07:45:00,24.497177780000015,25.391804,11.573317687990038,20.62441452653288,12.923860092009978,4.767389214922197
2020-11-26 08:00:00,37.394007491,31.560877,16.100275195903002,22.65706883370363,21.293732295097,8.903808012609847
2020-11-26 08:15:00,48.394007491,45.55767,25.317948497435392,28.46444627646548,23.07605899356461,17.09322431679624
2020-11-26 08:30:00,48.394007491,45.82451,36.21365161445545,37.5089657751078,12.180355876544553,8.315542891884391
2020-11-26 08:45:00,48.394007491,46.073116,59.13102129092435,49.81673886330505,-10.737013799924348,-3.7436225608148135
2020-11-26 09:00:00,39.27833294700001,38.80172,75.18113607460937,62.484533844224764,-35.90280312760936,-23.68281417869742
2020-11-26 09:15:00,33.27833294700001,32.92554,74.47310352365199,83.22250167777952,-41.194770576651976,-50.29696075370725
2020-11-26 09:30:00,33.27833294700001,31.691133,73.33053013205662,86.7050264640232,-40.05219718505661,-55.0138929648777
2020-11-26 09:45:00,33.27833294700001,31.691133,74.31257511079079,88.59424302828876,-41.03424216379078,-56.90310952914325
2020-11-26 10:00:00,22.67681497599999,28.645744,88.62827543122063,78.41241331059683,-65.95146045522064,-49.766668986866364
2020-11-26 10:15:00,22.67681497599999,22.377327,89.49727382503742,91.87295710877964,-66.82045884903744,-69.49563014344761
2020-11-26 10:30:00,22.67681497599999,22.377327,109.57345124409197,93.89144547927552,-86.89663626809198,-71.51411851394349
2020-11-26 10:45:00,22.67681497599999,22.510527,125.85594791421946,111.94454761547318,-103.17913293821947,-89.43402095836869
2020-11-26 11:00:00,23.31134143999999,21.497776,119.14643995241036,120.82120982955286,-95.83509851241037,-99.32343379805872
2020-11-26 11:15:00,23.31134143999999,23.457767,80.9780459409755,115.29259980908594,-57.66670450097551,-91.83483232251368
2020-11-26 11:30:00,23.31134143999999,23.603344,104.6613116977249,88.85183313636654,-81.3499702577249,-65.24848917274349
2020-11-26 11:45:00,23.31134143999999,23.30691,94.30292377050316,112.38508326741571,-70.99158233050316,-89.07817370625848
2020-11-26 12:00:00,22.505590871,22.54706,43.026482758653096,92.98963311216906,-20.520891887653097,-70.44257309935168
2020-11-26 12:15:00,22.505590871,21.276136,65.62629497851077,55.32716430854117,-43.120704107510775,-34.05102791022574
2020-11-26 12:30:00,22.505590871,21.32958,70.63157329004108,71.9304416053329,-48.12598241904108,-50.600861298326066
2020-11-26 12:45:00,22.505590871,21.480438,77.19658233728275,73.37055072086545,-54.69099146628275,-51.89011248844358
2020-11-26 13:00:00,21.41439762700001,21.905674,59.93433117947447,67.93412466440188,-38.519933552474455,-46.02845068368899
2020-11-26 13:15:00,32.414397627000014,30.765455,56.73217517100613,56.734117098742814,-24.31777754400612,-25.968661852771135
2020-11-26 13:30:00,32.414397627000014,31.362322,66.37871605155145,50.288606114599645,-33.964318424551436,-18.92628426096195
2020-11-26 13:45:00,32.414397627000014,31.48064,47.334341635008,54.4041873658082,-14.919944008007988,-22.923546954431245
2020-11-26 14:00:00,34.173093565,31.568962,14.074899480104733,35.42479362468859,20.09819408489527,-3.855831527520621
2020-11-26 14:15:00,34.173093565,33.2012,19.37336822021228,16.768171906835903,14.79972534478772,16.433026671044956
2020-11-26 14:30:00,45.173093565,41.546772,13.198514870156052,16.92524205990827,31.97457869484395,24.621529943265557
2020-11-26 14:45:00,45.173093565,42.86941,10.625393611383558,12.05586297074975,34.547699953616444,30.81354849775611
2020-11-26 15:00:00,31.089468313999994,33.717304,9.293892167588893,5.931844975253514,21.7955761464111,27.785459254482813
2020-11-26 15:15:00,42.089468313999994,42.9719,5.201277860503884,6.15991288329888,36.88819045349611,36.81198805664253
2020-11-26 15:30:00,53.089468313999994,47.137505,1.8968725340082822,4.1127946495756325,51.19259577999171,43.024709928061085
2020-11-26 15:45:00,64.08946831399999,58.55499,0.0,2.81249826999448,64.08946831399999,55.742490591089506
2020-11-26 16:00:00,74.772233941,64.164345,0.0,0.6050530197386575,74.772233941,63.559291767859
2020-11-26 16:15:00,53.772233940999996,55.174347,0.0,-0.2193679598780235,53.772233940999996,55.393714883706146
2020-11-26 16:30:00,44.772233940999996,41.900784,0.0,-0.4322105286185095,44.772233940999996,42.33299406743687
2020-11-26 16:45:00,31.772233941,30.270226,0.0,-0.7285259902925666,31.772233941,30.99875151519491
2020-11-26 17:00:00,32.28957501100001,31.700596,0.0,-1.1503642113691859,32.28957501100001,32.85096006708208
2020-11-26 17:15:00,43.28957501100001,43.46196,0.0,-1.106337064326742,43.28957501100001,44.56829690319393
2020-11-26 17:30:00,43.28957501100001,43.096485,0.0,-1.2418980284995458,43.28957501100001,44.338383166439
2020-11-26 17:45:00,43.28957501100001,43.055714,0.0,-1.3466492952427105,43.28957501100001,44.402362948807166
2020-11-26 18:00:00,39.499583617,38.984566,0.0,-1.290303416608487,39.499583617,40.27486915147177
2020-11-26 18:15:00,36.499583617,37.45227,0.0,-1.1675953555217253,36.499583617,38.619865863334226
2020-11-26 18:30:00,36.499583617,37.96669,0.0,-1.1359025301816095,36.499583617,39.10259259365817
2020-11-26 18:45:00,36.499583617,37.96669,0.0,-1.1274667992742495,36.499583617,39.094156862750815
2020-11-26 19:00:00,34.07381831200001,37.872547,0.0,-1.0430809623828496,34.07381831200001,38.915628112041055
2020-11-26 19:15:00,34.07381831200001,35.59924,0.0,-1.051989654224852,34.07381831200001,36.65122900359009
2020-11-26 19:30:00,34.07381831200001,35.59924,0.0,-0.9817919383352002,34.07381831200001,36.58103128770043
2020-11-26 19:45:00,34.07381831200001,35.523567,0.0,-0.9098041085169007,34.07381831200001,36.43337130822393
2020-11-26 20:00:00,32.011179068,34.465397,0.0,-0.69629604608964,32.011179068,35.16169292719316
2020-11-26 20:15:00,43.011179068,43.192413,0.0,-0.5772826782367161,43.011179068,43.76969600831484
2020-11-26 20:30:00,39.011179068,40.965164,0.0,-0.5308717160704993,39.011179068,41.49603590064081
2020-11-26 20:45:00,32.011179068,32.922634,0.0,-0.4965052419068733,32.011179068,33.41913936666273
2020-11-26 21:00:00,24.724201300000008,29.106304,0.0,-0.3528339120369327,24.724201300000008,29.459138080738104
2020-11-26 21:15:00,24.724201300000008,25.055449,0.0,-0.26863422323390396,24.724201300000008,25.324082755338395
2020-11-26 21:30:00,24.724201300000008,24.373034,0.0,-0.18738926866000505,24.724201300000008,24.560422792219576
2020-11-26 21:45:00,24.724201300000008,24.286522,0.0,-0.09900172162359866,24.724201300000008,24.38552363324469
2020-11-26 22:00:00,23.097017613000006,23.694416,0.0,-0.05844333109875699,23.097017613000006,23.752859377241336
2020-11-26 22:15:00,23.097017613000006,22.867895,0.0,-0.023154000334364544,23.097017613000006,22.89104912667714
2020-11-26 22:30:00,34.097017613000006,32.157146,0.0,-0.07024809087155248,34.097017613000006,32.22739454472897
2020-11-26 22:45:00,34.097017613000006,32.232555,0.0,-0.003323421922449943,34.097017613000006,32.23587881132675
2020-11-26 23:00:00,28.71210426499999,28.91151,0.0,-0.09003767683481023,28.71210426499999,29.001548144364108
2020-11-26 23:15:00,50.712104264999994,42.21658,0.0,-0.16873883584951088,50.712104264999994,42.38531827310537
2020-11-26 23:30:00,50.712104264999994,44.719852,0.0,-0.0524422246113484,50.712104264999994,44.77229467212111
2020-11-26 23:45:00,50.712104264999994,45.101162,0.0,-0.04170889752219609,50.712104264999994,45.14287085430931
2020-11-27 00:00:00,23.074173924,29.5471,0.0,-0.2775477348175165,23.074173924,29.82464780195619
2020-11-27 00:15:00,10.074173924,9.997527,0.0,-0.2635172706499108,10.074173924,10.26104439314747
2020-11-27 00:30:00,10.074173924,9.645902,0.0,-0.290659852632401,10.074173924,9.936561532625078
2020-11-27 00:45:00,10.074173924,9.645902,0.0,-0.31726815800951436,10.074173924,9.963169838002191
2020-11-27 01:00:00,7.019464679000001,8.390981,0.0,-0.46910094154297355,7.019464679000001,8.860081662062994
2020-11-27 01:15:00,7.019464679000001,6.451032,0.0,-0.4499805318380449,7.019464679000001,6.901012693550691
2020-11-27 01:30:00,18.019464679000002,17.384535,0.0,-0.4221265491938243,18.019464679000002,17.806661385009253
2020-11-27 01:45:00,29.019464679000002,28.093914,0.0,-0.3634270388801851,29.019464679000002,28.457341070862608
2020-11-27 02:00:00,30.392916141999997,29.049345,0.0,0.8808240036221119,30.392916141999997,28.16852101285738
2020-11-27 02:15:00,30.392916141999997,30.464699,0.0,0.8890107419166647,30.392916141999997,29.575688049587242
2020-11-27 02:30:00,27.392916141999997,29.338793,0.0,1.2832502491240367,27.392916141999997,28.055542551779283
2020-11-27 02:45:00,16.392916141999997,18.781172,0.0,1.4542229710000774,16.392916141999997,17.326948827705976
2020-11-27 03:00:00,9.250913698000002,9.237087,0.0,3.273973319291409,9.250913698000002,5.96311393046445
2020-11-27 03:15:00,9.250913698000002,8.990608,0.0,2.9500495524781423,9.250913698000002,6.040558662853889
2020-11-27 03:30:00,9.250913698000002,9.011974,0.0,2.4518701236499787,9.250913698000002,6.560104211066818
2020-11-27 03:45:00,9.250913698000002,9.085501,0.0,1.4160911943107086,9.250913698000002,7.669409522852377
2020-11-27 04:00:00,8.303437056999998,9.536657,0.0,2.2176421056198814,8.303437056999998,7.319015227754142
2020-11-27 04:15:00,8.303437056999998,8.515376,0.0,2.184322947838905,8.303437056999998,6.331053143164513
2020-11-27 04:30:00,8.303437056999998,8.775839,0.0,2.358555299341263,8.303437056999998,6.417283552587448
2020-11-27 04:45:00,8.303437056999998,8.775839,0.0,2.365146476836741,8.303437056999998,6.41069237509197
2020-11-27 05:00:00,9.283173224999999,8.662405,0.0,3.610500925129541,9.283173224999999,5.051904088908545
2020-11-27 05:15:00,9.283173224999999,9.179234,0.0,3.574256620479278,9.283173224999999,5.604976930546113
2020-11-27 05:30:00,9.283173224999999,9.179234,0.0,3.6408980787647094,9.283173224999999,5.538335472260681
2020-11-27 05:45:00,9.283173224999999,9.179234,0.0,3.656747189851923,9.283173224999999,5.522486361173468
2020-11-27 06:00:00,10.327224595999999,11.203568,0.0,6.777944457465588,10.327224595999999,4.425624001091541
2020-11-27 06:15:00,10.327224595999999,10.806515,0.0,6.8893419485060585,10.327224595999999,3.917172791484176
2020-11-27 06:30:00,10.327224595999999,10.791061,0.0,7.0617065640093015,10.327224595999999,3.729354837357886
2020-11-27 06:45:00,10.327224595999999,10.671881,0.0,7.709019910901937,10.327224595999999,2.962860811143962
2020-11-27 07:00:00,27.39225233299999,17.09997,0.0,11.12258174512388,27.39225233299999,5.977388118767722
2020-11-27 07:15:00,27.39225233299999,28.440666,0.9088721273888786,11.238812343049041,26.483380205611113,17.201853855681428
2020-11-27 07:30:00,27.39225233299999,28.440666,0.963535429920447,11.93311384957831,26.428716903079543,16.507552349152157
2020-11-27 07:45:00,27.39225233299999,28.352928,1.8812617128968645,11.874485958274473,25.510990620103126,16.47844220334662
2020-11-27 08:00:00,32.456243369,36.00955,4.295289015338362,14.295696546921471,28.160954353661637,21.71385164033439
2020-11-27 08:15:00,32.456243369,33.941315,6.149316271780502,19.31075281587633,26.306927097219496,14.630561881389294
2020-11-27 08:30:00,32.456243369,34.08529,5.276461200939996,21.753911732999978,27.179782168060004,12.331377268464866
2020-11-27 08:45:00,32.456243369,34.322758,7.608777736223043,21.756147664835964,24.847465632776956,12.566610056111301
2020-11-27 09:00:00,25.094505087000005,30.684149,10.31181125867463,16.730412786612163,14.782693828325375,13.953736001839985
2020-11-27 09:15:00,25.094505087000005,26.6436,12.40018393221719,19.57268430101081,12.694321154782815,7.070916162856378
2020-11-27 09:30:00,36.094505087,36.76033,14.600938062633901,22.206629172285346,21.4935670243661,14.553701027909966
2020-11-27 09:45:00,36.094505087,36.82351,18.68789889933102,24.105518656386565,17.40660618766898,12.717990559922029
2020-11-27 10:00:00,33.711749453999985,33.505524,25.83271495962278,22.080792182687127,7.879034494377205,11.424731498953498
2020-11-27 10:15:00,34.711749453999985,32.727234,31.17379121390729,30.154831137872044,3.5379582400926957,2.572402748846706
2020-11-27 10:30:00,34.711749453999985,34.172527,37.652621529337424,36.219557405774935,-2.940872075337438,-2.0470300925425136
2020-11-27 10:45:00,34.711749453999985,33.8057,43.29190331074144,42.01019810016638,-8.580153856741454,-8.204499705390987
2020-11-27 11:00:00,28.922913276999996,33.70026,41.56228492624232,41.23417990929012,-12.639371649242324,-7.533919746936604
2020-11-27 11:15:00,20.922913276999996,21.567036,32.32626301809639,42.01372660959548,-11.403349741096395,-20.446690934546652
2020-11-27 11:30:00,20.922913276999996,21.710638,28.907518554509434,38.932253988109906,-7.984605277509438,-17.221615941845258
2020-11-27 11:45:00,20.922913276999996,21.710638,25.64204836210419,37.35782681715445,-4.719135085104195,-15.647188770889798
2020-11-27 12:00:00,23.416851882999996,21.656544,21.4776713590959,30.399032056473803,1.9391805239040956,-8.74248832478435
2020-11-27 12:15:00,23.416851882999996,23.703537,24.251620947812906,28.281796040594458,-0.8347690648129102,-4.57825905328977
2020-11-27 12:30:00,23.416851882999996,23.731125,20.735406017170604,29.467573813271553,2.6814458658293923,-5.7364489353418655
2020-11-27 12:45:00,23.416851882999996,23.731125,19.909588895913632,26.615751097683034,3.5072629870863636,-2.884626219753347
2020-11-27 13:00:00,23.453508785,23.51596,18.981113591450587,20.28138876620359,4.4723951935494135,3.234571927155784
2020-11-27 13:15:00,23.453508785,23.600515,15.28706235451281,18.295758283952434,8.16644643048719,5.304757081648152
2020-11-27 13:30:00,23.453508785,23.600515,14.405055534749362,16.018524584089707,9.048453250250638,7.5819907815108785
2020-11-27 13:45:00,23.453508785,23.600515,16.61375101908378,14.857269072391443,6.839757765916222,8.743246293209143
2020-11-27 14:00:00,20.781573698,23.711151,14.130702812574103,12.790564351732932,6.6508708854258956,10.920586771313943
2020-11-27 14:15:00,20.781573698,21.830566,11.03570897536511,10.766044468515373,9.74586472263489,11.064521937734627
2020-11-27 14:30:00,20.781573698,21.606112,10.986902905187433,8.150480078448382,9.794670792812566,13.455631448040876
2020-11-27 14:45:00,20.781573698,21.714996,7.669982639388859,7.075134924377752,13.11159105861114,14.639861413512872
2020-11-27 15:00:00,23.535306223,21.662752,5.131919742557381,3.864209222034897,18.40338648044262,17.79854292945436
2020-11-27 15:15:00,23.535306223,23.564589,1.854765883834089,2.598047678066788,21.68054033916591,20.966540868686142
2020-11-27 15:30:00,23.535306223,23.525307,1.0150465519754406,1.6468530146041092,22.520259671024558,21.878453687056048
2020-11-27 15:45:00,23.535306223,24.386644,0.0,1.0044418633502525,23.535306223,23.38220250005307
2020-11-27 16:00:00,21.376027921000002,24.484184,0.0,-0.6062588735007824,21.376027921000002,25.0904431386375
2020-11-27 16:15:00,21.376027921000002,21.766779,0.0,-0.6156961813544416,21.376027921000002,22.382475127277292
2020-11-27 16:30:00,21.376027921000002,21.763464,0.0,-0.6197655267865524,21.376027921000002,22.383229500785575
2020-11-27 16:45:00,21.376027921000002,21.763464,0.0,-0.6272813652277015,21.376027921000002,22.390745339226726
2020-11-27 17:00:00,27.17532916599999,25.051065,0.0,-0.8354565112455968,27.17532916599999,25.886521956191885
2020-11-27 17:15:00,38.17532916599999,36.598106,0.0,-0.8894022759654244,38.17532916599999,37.48750866024277
2020-11-27 17:30:00,49.17532916599999,48.160187,0.0,-0.9536300073405207,49.17532916599999,49.11381677491865
2020-11-27 17:45:00,49.17532916599999,49.73307,0.0,-1.0054781969826587,49.17532916599999,50.738548570517814
2020-11-27 18:00:00,59.717165693999995,54.40865,0.0,-0.9153189292880813,59.717165693999995,55.32396837386816
2020-11-27 18:15:00,70.71716569399999,69.05822,0.0,-0.9371599106450407,70.71716569399999,69.995379820313
2020-11-27 18:30:00,81.71716569399999,85.55906,0.0,-0.9751528780073119,81.71716569399999,86.53421202107371
2020-11-27 18:45:00,72.71716569399999,73.55587,0.0,-0.9394625270981037,72.71716569399999,74.49533258325044
2020-11-27 19:00:00,46.67076598999998,59.644047,0.0,-0.6371436864653833,46.67076598999998,60.28119046991265
2020-11-27 19:15:00,28.670765989999982,30.14606,0.0,-0.5370129013742321,28.670765989999982,30.68307384497775
2020-11-27 19:30:00,28.670765989999982,29.16679,0.0,-0.509020652677406,28.670765989999982,29.67581066122233
2020-11-27 19:45:00,28.670765989999982,29.16679,0.0,-0.5067165318199677,28.670765989999982,29.67350654036489
2020-11-27 20:00:00,29.662939611999988,29.33374,0.0,-0.4019179364942246,29.662939611999988,29.735658170869225
2020-11-27 20:15:00,29.662939611999988,29.925978,0.0,-0.474388272718799,29.662939611999988,30.400365979627978
2020-11-27 20:30:00,51.66293961199999,50.355293,0.0,-0.47549990450243407,51.66293961199999,50.830793178428216
2020-11-27 20:45:00,72.66293961199999,70.35493,0.0,-0.5077819210683706,72.66293961199999,70.86270898405665
2020-11-27 21:00:00,53.70865613000001,66.868866,0.0,-0.3842878347745301,53.70865613000001,67.2531538015714
2020-11-27 21:15:00,53.70865613000001,57.40771,0.0,-0.41089838079032603,53.70865613000001,57.81860940984306
2020-11-27 21:30:00,64.70865613000001,70.13756,0.0,-0.37308483151506266,64.70865613000001,70.5106428149135
2020-11-27 21:45:00,75.70865613000001,81.99383,0.0,-0.33451264881625875,75.70865613000001,82.32834046864048
2020-11-27 22:00:00,66.66153601,71.147194,0.0,-0.30705216418693226,66.66153601,71.45424607287833
2020-11-27 22:15:00,47.661536010000006,55.331203,0.0,-0.2233829963774091,47.661536010000006,55.55458645707077
2020-11-27 22:30:00,37.661536010000006,36.474117,0.0,-0.13890300982183412,37.661536010000006,36.613020288874566
2020-11-27 22:45:00,30.661536010000006,30.574093,0.0,-0.02421179499528414,30.661536010000006,30.59830465998552
2020-11-27 23:00:00,26.483895496,27.59196,0.0,-0.1794937032859255,26.483895496,27.771454610268346
2020-11-27 23:15:00,37.483895496,38.647755,0.0,-0.3645204782798991,37.483895496,39.01227514746935
2020-11-27 23:30:00,37.483895496,37.98295,0.0,-0.3521337529348002,37.483895496,38.335082056157454
2020-11-27 23:45:00,29.483895496,29.61858,0.0,-0.33784719470401214,29.483895496,29.956427059205964
2020-11-28 00:00:00,30.572257512,33.240227,0.0,-0.7010932836404989,30.572257512,33.941320029245965
2020-11-28 00:15:00,41.572257512,43.97597,0.0,-0.26500005984004027,41.572257512,44.24097128176387
2020-11-28 00:30:00,32.572257512,36.829235,0.0,-0.3392721769531938,32.572257512,37.16850725385749
2020-11-28 00:45:00,18.572257512,21.436028,0.0,-0.5780254540586088,18.572257512,22.014052980914077
2020-11-28 01:00:00,4.187011074000001,7.3393397,0.0,-0.28284482213672135,4.187011074000001,7.6221845552605005
2020-11-28 01:15:00,4.187011074000001,4.506589,0.0,-0.0653230685780325,4.187011074000001,4.571912004430083
2020-11-28 01:30:00,15.187011074,16.290348,0.0,-0.27804237557495093,15.187011074,16.568390428553467
2020-11-28 01:45:00,15.187011074,15.597672,0.0,-0.6082556405904135,15.187011074,16.205928103053793
2020-11-28 02:00:00,26.94051829,28.361546,0.0,0.776696830779298,26.94051829,27.584848731964843
2020-11-28 02:15:00,26.94051829,28.808481,0.0,0.9630826837792917,26.94051829,27.845398532651373
2020-11-28 02:30:00,26.94051829,28.790468,0.0,1.3958655949315277,26.94051829,27.394602621010854
2020-11-28 02:45:00,15.94051829,16.779861,0.0,0.8850939831523083,15.94051829,15.894767467043005
2020-11-28 03:00:00,17.330698503999997,16.885733,0.0,3.7829620886089526,17.330698503999997,13.102770562147883
2020-11-28 03:15:00,6.330698503999999,8.882708,0.0,3.4490619942280345,6.330698503999999,5.433645601597161
2020-11-28 03:30:00,6.330698503999999,7.061445,0.0,2.9149030993113296,6.330698503999999,4.146542136894725
2020-11-28 03:45:00,6.330698503999999,6.886735,0.0,1.9919122129470592,6.330698503999999,4.89482274951632
2020-11-28 04:00:00,6.334531567000003,7.2910695,0.0,4.398947562909083,6.334531567000003,2.8921219446897943
2020-11-28 04:15:00,6.334531567000003,7.2614884,0.0,2.9715904732096226,6.334531567000003,4.289897964442965
2020-11-28 04:30:00,6.334531567000003,7.2614884,0.0,2.938644044641527,6.334531567000003,4.322844393011061
2020-11-28 04:45:00,6.334531567000003,7.2614884,0.0,2.9593323428183504,6.334531567000003,4.302156094834237
2020-11-28 05:00:00,5.511902385000003,7.420473,0.0,4.7316496469058125,5.511902385000003,2.6888234518490703
2020-11-28 05:15:00,5.511902385000003,6.7638764,0.0,4.741797421428285,5.511902385000003,2.022079016712584
2020-11-28 05:30:00,5.511902385000003,6.7638764,0.0,4.7414928287226354,5.511902385000003,2.0223836094182337
2020-11-28 05:45:00,5.511902385000003,6.7638764,0.0,4.744905164995215,5.511902385000003,2.018971273145654
2020-11-28 06:00:00,6.915636075000003,8.620185,0.0,7.13529634168371,6.915636075000003,1.4848885566927548
2020-11-28 06:15:00,6.915636075000003,8.336195,0.0,7.179395923853851,6.915636075000003,1.156799068211579
2020-11-28 06:30:00,6.915636075000003,8.336195,0.0,7.226273668392023,6.915636075000003,1.1099213236734071
2020-11-28 06:45:00,6.915636075000003,8.320742,0.0,7.268724015896324,6.915636075000003,1.0520176375460588
2020-11-28 07:00:00,15.767596913000004,16.79149,0.0,9.064493674293974,15.767596913000004,7.726996880515596
2020-11-28 07:15:00,15.767596913000004,17.940117,3.0259914854094925,9.321044821540609,12.74160542759051,8.61907206078361
2020-11-28 07:30:00,15.767596913000004,17.940117,10.967655778865712,11.059935756285824,4.799941134134292,6.880181126038394
2020-11-28 07:45:00,15.767596913000004,17.940117,22.69754264456901,17.677418553397956,-6.9299457315690045,0.26269832892626255
2020-11-28 08:00:00,40.517539135,32.687782,25.576206791301143,26.72004139139525,14.941332343698857,5.967740896202407
2020-11-28 08:15:00,40.517539135,41.898838,36.31765892422309,30.710975210785172,4.199880210776911,11.187862832427719
2020-11-28 08:30:00,35.517539135,37.414635,69.02346429387283,42.794567332163126,-33.505925158872834,-5.379932627573282
2020-11-28 08:45:00,40.517539135,41.319195,82.018858516203,74.85993758317804,-41.501319381203,-33.540742789476866
2020-11-28 09:00:00,31.191852078000004,38.116016,93.94974051201393,84.03809341357154,-62.75788843401393,-45.92207702563209
2020-11-28 09:15:00,31.191852078000004,32.88846,57.37286107258629,97.97643898135335,-26.181008994586286,-65.08798072940023
2020-11-28 09:30:00,31.191852078000004,32.831547,179.22994100732805,72.35011603385509,-148.03808892932804,-39.51856925040782
2020-11-28 09:45:00,31.191852078000004,32.836445,223.54951977306817,177.8112054865249,-192.35766769506816,-144.97476063178857
2020-11-28 10:00:00,37.393265874,42.991695,232.51746843349306,198.12376485919907,-195.12420255949306,-155.13206945514634
2020-11-28 10:15:00,48.393265874,50.615673,267.03479534792854,210.0215354095347,-218.64152947392853,-159.40586234434915
2020-11-28 10:30:00,41.393265874,42.276913,238.46960269275127,237.79960701423772,-197.07633681875126,-195.52269432502874
2020-11-28 10:45:00,37.393265874,40.065563,273.6887984616282,231.85089940009078,-236.2955325876282,-191.78533619818649
2020-11-28 11:00:00,38.869961052,37.424656,261.31887880471885,237.26944148750556,-222.44891775271884,-199.84478557319892
2020-11-28 11:15:00,38.869961052,38.99902,288.1154420717918,237.93246014056558,-249.24548101979178,-198.93344051776285
2020-11-28 11:30:00,38.869961052,38.681366,259.53558854007025,254.31947018513807,-220.66562748807024,-215.6381042183412
2020-11-28 11:45:00,38.869961052,38.509525,279.003998700591,244.87636311900175,-240.134037648591,-206.3668378199295
2020-11-28 12:00:00,30.054657682,35.636944,265.80217811893067,237.0801975521185,-235.74752043693067,-201.44325373497983
2020-11-28 12:15:00,19.054657682,21.98927,266.55726484531243,235.19529859758723,-247.50260716331243,-213.20602934099543
2020-11-28 12:30:00,12.054657682,13.8238735,241.64129962333107,239.01857439494165,-229.58664194133107,-225.1947008750442
2020-11-28 12:45:00,12.054657682,13.93978,203.13154257865142,229.05019830091828,-191.07688489665142,-215.11041806562775
2020-11-28 13:00:00,12.853016779,14.213295,241.23790291582623,189.78349531781004,-228.38488613682622,-175.57020033489988
2020-11-28 13:15:00,12.853016779,14.929274,204.35576164843164,211.53139576432687,-191.50274486943164,-196.6021221589802
2020-11-28 13:30:00,12.853016779,14.506123,180.62059882089537,190.79051478210272,-167.76758204189537,-176.2843921929914
2020-11-28 13:45:00,23.853016779,27.698534,153.4756360982114,173.90257300589226,-129.6226193192114,-146.20403899405144
2020-11-28 14:00:00,33.441986057,28.226892,115.91242641141157,134.7430593768206,-82.47044035441158,-106.51616690550713
2020-11-28 14:15:00,33.441986057,34.484653,112.10137373343711,105.37685828560413,-78.65938767643712,-70.89220481270374
2020-11-28 14:30:00,44.441986057,44.60434,83.7777624139318,98.65919633021184,-39.335776356931795,-54.05485673060247
2020-11-28 14:45:00,48.441986057,45.106945,61.4320859175595,71.68900066729391,-12.990099860559496,-26.582055629452114
2020-11-28 15:00:00,34.07962553099999,38.22944,47.277085316650755,40.339892055405855,-13.197459785650764,-2.1104532736675736
2020-11-28 15:15:00,52.07962553099999,53.727943,21.944701198204292,30.78155400440551,30.1349243327957,22.946389416004646
2020-11-28 15:30:00,46.07962553099999,47.705154,3.973931624000987,13.916234463997004,42.105693906999,33.78891995494831
2020-11-28 15:45:00,30.079625530999994,32.548668,0.0,6.183772660849619,30.079625530999994,26.364895246865224
2020-11-28 16:00:00,36.533677956999995,32.643044,0.0,2.2316219191716202,36.533677956999995,30.411421598894787
2020-11-28 16:15:00,25.533677956999995,28.602104,0.0,0.709108131383508,25.533677956999995,27.89299605562821
2020-11-28 16:30:00,25.533677956999995,26.14914,0.0,0.20948584282214255,25.533677956999995,25.93965356147473
2020-11-28 16:45:00,25.533677956999995,26.226181,0.0,0.11674981845165078,25.533677956999995,26.109431211821786
2020-11-28 17:00:00,28.977190979,26.76699,0.0,-1.0049313654512035,28.977190979,27.771922027072296
2020-11-28 17:15:00,28.977190979,29.655382,0.0,-1.176013432178224,28.977190979,30.831395588550293
2020-11-28 17:30:00,61.977190979,60.76301,0.0,-1.2712398968008207,61.977190979,62.0342480144766
2020-11-28 17:45:00,93.977190979,87.03436,0.0,-1.3560755990130238,93.977190979,88.39043839198177
2020-11-28 18:00:00,83.20373588099999,94.25036,0.0,-1.428834435686638,83.20373588099999,95.67919301722961
2020-11-28 18:15:00,74.20373588099999,73.72066,0.0,-1.438127259490332,74.20373588099999,75.15878460812314
2020-11-28 18:30:00,65.003735881,67.276215,0.0,-1.321552266412719,65.003735881,68.5977668660221
2020-11-28 18:45:00,59.003735881,58.500362,0.0,-1.221843292325313,59.003735881,59.722205688565545
2020-11-28 19:00:00,53.65638125499999,52.985367,0.0,-1.026083976183231,53.65638125499999,54.01145079747229
2020-11-28 19:15:00,53.05638125499997,53.59275,0.0,-1.0057096972871813,53.05638125499997,54.59846024660359
2020-11-28 19:30:00,53.65638125499999,54.379128,0.0,-1.0223254059446765,53.65638125499999,55.401452908386084
2020-11-28 19:45:00,47.65638125499999,45.775677,0.0,-1.017414429791942,47.65638125499999,46.79309115708686
2020-11-28 20:00:00,41.258598868,42.850388,0.0,-0.902648089367447,41.258598868,43.75303566260963
2020-11-28 20:15:00,41.258598868,42.588684,0.0,-0.8901771851168078,41.258598868,43.478861267148055
2020-11-28 20:30:00,41.258598868,41.869892,0.0,-0.9187376987659032,41.258598868,42.78862981912723
2020-11-28 20:45:00,41.258598868,43.00448,0.0,-0.9573207364919841,41.258598868,43.96179919108183
2020-11-28 21:00:00,35.421965795,38.390247,0.0,-0.8698647988580027,35.421965795,39.26011214382871
2020-11-28 21:15:00,35.421965795,36.069725,0.0,-0.8237264428179102,35.421965795,36.893451479439
2020-11-28 21:30:00,34.421965795,35.33697,0.0,-0.8158296709505236,34.421965795,36.152800953909505
2020-11-28 21:45:00,24.421965795,24.54337,0.0,-0.7444639754969461,24.421965795,25.287833268709836
2020-11-28 22:00:00,31.675166055000005,32.39665,0.0,-0.6857777990627262,31.675166055000005,33.08242620604515
2020-11-28 22:15:00,28.675166055000005,26.995747,0.0,-0.5850942978329307,28.675166055000005,27.58084091038176
2020-11-28 22:30:00,31.675166055000005,30.417177,0.0,-0.491403425663104,31.675166055000005,30.908580625980488
2020-11-28 22:45:00,21.675166055000005,22.0469,0.0,-0.4154405701475997,21.675166055000005,22.462340365679825
2020-11-28 23:00:00,16.037165885000004,18.692255,0.0,-0.4487482691693244,16.037165885000004,19.141003289310927
2020-11-28 23:15:00,27.037165885000004,26.708345,0.0,-0.5071567591386624,27.037165885000004,27.21550217234667
2020-11-28 23:30:00,38.03716588500001,35.682655,0.0,-0.4470966447011221,38.03716588500001,36.129751979173776
2020-11-28 23:45:00,38.03716588500001,38.209705,0.0,-0.41808364315615976,38.03716588500001,38.62778899593936
2020-11-29 00:00:00,23.970453587,25.994827,0.0,-0.9296392106716517,23.970453587,26.924466481179465
2020-11-29 00:15:00,12.970453587000002,13.288241,0.0,-0.9823505979022605,12.970453587000002,14.270591984315836
2020-11-29 00:30:00,8.970453587000002,10.443466,0.0,-0.9025816753271904,8.970453587000002,11.346047861850629
2020-11-29 00:45:00,19.970453587,20.030214,0.0,-0.879142458979863,19.970453587,20.909356768672247
2020-11-29 01:00:00,21.192572134,19.972652,0.0,-0.6621845120844984,21.192572134,20.63483694738723
2020-11-29 01:15:00,18.192572134,18.066776,0.0,-0.9695000908444139,18.192572134,19.03627636647918
2020-11-29 01:30:00,18.192572134,18.309027,0.0,-1.0305838764939859,18.192572134,19.339610594633633
2020-11-29 01:45:00,11.192572133999999,11.40482,0.0,-0.9685287527199719,11.192572133999999,12.37334919491968
2020-11-29 02:00:00,9.130565223,7.755113,0.0,0.8462560958784228,9.130565223,6.908857028968989
2020-11-29 02:15:00,9.130565223,8.717684,0.0,0.5628217553993488,9.130565223,8.15486203671491
2020-11-29 02:30:00,9.130565223,8.684183,0.0,0.4999462751446736,9.130565223,8.184236845582866
2020-11-29 02:45:00,9.130565223,8.582076,0.0,-0.04019323244390194,9.130565223,8.622269305136774
2020-11-29 03:00:00,9.408298801999996,8.919158,0.0,1.3407146403372634,9.408298801999996,7.578443341535295
2020-11-29 03:15:00,20.408298801999997,20.08845,0.0,1.3544240555275744,20.408298801999997,18.73402542262184
2020-11-29 03:30:00,16.408298801999997,14.531997,0.0,1.6384983584283512,16.408298801999997,12.893498368561396
2020-11-29 03:45:00,9.408298801999996,9.850216,0.0,1.469945571191908,9.408298801999996,8.380270340673327
2020-11-29 04:00:00,7.840822544000001,9.832237,0.0,2.892283606095785,7.840822544000001,6.939953637556559
2020-11-29 04:15:00,7.840822544000001,8.736826,0.0,4.4424652731601535,7.840822544000001,4.294360669833011
2020-11-29 04:30:00,7.840822544000001,8.742895,0.0,3.9197352515181194,7.840822544000001,4.823159874824654
2020-11-29 04:45:00,7.840822544000001,8.742895,0.0,2.9826543442464564,7.840822544000001,5.760240782096317
2020-11-29 05:00:00,7.6494353739999985,8.608877,0.0,4.278062058372331,7.6494353739999985,4.330815123634505
2020-11-29 05:15:00,7.6494353739999985,8.608877,0.0,4.283632442709809,7.6494353739999985,4.325244739297027
2020-11-29 05:30:00,7.6494353739999985,8.608877,0.0,4.295608222972247,7.6494353739999985,4.3132689590345885
2020-11-29 05:45:00,7.6494353739999985,8.608877,0.0,4.302621799629561,7.6494353739999985,4.306255382377275
2020-11-29 06:00:00,9.783643262,10.011028,0.0,6.025155106930279,9.783643262,3.985873182864643
2020-11-29 06:15:00,9.783643262,10.493284,0.0,6.045908248797429,9.783643262,4.4473759766664385
2020-11-29 06:30:00,9.783643262,10.493284,0.0,6.0304834612139695,9.783643262,4.462800764249898
2020-11-29 06:45:00,9.783643262,10.493284,0.0,6.012876441635799,9.783643262,4.480407783828068
2020-11-29 07:00:00,22.503767482999994,15.026339,0.0,6.8225671282924365,22.503767482999994,8.20377144897807
2020-11-29 07:15:00,22.503767482999994,23.089436,0.0,6.819494699114711,22.503767482999994,16.26994087827787
2020-11-29 07:30:00,22.503767482999994,23.001698,5.284459647594879,6.6753858497943765,17.219307835405115,16.326311690488826
2020-11-29 07:45:00,22.503767482999994,23.057117,16.1032822794741,8.772576319754041,6.400485203525893,14.284541142404162
2020-11-29 08:00:00,30.082712842,27.302092,25.92109140806012,16.685268927817912,4.161621433939878,10.61682267069283
2020-11-29 08:15:00,30.082712842,30.328003,6.697836893474792,25.110688020563984,23.384875948525206,5.217314909123516
2020-11-29 08:30:00,30.082712842,30.345976,16.77842882890499,11.615803482014014,13.30428401309501,18.730172393840476
2020-11-29 08:45:00,41.082712842,41.474934,45.72410668880734,22.69983554602086,-4.64139384680734,18.775098078246717
2020-11-29 09:00:00,35.98231800600001,39.543953,47.07128202669736,38.75618882101666,-11.088964020697354,0.7877641208778741
2020-11-29 09:15:00,35.98231800600001,35.231308,116.99647705651182,43.492901879490496,-81.01415905051181,-8.261593896092059
2020-11-29 09:30:00,25.982318006000007,26.464453,102.34770699553671,104.39072885254348,-76.36538898953671,-77.9262761090132
2020-11-29 09:45:00,24.982318006000007,25.884699,81.32477625700567,103.29555130545425,-56.34245825100566,-77.4108524376564
2020-11-29 10:00:00,28.438449874000007,24.615047,93.04742547222543,78.86348551349954,-64.60897559822541,-54.248438058665556
2020-11-29 10:15:00,28.438449874000007,27.874958,83.94910865525075,92.41948584500187,-55.51065878125075,-64.5445278066718
2020-11-29 10:30:00,28.438449874000007,28.017288,103.97723535068421,86.13379965160121,-75.53878547668421,-58.116511443593396
2020-11-29 10:45:00,28.438449874000007,28.017288,188.245202455077,107.65294627863415,-159.80675258107698,-79.63565807062633
2020-11-29 11:00:00,24.837980181000002,27.27373,132.18474083531856,164.87729526729464,-107.34676065431856,-137.60356594295382
2020-11-29 11:15:00,24.837980181000002,25.123644,96.10815993355673,126.83020368553895,-71.27017975255673,-101.70655981041688
2020-11-29 11:30:00,24.837980181000002,25.123644,109.47974254345758,101.04591225274686,-84.64176236245757,-75.92226837762479
2020-11-29 11:45:00,24.837980181000002,25.151152,119.65345709032698,112.90494051745732,-94.81547690932697,-87.75378886035283
2020-11-29 12:00:00,26.86219809499999,23.54083,141.07247178762088,112.60070154695345,-114.21027369262089,-89.05987093477083
2020-11-29 12:15:00,26.86219809499999,24.64056,120.66709321182006,131.18782214060303,-93.80489511682006,-106.54726199045655
2020-11-29 12:30:00,26.86219809499999,24.54383,63.542116100236306,118.40815350991706,-36.67991800523632,-93.86432263833503
2020-11-29 12:45:00,26.86219809499999,24.533901,45.81611034195319,76.60155016040777,-18.9539122469532,-52.06764894580816
2020-11-29 13:00:00,27.659538228,25.07327,47.37431558426455,55.91766366221525,-19.714777356264552,-30.844392864485755
2020-11-29 13:15:00,27.659538228,26.904528,53.69092673307208,55.854579312285125,-26.031388505072083,-28.950051648100555
2020-11-29 13:30:00,27.659538228,26.726412,63.079424438357044,57.06768200535383,-35.41988621035705,-30.341270185895823
2020-11-29 13:45:00,27.659538228,26.726412,82.51566156925753,59.118298078830136,-54.85612334125753,-32.39188625937213
2020-11-29 14:00:00,26.75256588700001,26.877125,126.82831974808478,55.01260571119339,-100.07575386108476,-28.135480924816434
2020-11-29 14:15:00,48.75256588700001,43.641327,79.20972352133157,75.78169375363271,-30.45715763433156,-32.140366849335834
2020-11-29 14:30:00,52.75256588700001,50.0292,41.61212701357707,48.55481450919805,11.140438873422937,1.4743869983703064
2020-11-29 14:45:00,59.75256588700001,53.506413,31.035294308015587,28.09070566462785,28.717271578984423,25.415706841475664
2020-11-29 15:00:00,53.71795597100001,50.41115,21.54445136894875,16.56767949932347,32.17350460205126,33.84347238666285
2020-11-29 15:15:00,61.917955971,56.97971,9.288564705180733,8.759656293725076,52.629391265819265,48.22005333151907
2020-11-29 15:30:00,52.51795597100002,49.49356,1.435954340534404,4.809058192876445,51.08200163046562,44.68450259813918
2020-11-29 15:45:00,30.517955971000024,31.962233,0.0,2.5563135913441952,30.517955971000024,29.405918998377484
2020-11-29 16:00:00,43.155090322999996,42.847843,0.0,0.6245795164358893,43.155090322999996,42.22326365373013
2020-11-29 16:15:00,43.155090322999996,43.58812,0.0,0.5026284976646264,43.155090322999996,43.085491009171314
2020-11-29 16:30:00,34.95509032300001,35.43148,0.0,0.05418346859152556,34.95509032300001,35.37729693912332
2020-11-29 16:45:00,32.155090322999996,33.346497,0.0,0.05404471451511739,32.155090322999996,33.292451867516135
2020-11-29 17:00:00,36.62904409700002,33.407707,0.0,-0.8046887806684754,36.62904409700002,34.21239599502395
2020-11-29 17:15:00,53.42904409700003,47.169865,0.0,-0.9271347339855193,53.42904409700003,48.096999388526534
2020-11-29 17:30:00,40.62904409700002,39.497868,0.0,-1.0873963457756988,40.62904409700002,40.58526393000422
2020-11-29 17:45:00,47.62904409700002,47.87907,0.0,-1.2107484256991485,47.62904409700002,49.08981870768157
2020-11-29 18:00:00,58.01225921899999,63.994854,0.0,-1.1743896115899366,58.01225921899999,65.1692435849786
2020-11-29 18:15:00,69.01225921899999,68.938736,0.0,-1.123701532886586,69.01225921899999,70.06243749480065
2020-11-29 18:30:00,69.01225921899999,68.72812,0.0,-1.162229345933361,69.01225921899999,69.89034824241773
2020-11-29 18:45:00,71.01225921899999,75.39133,0.0,-1.0721673273451673,71.01225921899999,76.46349423164204
2020-11-29 19:00:00,44.376170724999994,49.29309,0.0,-0.8285166139789634,44.376170724999994,50.12160743429146
2020-11-29 19:15:00,38.376170724999994,40.55595,0.0,-0.8419882022924777,38.376170724999994,41.3979383670874
2020-11-29 19:30:00,44.376170724999994,45.854416,0.0,-0.8521266735741398,44.376170724999994,46.70654256712883
2020-11-29 19:45:00,44.376170724999994,46.288815,0.0,-0.8010581932346376,44.376170724999994,47.08987273791237
2020-11-29 20:00:00,46.37169862899998,46.79825,0.0,-0.7272465301789267,46.37169862899998,47.52549482119455
2020-11-29 20:15:00,57.37169862899998,61.65378,0.0,-0.7698215845140811,57.37169862899998,62.423603475383224
2020-11-29 20:30:00,48.37169862899998,52.668484,0.0,-0.6884046664950328,48.37169862899998,53.35688840062589
2020-11-29 20:45:00,57.37169862899998,61.318512,0.0,-0.7159706416181485,57.37169862899998,62.034482604508774
2020-11-29 21:00:00,58.426505997999996,63.567707,0.0,-0.6175306411359048,58.426505997999996,64.18523770290348
2020-11-29 21:15:00,49.426505997999996,54.762333,0.0,-0.5411130929655626,49.426505997999996,55.303446009225325
2020-11-29 21:30:00,58.426505997999996,59.14571,0.0,-0.5833119455162105,58.426505997999996,59.729021936971286
2020-11-29 21:45:00,48.626505997999985,53.580753,0.0,-0.4950902582710298,48.626505997999985,54.07584358468704
2020-11-29 22:00:00,40.275510680999986,43.854527,0.0,-0.4779263179831964,40.275510680999986,44.33245283775859
2020-11-29 22:15:00,38.275510680999986,39.566288,0.0,-0.4773799953706447,38.275510680999986,40.04366798975541
2020-11-29 22:30:00,38.275510680999986,40.45011,0.0,-0.38515429864647566,38.275510680999986,40.83526568780663
2020-11-29 22:45:00,32.275510680999986,35.527813,0.0,-0.2766967542993931,32.275510680999986,35.804509712063066
2020-11-29 23:00:00,21.186530599000008,23.080437,0.0,-0.40868227151734715,21.186530599000008,23.489118978060315
2020-11-29 23:15:00,21.186530599000008,20.607111,0.0,-0.45865145554422526,21.186530599000008,21.065762432717076
2020-11-29 23:30:00,21.186530599000008,20.759525,0.0,-0.47153740653181864,21.186530599000008,21.231062705604085
2020-11-29 23:45:00,21.186530599000008,20.840422,0.0,-0.4786149768842015,21.186530599000008,21.319036653519944
2020-11-30 00:00:00,25.070945818,26.971575,0.0,-0.29711139314489643,25.070945818,27.26868617647009
2020-11-30 00:15:00,34.070945818,41.551582,0.0,-0.2256232499336629,34.070945818,41.77720558635944
2020-11-30 00:30:00,25.070945818,29.541908,0.0,-0.18367121704116862,25.070945818,29.725579481201326
2020-11-30 00:45:00,25.070945818,28.241375,0.0,-0.24630997711843172,25.070945818,28.487684946600854
2020-11-30 01:00:00,19.69595433,26.854645,0.0,0.6013395764465032,19.69595433,26.253305198944123
2020-11-30 01:15:00,19.69595433,22.995459,0.0,0.8765828136610495,19.69595433,22.118875789244225
2020-11-30 01:30:00,12.695954330000001,13.543729,0.0,-0.021658672723666617,12.695954330000001,13.565387501153843
2020-11-30 01:45:00,8.695954330000001,9.375166,0.0,-0.2610991735557323,8.695954330000001,9.636265112886788
2020-11-30 02:00:00,7.200317792000001,8.635273,0.0,1.2191583368157834,7.200317792000001,7.416114642920545
2020-11-30 02:15:00,7.200317792000001,7.5771556,0.0,1.1592219240748394,7.200317792000001,6.417933665982534
2020-11-30 02:30:00,7.200317792000001,7.6274633,0.0,0.7741914030168776,7.200317792000001,6.8532719377424
2020-11-30 02:45:00,7.200317792000001,7.6274633,0.0,0.52844240398423,7.200317792000001,7.099020936775047
2020-11-30 03:00:00,6.521648303999998,7.644185,0.0,1.2369165451810664,6.521648303999998,6.407268521042078
2020-11-30 03:15:00,6.521648303999998,6.8597364,0.0,1.2917454738448475,6.521648303999998,5.5679909687210705
2020-11-30 03:30:00,6.521648303999998,6.8597364,0.0,1.2348463653176873,6.521648303999998,5.624890077248231
2020-11-30 03:45:00,6.521648303999998,6.8597364,0.0,1.1599523752317582,6.521648303999998,5.69978406733416
2020-11-30 04:00:00,5.955521616000001,7.3827524,0.0,1.923123115557936,5.955521616000001,5.45962930296013
2020-11-30 04:15:00,5.955521616000001,7.3471026,0.0,1.9068288495823351,5.955521616000001,5.440273792476991
2020-11-30 04:30:00,5.955521616000001,7.3471026,0.0,1.9012256413433617,5.955521616000001,5.4458770007159645
2020-11-30 04:45:00,5.955521616000001,7.3471026,0.0,1.9107136501901385,5.955521616000001,5.436388991869188
2020-11-30 05:00:00,7.929768761000003,7.3471026,0.0,2.5462776239824736,7.929768761000003,4.800825018076853
2020-11-30 05:15:00,7.929768761000003,8.594736,0.0,2.706238743749588,7.929768761000003,5.888497355493576
2020-11-30 05:30:00,7.929768761000003,8.561672,0.0,2.7669726961735073,7.929768761000003,5.794699514519852
2020-11-30 05:45:00,7.929768761000003,8.549516,0.0,2.793133112291901,7.929768761000003,5.756382611890228
2020-11-30 06:00:00,13.913880168999999,10.050074,0.0,4.9044392391182,13.913880168999999,5.145634384539027
2020-11-30 06:15:00,13.913880168999999,14.024298,0.0,5.212851604759298,13.913880168999999,8.811446109474101
2020-11-30 06:30:00,13.913880168999999,14.024298,0.0,5.2091304815414405,13.913880168999999,8.815167232691959
2020-11-30 06:45:00,13.913880168999999,14.039751,0.0,5.232033472293861,13.913880168999999,8.807717580562585
2020-11-30 07:00:00,20.753503589999998,19.827946,0.0,7.078515433804969,20.753503589999998,12.749430275423546
2020-11-30 07:15:00,20.753503589999998,22.166706,0.9422334065743431,7.624566057306753,19.811270183425655,14.542140027898325
2020-11-30 07:30:00,20.753503589999998,22.166706,3.492303459350073,8.133247468744988,17.261200130649925,14.03345861646009
2020-11-30 07:45:00,20.753503589999998,22.060995,8.728222882558693,9.362515540283036,12.025280707441304,12.698479561645675
2020-11-30 08:00:00,28.671272992000006,26.522726,20.264241065638767,11.344041444205077,8.407031926361238,15.178684614754884
2020-11-30 08:15:00,28.671272992000006,29.386194,33.378557782850116,22.873991743909926,-4.70728479085011,6.512202485216051
2020-11-30 08:30:00,28.671272992000006,29.386194,44.807994206468116,35.22283210857247,-16.13672121446811,-5.836637879446492
2020-11-30 08:45:00,28.671272992000006,29.258997,68.3612347241562,48.42134707741619,-39.6899617321562,-19.162350113915217
2020-11-30 09:00:00,41.027122485999996,28.731905,70.7799077717651,62.67330347314026,-29.7527852857651,-33.94139848961975
2020-11-30 09:15:00,41.027122485999996,38.684,101.57157202313523,69.80366539226617,-60.544449537135236,-31.119667284356012
2020-11-30 09:30:00,41.027122485999996,38.746983,102.34773399356594,97.82046268453915,-61.32061150756594,-59.07348011007626
2020-11-30 09:45:00,41.027122485999996,38.746983,137.9536873178633,104.18893339075446,-96.92656483186332,-65.44195081629157
2020-11-30 10:00:00,37.79073998599999,38.593452,136.95467647050833,125.80453100863491,-99.16393648450834,-87.21107855502163
2020-11-30 10:15:00,37.79073998599999,36.87812,181.33244696455986,131.47446446932094,-143.5417069785599,-94.59634404695765
2020-11-30 10:30:00,37.79073998599999,36.87812,245.56623816918608,174.366150596062,-207.77549818318607,-137.48803017369872
2020-11-30 10:45:00,37.79073998599999,36.860546,205.17317419008214,227.8282344596359,-167.38243420408213,-190.96768834757535
2020-11-30 11:00:00,26.352828017999997,35.10941,237.60180298021808,186.53359074154233,-211.24897496221809,-151.42418140926694
2020-11-30 11:15:00,26.352828017999997,25.33845,306.68689271523107,213.13307673548206,-280.33406469723104,-187.79462725733265
2020-11-30 11:30:00,26.352828017999997,25.33845,124.25732398144474,257.0635989915352,-97.90449596344475,-231.72514951338576
2020-11-30 11:45:00,26.352828017999997,25.33845,87.36588794430259,136.38768265022975,-61.01305992630259,-111.04923317208033
2020-11-30 12:00:00,28.651983574000017,24.780197,99.71775506621448,100.83645575936,-71.06577149221447,-76.05625861580532
2020-11-30 12:15:00,61.65198357400001,58.892616,70.5500448426861,116.99517258655138,-8.898061268686092,-58.10255631457872
2020-11-30 12:30:00,61.65198357400001,67.262405,90.34845424769325,99.95621549539038,-28.69647067369324,-32.69381009988257
2020-11-30 12:45:00,62.851983574,68.88664,196.77327920648267,112.99807221749606,-133.92129563248267,-44.11142976144137
2020-11-30 13:00:00,35.206143168,47.06453,155.38457247544676,150.60799050328583,-120.17842930744676,-103.54346108434052
2020-11-30 13:15:00,24.206143168,26.42403,73.8470498616033,119.38807101668026,-49.6409066936033,-92.96404071272518
2020-11-30 13:30:00,54.206143168,58.880795,116.19309407196852,78.93289814956663,-61.98695090396852,-20.05210362442014
2020-11-30 13:45:00,38.206143168,47.38336,86.70441658436584,96.45295557151235,-48.49827341636585,-49.0695937551061
2020-11-30 14:00:00,26.03735827,36.365723,51.170533976398936,70.76833326127175,-25.133175706398937,-34.40261060502175
2020-11-30 14:15:00,17.03735827,18.3397,51.42928087025106,46.86327776732858,-34.391922600251064,-28.523577068476044
2020-11-30 14:30:00,26.03735827,30.513868,34.640941489825195,42.16025933159797,-8.603583219825197,-11.64639099968879
2020-11-30 14:45:00,59.03735827,62.012226,15.787863727444366,31.53113631029626,43.24949454255563,30.481089794440066
2020-11-30 15:00:00,65.127256511,72.276955,11.771696356357115,15.07576700167084,53.35556015464289,57.201187649208066
2020-11-30 15:15:00,72.127256511,75.46802,7.567879701496088,12.01086845298466,64.55937680950392,63.45714912514034
2020-11-30 15:30:00,63.127256511,65.126816,2.906076189098698,8.004990587753829,60.2211803219013,57.12182520814461
2020-11-30 15:45:00,50.127256511,54.59802,0.0,4.38266363810046,50.127256511,50.215355008139774
2020-11-30 16:00:00,51.43671165,50.115417,0.0,1.817379220441203,51.43671165,48.298038260027546
2020-11-30 16:15:00,62.43671165,56.949707,0.0,1.577521077655148,62.43671165,55.37218595359485
2020-11-30 16:30:00,62.43671165,61.036217,0.0,1.3491669783977853,62.43671165,59.68704975744206
2020-11-30 16:45:00,58.43671165,57.25491,0.0,0.8071714429869087,58.43671165,56.44773807239395
2020-11-30 17:00:00,33.487117807999994,33.4545,0.0,-0.6184797698622787,33.487117807999994,34.0729780608779
2020-11-30 17:15:00,23.487117807999994,26.52579,0.0,-0.7500231072276914,23.487117807999994,27.275812368091948
2020-11-30 17:30:00,23.487117807999994,26.030443,0.0,-0.7639976854136697,23.487117807999994,26.79444087694199
2020-11-30 17:45:00,34.487117807999994,36.062347,0.0,-0.9087567571142429,34.487117807999994,36.971104169223615
2020-11-30 18:00:00,46.42345815600001,45.464603,0.0,-0.9174332068352992,46.42345815600001,46.382036630907564
2020-11-30 18:15:00,42.42345815600001,44.34871,0.0,-0.9597303255796855,42.42345815600001,45.308439432025
2020-11-30 18:30:00,53.42345815600001,54.416626,0.0,-0.9516764888173334,53.42345815600001,55.368302465379834
2020-11-30 18:45:00,47.42345815600001,50.60583,0.0,-0.9464482003528022,47.42345815600001,51.55227934659304
2020-11-30 19:00:00,42.11418022600001,42.540398,0.0,-0.7476199818501473,42.11418022600001,43.28801762589312
2020-11-30 19:15:00,49.11418022600001,46.75115,0.0,-0.7160225315004346,49.11418022600001,47.46717075537739
2020-11-30 19:30:00,36.11418022600001,34.44066,0.0,-0.6971071857440904,36.11418022600001,35.137765755080025
2020-11-30 19:45:00,31.11418022600001,33.196987,0.0,-0.654870109194346,31.11418022600001,33.85185726129396
2020-11-30 20:00:00,24.510032175000006,31.915121,0.0,-0.5354732981690563,24.510032175000006,32.45059437666027
2020-11-30 20:15:00,24.510032175000006,26.486328,0.0,-0.5246015457186309,24.510032175000006,27.01092967071863
2020-11-30 20:30:00,24.510032175000006,26.370106,0.4890493847856133,-0.46775362924435016,24.020982790214394,26.837859372652552
2020-11-30 20:45:00,35.510032175000006,36.93564,0.0,-0.4637027964251096,35.510032175000006,37.399341224159485
2020-11-30 21:00:00,35.034047302000005,36.2393,0.0,-0.4046530394258979,35.034047302000005,36.64395281359582
2020-11-30 21:15:00,35.034047302000005,36.36631,0.0,-0.3418824406810944,35.034047302000005,36.70819256031
2020-11-30 21:30:00,46.034047302000005,44.744133,0.0,-0.3733518598011055,46.034047302000005,45.11748485540657
2020-11-30 21:45:00,46.034047302000005,44.68655,0.0,-0.3564053215372073,46.034047302000005,45.04295546191807
2020-11-30 22:00:00,33.74330527500001,34.54292,0.0,-0.27179283730605264,33.74330527500001,34.8147119962416
2020-11-30 22:15:00,29.143305274999992,28.125637,0.0,-0.22170872397715613,29.143305274999992,28.347345778420515
2020-11-30 22:30:00,22.143305274999992,23.266346,0.0,-0.07269095916924606,22.143305274999992,23.33903693695245
2020-11-30 22:45:00,33.14330527499999,30.694866,0.0,-0.04933627522368689,33.14330527499999,30.74420245564361
2020-11-30 23:00:00,31.712916275,28.74664,0.0,-0.1487976089677786,31.712916275,28.895436860676764
2020-11-30 23:15:00,31.712916275,30.800442,0.0,-0.1387345971679298,31.712916275,30.939176339111288
2020-11-30 23:30:00,31.712916275,30.841888,0.0,-0.1571194402311643,31.712916275,30.99900786796554
2020-11-30 23:45:00,31.712916275,30.88403,0.0,-0.11141224696008145,31.712916275,30.995441635387817
2020-12-01 00:00:00,38.143937208,32.53189,0.0,-0.7345195218490278,38.143937208,33.266410390989655
2020-12-01 00:15:00,38.143937208,36.32893,0.0,-0.8213011238193967,38.143937208,37.15023102494244
2020-12-01 00:30:00,49.143937208,42.031765,0.0,-0.7955377166734517,49.143937208,42.82730270080431
2020-12-01 00:45:00,44.143937208,39.353825,0.0,-0.7904875904195193,44.143937208,40.14431220589803
2020-12-01 01:00:00,29.093447419,31.16949,0.0,1.160484208892858,29.093447419,30.009006605316127
2020-12-01 01:15:00,21.093447419,20.53137,0.0,0.6394147157360351,21.093447419,19.891955447227833
2020-12-01 01:30:00,21.093447419,20.289934,0.0,0.8175256472397486,21.093447419,19.472408511085447
2020-12-01 01:45:00,21.093447419,20.343563,0.0,0.48131123883096805,21.093447419,19.862251841003015
2020-12-01 02:00:00,12.721115559,13.997996,0.0,1.095360788711635,12.721115559,12.902635541549596
2020-12-01 02:15:00,8.721115559,9.905662,0.0,0.36818971112822296,8.721115559,9.537471871818555
2020-12-01 02:30:00,8.721115559,8.601508,0.0,0.2766842736343599,8.721115559,8.324823866929606
2020-12-01 02:45:00,8.721115559,8.601508,0.0,0.26702460954130103,8.721115559,8.334483531022665
2020-12-01 03:00:00,7.2205211799999995,8.668538,0.0,-0.13557501932044247,7.2205211799999995,8.804113112887338
2020-12-01 03:15:00,7.2205211799999995,7.57878,0.0,-0.5170324661106714,7.2205211799999995,8.095812640366043
2020-12-01 03:30:00,7.2205211799999995,7.57878,0.0,-0.5507743253576961,7.2205211799999995,8.129554499613068
2020-12-01 03:45:00,7.2205211799999995,7.57878,0.0,-0.5803648210384768,7.2205211799999995,8.159144995293849
2020-12-01 04:00:00,7.472823476,7.997222,0.0,-0.3627455932031928,7.472823476,8.359967539919502
2020-12-01 04:15:00,7.472823476,7.9615717,0.0,-0.38124779671830844,7.472823476,8.34281949013872
2020-12-01 04:30:00,7.472823476,7.9615717,0.0,-0.40023583496299253,7.472823476,8.361807528383403
2020-12-01 04:45:00,7.472823476,7.9615717,0.0,-0.30404471483674655,7.472823476,8.265616408257157
2020-12-01 05:00:00,7.447019323999998,8.03209,0.0,1.4765266389147218,7.447019323999998,6.555563548158032
2020-12-01 05:15:00,7.447019323999998,8.03209,0.0,1.6081391616049823,7.447019323999998,6.423951025467772
2020-12-01 05:30:00,7.447019323999998,8.03209,0.0,1.7691974120899334,7.447019323999998,6.26289277498282
2020-12-01 05:45:00,7.447019323999998,7.970374,0.0,2.043148495027685,7.447019323999998,5.927225612333155
2020-12-01 06:00:00,7.986052597,9.966292,0.0,8.028502250613554,7.986052597,1.9377901306730667
2020-12-01 06:15:00,7.986052597,9.39308,0.0,8.387762105171538,7.986052597,1.005317652518892
2020-12-01 06:30:00,7.986052597,9.39308,0.0,8.703945508269399,7.986052597,0.6891342494210306
2020-12-01 06:45:00,7.986052597,9.39308,0.0,9.093307320874475,7.986052597,0.2997724368159549
2020-12-01 07:00:00,12.433492645,12.941833,0.0,15.022753043589152,12.433492645,-2.080920501169718
2020-12-01 07:15:00,12.433492645,15.129471,0.0,15.653227835337038,12.433492645,-0.5237570101417255
2020-12-01 07:30:00,12.433492645,15.033193,1.328393323061608,15.917118508104501,11.105099321938392,-0.8839258735219815
2020-12-01 07:45:00,12.433492645,15.033193,4.196382328964674,17.467545388527416,8.237110316035325,-2.4343527539448964
2020-12-01 08:00:00,34.183442045999996,29.26505,6.375544787456317,17.340232803181905,27.80789725854368,11.924818084879618
2020-12-01 08:15:00,45.183442045999996,44.677856,9.518718347814353,19.167364463756368,35.66472369818564,25.510491981556132
2020-12-01 08:30:00,43.183442045999996,44.382114,13.394199227581977,23.48253711493031,29.789242818418018,20.89957729547008
2020-12-01 08:45:00,34.183442045999996,35.41092,17.55435844171485,29.205839114209596,16.629083604285146,6.205080075243529
2020-12-01 09:00:00,43.82719607000001,36.47271,19.616419499794283,34.871366122777715,24.210776570205724,1.6013435329840036
2020-12-01 09:15:00,43.82719607000001,42.667088,20.766798242679428,43.31922407892979,23.06039782732058,-0.652136523998152
2020-12-01 09:30:00,43.82719607000001,43.172073,24.4585862551005,45.498364802241746,19.368609814899507,-2.326291437983933
2020-12-01 09:45:00,59.82719607000001,56.718674,35.77273879765156,45.06127999055889,24.054457272348444,11.6573937154958
2020-12-01 10:00:00,58.332727216,53.70482,37.87943507944788,44.647665762637516,20.453292136552122,9.057152962948422
2020-12-01 10:15:00,58.332727216,57.20937,44.75165113382752,49.06342868504061,13.58107608217248,8.145940974383215
2020-12-01 10:30:00,46.332727216,45.801266,43.00585843114242,55.27427762138652,3.326868784857581,-9.473011904833783
2020-12-01 10:45:00,36.332727216,34.972664,58.591324594431704,65.10635598680518,-22.258597378431702,-30.133692107410653
2020-12-01 11:00:00,33.96609754599999,34.29871,71.5178005855094,65.07216197678068,-37.55170303950941,-30.77345210739591
2020-12-01 11:15:00,33.96609754599999,31.32614,64.9601921440141,74.1018327670055,-30.994094598014108,-42.77569331693226
2020-12-01 11:30:00,33.96609754599999,31.14167,51.29179634881169,76.20226636809505,-17.325698802811694,-45.06059614104427
2020-12-01 11:45:00,33.96609754599999,31.14774,57.32013746215545,66.79148178994106,-23.354039916155457,-35.64374237954067
2020-12-01 12:00:00,29.445992453,31.896364,62.9788197340949,67.12952086037903,-33.532827281094896,-35.2331566483429
2020-12-01 12:15:00,29.445992453,29.125843,72.34075563205653,74.49829908648971,-42.894763179056525,-45.372456038394006
2020-12-01 12:30:00,29.445992453,28.961803,76.82352301636001,80.60469611712921,-47.37753056336001,-51.64289268084991
2020-12-01 12:45:00,29.445992453,29.07011,90.72232042930719,83.08832032496116,-61.276327976307186,-54.01821000391624
2020-12-01 13:00:00,26.283392548000002,27.47023,100.48597412788286,87.20598810885878,-74.20258157988286,-59.73575800631971
2020-12-01 13:15:00,26.283392548000002,25.041746,76.31322075660016,94.17308465469472,-50.02982820860016,-69.13133851516835
2020-12-01 13:30:00,26.283392548000002,25.12353,70.17614563611546,76.6291118450963,-43.89275308811546,-51.5055824108922
2020-12-01 13:45:00,37.283392548,35.786972,57.460281317464656,71.93454782131846,-20.176888769464654,-36.14757577542002
2020-12-01 14:00:00,34.197594221,34.94968,44.71206671166638,58.081914853919386,-10.514472490666378,-23.132234525550246
2020-12-01 14:15:00,45.197594221,41.43176,37.45228035758089,48.78735455975778,7.745313863419113,-7.355595679142546
2020-12-01 14:30:00,48.197594221,44.642876,24.748353487915935,39.8787286085723,23.449240733084068,4.764147062814416
2020-12-01 14:45:00,45.197594221,41.59669,26.51574026288144,25.958901522395855,18.681853958118563,15.637789609195941
2020-12-01 15:00:00,36.545344568000004,35.562492,14.340317415795907,22.165772206436223,22.205027152204096,13.396720164169245
2020-12-01 15:15:00,33.545344568000004,32.13477,7.612924152657524,15.023751821830857,25.93242041534248,17.11101761786641
2020-12-01 15:30:00,33.545344568000004,34.67875,2.361511384535283,11.460856397290982,31.18383318346472,23.217892687181674
2020-12-01 15:45:00,33.545344568000004,33.422985,0.0,8.931570845962376,33.545344568000004,24.49141423094192
2020-12-01 16:00:00,35.689266180000004,34.488083,0.0,5.441366386844884,35.689266180000004,29.046716498897304
2020-12-01 16:15:00,35.689266180000004,35.930016,0.0,4.911488937335299,35.689266180000004,31.018526626629544
2020-12-01 16:30:00,26.689266180000004,26.717949,0.0,4.008416851476619,26.689266180000004,22.7095320620976
2020-12-01 16:45:00,24.689266180000004,24.113888,0.0,3.5354850867145577,24.689266180000004,20.578402700150676
2020-12-01 17:00:00,24.240950688,25.82692,0.0,1.418251234668376,24.240950688,24.408668320995687
2020-12-01 17:15:00,24.240950688,25.13463,0.0,1.145543368863584,24.240950688,23.989086834383485
2020-12-01 17:30:00,24.240950688,25.092644,0.0,1.0051840421211553,24.240950688,24.087459695671814
2020-12-01 17:45:00,24.240950688,24.949862,0.0,0.6100933593197188,24.240950688,24.339768167169538
2020-12-01 18:00:00,28.829419287999997,26.601126,0.0,-0.3793758273709208,28.829419287999997,26.980501544534008
2020-12-01 18:15:00,28.829419287999997,28.787102,0.0,-0.5027829195991319,28.829419287999997,29.2898846652046
2020-12-01 18:30:00,39.829419288,40.64957,0.0,-0.5412886363713244,39.829419288,41.19085910145922
2020-12-01 18:45:00,46.829419288,49.642452,0.0,-0.5863277169712965,46.829419288,50.22877995696153
2020-12-01 19:00:00,38.44501009,41.408226,0.0,-0.7206482869892198,38.44501009,42.12887430017281
2020-12-01 19:15:00,38.44501009,41.60968,0.0,-0.7160955770089866,38.44501009,42.325775752790236
2020-12-01 19:30:00,38.44501009,41.731438,0.0,-0.6649263035216012,38.44501009,42.39636398662707
2020-12-01 19:45:00,49.44501009,54.022377,0.0,-0.7117853089551797,49.44501009,54.734162323115335
2020-12-01 20:00:00,47.76802759700001,57.34623,0.0,-0.5986884698302354,47.76802759700001,57.94491802305289
2020-12-01 20:15:00,42.76802759700001,43.907272,0.0,-0.5009678837386523,42.76802759700001,44.40824022260584
2020-12-01 20:30:00,45.76802759700001,48.444855,0.0,-0.5584967823073007,45.76802759700001,49.00335151863543
2020-12-01 20:45:00,42.76802759700001,42.52199,0.0,-0.5453654797548434,42.76802759700001,43.06735720949117
2020-12-01 21:00:00,51.607266155999994,51.507526,0.0,-0.5477156790117333,51.607266155999994,52.05524207671681
2020-12-01 21:15:00,58.607266155999994,59.273525,0.0,-0.5487761186186076,58.607266155999994,59.822301356655714
2020-12-01 21:30:00,62.607266155999994,63.268692,0.0,-0.5527975931010288,62.607266155999994,63.82148960970259
2020-12-01 21:45:00,52.607266155999994,53.576427,0.0,-0.534722739536119,52.607266155999994,54.11115019925292
2020-12-01 22:00:00,35.962338937999995,35.01076,0.0,-0.4246113472876082,35.962338937999995,35.43537260827394
2020-12-01 22:15:00,30.962338937999995,28.695864,0.0,-0.34192991749423485,30.962338937999995,29.037793641249117
2020-12-01 22:30:00,30.962338937999995,31.11192,0.0,-0.3336759217002242,30.962338937999995,31.445595324776395
2020-12-01 22:45:00,30.962338937999995,31.036747,0.0,-0.42633960837098883,30.962338937999995,31.463086587130753
2020-12-01 23:00:00,27.732330558999998,28.196508,0.0,-0.5451088547395254,27.732330558999998,28.741617262332298
2020-12-01 23:15:00,49.732330559,49.170162,0.0,-0.5941416894620765,49.732330559,49.76430389038981
2020-12-01 23:30:00,49.732330559,48.616657,0.0,-0.5856389150201365,49.732330559,49.20229617210021
2020-12-01 23:45:00,38.732330559,41.959175,0.0,-0.5376544987024668,38.732330559,42.49682960856575
2020-12-02 00:00:00,24.465459814,27.651796,0.0,-0.9633795914154809,24.465459814,28.615175932357864
2020-12-02 00:15:00,10.465459813999997,10.938134,0.0,-0.8618514413512958,10.465459813999997,11.799985634771707
2020-12-02 00:30:00,10.465459813999997,10.169331,0.0,-0.7887735669676942,10.465459813999997,10.958104163891523
2020-12-02 00:45:00,10.465459813999997,10.138356,0.0,-0.9363472317334472,10.465459813999997,11.074703440534718
2020-12-02 01:00:00,9.374357249,8.429105,0.0,-0.24142711624447444,9.374357249,8.670531921237151
2020-12-02 01:15:00,9.374357249,8.930254,0.0,-0.8985351711614032,9.374357249,9.82878915370535
2020-12-02 01:30:00,9.374357249,8.88976,0.0,-0.9215027842573892,9.374357249,9.81126280165241
2020-12-02 01:45:00,9.374357249,8.959928,0.0,-0.9285067466518476,9.374357249,9.888434305550774
2020-12-02 02:00:00,8.672413255,9.294877,0.0,-0.36466365696565817,8.672413255,9.659540709272788
2020-12-02 02:15:00,8.672413255,8.321908,0.0,-0.4036971515144653,8.672413255,8.725605148645814
2020-12-02 02:30:00,8.672413255,8.321908,0.0,-0.4136211330394445,8.672413255,8.735529130170793
2020-12-02 02:45:00,8.672413255,8.321908,0.0,-0.42385118310483094,8.672413255,8.74575918023618
2020-12-02 03:00:00,7.922491877,8.169265,0.0,-0.5123239723220642,7.922491877,8.681588765718061
2020-12-02 03:15:00,7.922491877,7.933653,0.0,-0.5243156077562353,7.922491877,8.457968485563853
2020-12-02 03:30:00,7.922491877,7.933653,0.0,-0.517612482242,7.922491877,8.451265360049618
2020-12-02 03:45:00,7.922491877,7.933653,0.0,-0.5024533861723707,7.922491877,8.436106263979989
2020-12-02 04:00:00,5.8210469359999975,8.489319,0.0,-0.47024350733847353,5.8210469359999975,8.959562354994723
2020-12-02 04:15:00,5.8210469359999975,6.449286,0.0,-0.5133865592684669,5.8210469359999975,6.962672543307773
2020-12-02 04:30:00,5.8210469359999975,6.449286,0.0,-0.504575765400273,5.8210469359999975,6.95386174943958
2020-12-02 04:45:00,5.8210469359999975,6.7097473,0.0,-0.5125415374904173,5.8210469359999975,7.222288851943542
2020-12-02 05:00:00,5.6217215519999995,6.7097473,0.0,1.084485094522016,5.6217215519999995,5.625262219931109
2020-12-02 05:15:00,5.6217215519999995,6.449286,0.0,1.889569195373269,5.6217215519999995,4.559716788666037
2020-12-02 05:30:00,5.6217215519999995,6.449286,0.0,1.9441833655804328,5.6217215519999995,4.505102618458874
2020-12-02 05:45:00,5.6217215519999995,6.449286,0.0,2.015294212191662,5.6217215519999995,4.433991771847644
2020-12-02 06:00:00,11.489608209999995,7.5136065,0.0,8.306549067642287,11.489608209999995,-0.7929425193329607
2020-12-02 06:15:00,11.489608209999995,11.589096,0.0,9.078441260235483,11.489608209999995,2.510654809100455
2020-12-02 06:30:00,11.489608209999995,11.589096,0.0,9.265685050168747,11.489608209999995,2.3234110191671906
2020-12-02 06:45:00,11.489608209999995,11.589096,0.0,9.432590297590309,11.489608209999995,2.1565057717456284
2020-12-02 07:00:00,20.634350977000004,16.02819,0.0,15.44400284179218,20.634350977000004,0.5841877710007886
2020-12-02 07:15:00,20.634350977000004,21.09004,0.9584711142536085,16.63358586699892,19.675879862746395,4.456454339910259
2020-12-02 07:30:00,20.634350977000004,21.09004,5.3707951502457,17.723735174052234,15.263555826754304,3.366305032856946
2020-12-02 07:45:00,31.634350977000004,31.094515,17.972631449378596,20.491655442497546,13.661719527621408,10.602859404304212
2020-12-02 08:00:00,50.042741677,34.17164,18.84127166803339,31.41875384220075,31.201470008966613,2.7528846465687806
2020-12-02 08:15:00,47.042741677,46.455696,29.72695645547315,38.300488216203384,17.315785221526852,8.155207889753648
2020-12-02 08:30:00,39.042741677,37.202198,35.06857659628497,50.94391142482141,3.974165080715032,-13.741713396256955
2020-12-02 08:45:00,39.042741677,37.17271,52.37348248138763,61.45717491873502,-13.33074080438763,-24.28446450003385
2020-12-02 09:00:00,40.99396469099999,45.013447,49.705382678421685,73.45226711733469,-8.711417987421697,-28.438820309473357
2020-12-02 09:15:00,40.99396469099999,40.00429,98.63413593267258,72.07580598293993,-57.64017124167259,-32.0715144485161
2020-12-02 09:30:00,51.99396469099999,53.389343,156.15919421027758,113.24382886960231,-104.16522951927759,-59.85448560788356
2020-12-02 09:45:00,47.99396469099999,50.606846,206.05252511152005,169.44263144624972,-158.05856042052005,-118.83578559053683
2020-12-02 10:00:00,35.223131609999996,38.189194,184.53256459350132,204.83866034937847,-149.30943298350132,-166.64946662379253
2020-12-02 10:15:00,34.223131609999996,36.37982,203.77062970068042,199.3361145095061,-169.54749809068042,-162.95629273216235
2020-12-02 10:30:00,24.22313161,24.7161,254.10688055782015,223.7219903654983,-229.88374894782015,-199.00588967274928
2020-12-02 10:45:00,24.22313161,24.819508,109.44567500231923,260.6897836381006,-85.22254339231924,-235.87027603922365
2020-12-02 11:00:00,21.837522961999998,24.299137,213.0020575862181,150.23945528005444,-191.16453462421808,-125.94031816457593
2020-12-02 11:15:00,21.837522961999998,22.248484,160.0355903231007,229.43416568245416,-138.1980673611007,-207.18568202461725
2020-12-02 11:30:00,21.837522961999998,22.082785,119.42870970832045,196.5363585625081,-97.59118674632046,-174.45357390979814
2020-12-02 11:45:00,32.837522961999994,31.296013,169.1863751029167,163.2269931118532,-136.34885214091673,-131.93098023343524
2020-12-02 12:00:00,43.62929346400001,43.491116,151.53407790029254,189.74771018169548,-107.90478443629254,-146.25659461162712
2020-12-02 12:15:00,32.62929346400001,32.950096,145.87546652901872,175.85985906376072,-113.24617306501872,-142.90976293338963
2020-12-02 12:30:00,21.629293464000007,22.845522,127.8885392277691,176.1230564514461,-106.25924576376909,-153.27753452456622
2020-12-02 12:45:00,32.62929346400001,30.287756,95.23193182102943,164.74635762127153,-62.60263835702943,-134.458601655085
2020-12-02 13:00:00,29.050571510000005,32.430267,72.35889319349988,122.16385586115288,-43.30832168349988,-89.73358852716851
2020-12-02 13:15:00,29.050571510000005,30.646202,100.34635349855935,107.36633662439338,-71.29578198855936,-76.72013453699104
2020-12-02 13:30:00,30.050571510000005,32.623997,121.35068932360058,125.44463319319435,-91.30011781360056,-92.82063645857521
2020-12-02 13:45:00,29.050571510000005,31.007261,164.90761877965159,131.3347773217386,-135.8570472696516,-100.3275160454935
2020-12-02 14:00:00,34.052477847,40.400486,130.79099862330804,136.26025959829946,-96.73852077630804,-95.85977360586782
2020-12-02 14:15:00,25.052477847,27.975399,58.21628216980685,111.80217433422345,-33.163804322806854,-83.82677531688947
2020-12-02 14:30:00,16.052477847,16.464615,46.33947079904487,67.19442770849852,-30.28699295204487,-50.72981284033446
2020-12-02 14:45:00,14.052477846999999,16.136473,32.735082940622746,60.141400582904616,-18.682605093622747,-44.00492788087825
2020-12-02 15:00:00,14.273061956999998,15.174761,16.536993933076428,36.94555618624334,-2.26393197607643,-21.77079536776189
2020-12-02 15:15:00,14.273061956999998,15.332755,12.69438166257476,24.449902691130433,1.5786802944252383,-9.11714760232428
2020-12-02 15:30:00,14.273061956999998,15.383063,3.9112431532696132,20.810708833357204,10.361818803730385,-5.427645517011989
2020-12-02 15:45:00,14.273061956999998,15.354553,0.0,14.143425103107322,14.273061956999998,1.2111281195489276
2020-12-02 16:00:00,22.445264505999997,16.162941,0.0,6.496831314802438,22.445264505999997,9.666109664201468
2020-12-02 16:15:00,22.445264505999997,22.908337,0.0,5.0193072718819955,22.445264505999997,17.8890293675223
2020-12-02 16:30:00,22.445264505999997,22.908337,0.0,4.238302316811861,22.445264505999997,18.670034322592436
2020-12-02 16:45:00,33.445264506,32.77164,0.0,4.05773440721137,33.445264506,28.71390637037652
2020-12-02 17:00:00,49.36532842300001,45.244534,0.0,1.6946521683808777,49.36532842300001,43.54988137043748
2020-12-02 17:15:00,50.565328423,55.3167,0.0,1.1516286211219162,50.565328423,54.16507136056754
2020-12-02 17:30:00,60.36532842300001,62.988388,0.0,1.150047716530314,60.36532842300001,61.83834034499312
2020-12-02 17:45:00,60.36532842300001,64.57664,0.0,0.380893790704376,60.36532842300001,64.19574347736203
2020-12-02 18:00:00,89.52462122700003,83.7004,0.0,-0.621993897614643,89.52462122700003,84.32239520376699
2020-12-02 18:15:00,82.32462122699998,84.91082,0.0,-1.0338885106960385,82.32462122699998,85.94470851802026
2020-12-02 18:30:00,70.924621227,72.16653,0.0,-1.124821640970084,70.924621227,73.29134843540368
2020-12-02 18:45:00,68.924621227,70.525604,0.0,-1.1501261639785723,68.924621227,71.67573041202544
2020-12-02 19:00:00,56.09577266600001,62.202442,0.0,-1.1758261001426407,56.09577266600001,63.3782682693321
2020-12-02 19:15:00,56.09577266600001,57.69627,0.0,-1.2398140695142468,56.09577266600001,58.93608405852792
2020-12-02 19:30:00,67.09577266600002,67.35382,0.0,-1.2448324009130696,67.09577266600002,68.59865320169432
2020-12-02 19:45:00,78.09577266600002,74.215294,0.0,-1.3036539122291648,78.09577266600002,75.51894779650651
2020-12-02 20:00:00,99.84657213999999,96.02498,0.0,-1.3560455351678309,99.84657213999999,97.38102417286315
2020-12-02 20:15:00,100.84657213999999,104.9434,0.0,-1.1522306055348084,100.84657213999999,106.09562812750747
2020-12-02 20:30:00,110.84657213999999,107.77072,0.0,-1.1508842224972762,110.84657213999999,108.92160565804416
2020-12-02 20:45:00,94.64657214,95.33131,0.0,-1.0688038002513798,94.64657214,96.4001102577709
2020-12-02 21:00:00,64.841153745,60.742523,0.0,-0.9444157054679724,64.841153745,61.68693889882735
2020-12-02 21:15:00,61.841153745,57.625267,0.0,-0.9376896123227737,61.841153745,58.562956641131365
2020-12-02 21:30:00,61.841153745,59.93036,0.0,-0.8877095740588611,61.841153745,60.81806846077761
2020-12-02 21:45:00,60.841153745,59.239777,0.0,-0.8497325874978304,60.841153745,60.08950919882596
2020-12-02 22:00:00,46.256356866999994,48.007145,0.0,-0.8178876801979317,46.256356866999994,48.82503260817645
2020-12-02 22:15:00,36.256356866999994,36.312138,0.0,-0.765134299844367,36.256356866999994,37.077271903604135
2020-12-02 22:30:00,34.256356866999994,32.692493,0.44147431147317523,-0.7935668989958052,33.81488255552682,33.48606033771651
2020-12-02 22:45:00,25.256356866999994,25.102776,0.8344006108003855,-0.7713098628678284,24.421956256199607,25.874085436598296
2020-12-02 23:00:00,26.40742177,33.19828,0.8167788234584308,-0.9040857981413001,25.590642946541568,34.10236613261396
2020-12-02 23:15:00,26.40742177,27.55925,0.9691915364530127,-0.9434376724076784,25.438230233546985,28.502687550337367
2020-12-02 23:30:00,26.40742177,27.664576,0.9533928380413138,-0.9278539203808079,25.454028931958685,28.592429497163035
2020-12-02 23:45:00,33.40742177,29.807213,0.9199895630867999,-0.8771464699165775,32.4874322069132,30.684359299506422
2020-12-03 00:00:00,21.204360602,21.061934,0.4839873994143337,-0.9813337741598974,20.720373202585666,22.04326729161595
2020-12-03 00:15:00,32.204360602,30.105787,0.0,-0.9977765839472578,32.204360602,31.103563861168936
2020-12-03 00:30:00,29.204360602,24.582407,0.0,-0.9685503370627667,29.204360602,25.55095733474343
2020-12-03 00:45:00,32.204360602,28.372143,0.0,-1.0220572118554818,32.204360602,29.39420000360353
2020-12-03 01:00:00,27.645702291,22.894407,0.0,-0.21239653328157104,27.645702291,23.106803805620437
2020-12-03 01:15:00,19.645702291,19.101007,0.0,-0.18458544604531035,19.645702291,19.285592907593163
2020-12-03 01:30:00,12.045702290999978,10.882551,0.0,-0.5656641039136466,12.045702290999978,11.448215297150952
2020-12-03 01:45:00,8.645702291000001,9.284414,0.0,-0.7268717811165814,8.645702291000001,10.011286072498418
2020-12-03 02:00:00,11.360155473999997,8.735996,0.0,-0.12578817374323947,11.360155473999997,8.86178442008113
2020-12-03 02:15:00,11.360155473999997,11.346439,0.0,-0.5094022901864675,11.360155473999997,11.855841651758734
2020-12-03 02:30:00,11.360155473999997,11.396748,0.0,-0.8907946232870724,11.360155473999997,12.287542212398401
2020-12-03 02:45:00,11.360155473999997,11.396748,0.0,-1.0698452284780897,11.360155473999997,12.466592817589419
2020-12-03 03:00:00,11.718975063000002,11.254484,0.0,-1.4234737846664425,11.718975063000002,12.677957961302184
2020-12-03 03:15:00,11.718975063000002,11.222844,0.0,-1.4313251431934448,11.718975063000002,12.654169267033776
2020-12-03 03:30:00,11.718975063000002,11.222844,0.0,-1.4401172354984526,11.718975063000002,12.662961359338784
2020-12-03 03:45:00,11.718975063000002,11.222844,0.0,-1.4525618203742248,11.718975063000002,12.675405944214557
2020-12-03 04:00:00,9.109027447,11.332836,0.0,-0.7241322326721146,9.109027447,12.056968383795162
2020-12-03 04:15:00,9.109027447,9.215904,0.0,-0.8229152213946024,9.109027447,10.038819457234446
2020-12-03 04:30:00,9.109027447,9.215904,0.0,-0.8319739140081365,9.109027447,10.04787814984798
2020-12-03 04:45:00,9.109027447,9.215904,0.0,-0.839202628744233,9.109027447,10.055106864584078
2020-12-03 05:00:00,7.945392642000002,9.178818,0.0,2.3226853625412964,7.945392642000002,6.856132386482141
2020-12-03 05:15:00,7.945392642000002,8.583695,0.0,2.303803172289525,7.945392642000002,6.279892239392604
2020-12-03 05:30:00,7.945392642000002,8.583695,0.0,2.289666247579895,7.945392642000002,6.294029164102234
2020-12-03 05:45:00,7.945392642000002,8.583695,0.0,2.361173550003555,7.945392642000002,6.222521861678574
2020-12-03 06:00:00,12.711305967,11.095085,0.0,13.875999835588285,12.711305967,-2.7809146915453162
2020-12-03 06:15:00,18.711305967,15.266271,0.0,13.503454947055374,18.711305967,1.7628156904568328
2020-12-03 06:30:00,12.711305967,13.2464695,0.0,13.577170606515322,12.711305967,-0.3307011088346581
2020-12-03 06:45:00,12.711305967,13.292533,0.0,12.41607486848469,12.711305967,0.8764580523527119
2020-12-03 07:00:00,26.055247004,18.574686,0.0,22.108078617327088,26.055247004,-3.533392566912049
2020-12-03 07:15:00,26.055247004,26.265785,0.9637472095692788,25.591603326876825,25.091499794430725,0.674181890408331
2020-12-03 07:30:00,26.055247004,26.199215,8.045268094384863,24.150497918697326,18.00997890961514,2.0487170166054085
2020-12-03 07:45:00,26.055247004,26.160234,21.91580799616422,29.885156419532237,4.139439007835783,-3.7249219682382915
2020-12-03 08:00:00,41.534095966,32.218033,37.85293490347694,46.32713175351522,3.68116106252306,-14.109098916601155
2020-12-03 08:15:00,41.534095966,42.025536,37.72795793352111,61.515473403229365,3.8061380324788914,-19.48993781973327
2020-12-03 08:30:00,41.534095966,42.263004,56.18210629417168,64.89148300448866,-14.64801032817168,-22.628478701510147
2020-12-03 08:45:00,52.534095966,49.206505,116.76606992839226,83.8920329692667,-64.23197396239226,-34.68552814748935
2020-12-03 09:00:00,42.90124443299999,47.80089,79.35090562043888,130.92368829578754,-36.44966118743889,-83.12279641956684
2020-12-03 09:15:00,53.90124443299999,51.01189,58.719107828797895,100.70932198674174,-4.817863395797907,-49.69743157536479
2020-12-03 09:30:00,43.90124443299999,42.092175,84.35695949093164,86.58858904982816,-40.455715057931656,-44.49641451979886
2020-12-03 09:45:00,42.90124443299999,40.879852,108.91511931612247,119.60714428675882,-66.01387488312248,-78.72729199183695
2020-12-03 10:00:00,29.16314347799999,32.390358,113.19213454256722,128.27499162241824,-84.02899106456722,-95.88463365122684
2020-12-03 10:15:00,28.16314347799999,27.456676,128.40288458126392,139.1060110194644,-100.23974110326392,-111.6493345363101
2020-12-03 10:30:00,28.16314347799999,26.751722,160.28977899906198,155.54010590380574,-132.12663552106198,-128.7883835679903
2020-12-03 10:45:00,28.16314347799999,26.762018,198.43949527796846,188.75032485779116,-170.27635179996847,-161.9883066540558
2020-12-03 11:00:00,25.491400896999995,26.181797,322.6923282726063,210.86388114974926,-297.2009273756063,-184.68208412216137
2020-12-03 11:15:00,25.491400896999995,24.856176,315.2253714773209,284.8494113394957,-289.7339705803209,-259.99323496315293
2020-12-03 11:30:00,25.491400896999995,24.828588,218.6492460730144,286.4111101250232,-193.1578451760144,-261.5825216393054
2020-12-03 11:45:00,25.491400896999995,25.060863,149.95371352202545,241.4177620897168,-124.46231262502546,-216.35689859484376
2020-12-03 12:00:00,26.215039831000006,24.798906,150.34415507566138,184.45558933241762,-124.12911524466136,-159.65668300612367
2020-12-03 12:15:00,26.215039831000006,25.065107,134.36447860795846,186.70662484455136,-108.14943877695845,-161.6415174989703
2020-12-03 12:30:00,26.215039831000006,25.065107,114.59778577129217,171.55427889172665,-88.38274594029215,-146.4891715461456
2020-12-03 12:45:00,26.215039831000006,25.065107,85.62657703796114,149.7716584614613,-59.411537206961135,-124.70655111588025
2020-12-03 13:00:00,27.110798193,24.58261,67.86150971794419,115.08868768319121,-40.75071152494419,-90.50607850655547
2020-12-03 13:15:00,27.110798193,26.072258,52.05289431071726,101.63837200458235,-24.942096117717256,-75.56611400897688
2020-12-03 13:30:00,27.110798193,26.072258,38.768651000284216,87.9386297122906,-11.657852807284215,-61.86637171668514
2020-12-03 13:45:00,27.110798193,25.925043,31.004885324117364,75.0324218587497,-3.894087131117363,-49.1073787526706
2020-12-03 14:00:00,26.574807534999994,25.32019,22.308048740661416,55.0316882464893,4.266758794338578,-29.711497816801803
2020-12-03 14:15:00,26.574807534999994,24.353338,14.83974230177216,46.957941861117455,11.735065233227834,-22.604603619540306
2020-12-03 14:30:00,26.574807534999994,24.444149,13.814168505749132,39.53172656300546,12.760639029250862,-15.08757754567148
2020-12-03 14:45:00,37.57480753499999,34.17789,11.652107106470664,34.284971279140365,25.922700428529325,-0.10708050155247406
2020-12-03 15:00:00,36.12979369499999,36.627537,6.057907416079344,20.127721364824588,30.071886278920644,16.499815408857053
2020-12-03 15:15:00,36.12979369499999,35.560917,1.9415862458554813,13.935448474582508,34.18820744914451,21.625468426052258
2020-12-03 15:30:00,36.12979369499999,35.69077,0.40486728007718115,10.188384437754888,35.724926414922805,25.502384757801753
2020-12-03 15:45:00,47.12979369499999,42.010773,0.0,7.465453886989118,47.12979369499999,34.54531881808901
2020-12-03 16:00:00,56.33499637600001,51.123085,0.0,3.356060423234589,56.33499637600001,47.76702459873807
2020-12-03 16:15:00,49.13499637600002,44.98372,0.0,1.970577106583578,49.13499637600002,43.013141765486736
2020-12-03 16:30:00,34.33499637600001,33.010593,0.0,1.425775872158959,34.33499637600001,31.584817542147682
2020-12-03 16:45:00,41.13499637600002,38.886776,0.0,0.8331270939569081,41.13499637600002,38.05364887650207
2020-12-03 17:00:00,41.61460866899999,39.5511,0.0,-0.7320799885355626,41.61460866899999,40.28318167310587
2020-12-03 17:15:00,41.01460866899997,38.773514,0.0,-0.751957840682569,41.01460866899997,39.525471634627884
2020-12-03 17:30:00,30.614608668999992,31.312452,0.0,-0.8185060394128715,30.614608668999992,32.130958355697054
2020-12-03 17:45:00,39.61460866899999,35.480137,0.0,-0.885856689310626,39.61460866899999,36.36599356064852
2020-12-03 18:00:00,36.97022389,38.72757,0.0,-1.3192483733850624,36.97022389,40.04681795346319
2020-12-03 18:15:00,36.97022389,38.817326,0.0,-1.254968568334232,36.97022389,40.07229416037525
2020-12-03 18:30:00,36.97022389,38.914734,0.0,-1.241065420677983,36.97022389,40.155799307396734
2020-12-03 18:45:00,36.97022389,38.9281,0.0,-1.1908423199852498,36.97022389,40.11894290592275
2020-12-03 19:00:00,43.04527915300001,44.10696,0.0,-1.0004480166269252,43.04527915300001,45.107408313257785
2020-12-03 19:15:00,43.04527915300001,42.18169,0.0,-0.9583644775218981,43.04527915300001,43.14005469358635
2020-12-03 19:30:00,51.04527915300001,45.151794,0.0,-0.9557406257716795,51.04527915300001,46.10753505936543
2020-12-03 19:45:00,43.04527915300001,40.922405,0.0,-0.937627719794354,43.04527915300001,41.86003296271428
2020-12-03 20:00:00,44.31378511899999,43.686657,0.0,-0.8334496261823655,44.31378511899999,44.52010657808666
2020-12-03 20:15:00,45.31378511899999,43.91411,0.0,-0.8306060295867389,45.31378511899999,44.74471430595393
2020-12-03 20:30:00,40.31378511899999,39.80212,0.0,-0.7896192156783474,40.31378511899999,40.591739424418584
2020-12-03 20:45:00,33.31378511899999,34.984024,0.0,-0.6912926487446295,33.31378511899999,35.67531669659619
2020-12-03 21:00:00,27.800503195999998,29.51429,0.0,-0.44579393038399495,27.800503195999998,29.960083786341027
2020-12-03 21:15:00,27.800503195999998,27.804724,0.0,-0.3903855080126003,27.800503195999998,28.195109247636623
2020-12-03 21:30:00,38.800503195999994,37.341995,0.0,-0.42343941083822145,38.800503195999994,37.76543465009603
2020-12-03 21:45:00,35.800503195999994,38.23884,0.0,-0.36130120058410775,35.800503195999994,38.60013939638489
2020-12-03 22:00:00,29.030538402000015,27.33179,0.0,-0.2830577326843279,29.030538402000015,27.614848656756593
2020-12-03 22:15:00,29.030538402000015,28.142094,0.0,-0.22984650223642789,29.030538402000015,28.371940160683693
2020-12-03 22:30:00,29.030538402000015,28.098354,0.0,-0.15763949399127875,29.030538402000015,28.25599383359089
2020-12-03 22:45:00,29.030538402000015,28.29417,0.0,-0.11888514480966805,29.030538402000015,28.41305552444834
2020-12-03 23:00:00,18.146714008,24.51451,0.0,-0.2684398590739462,18.146714008,24.78294906012375
2020-12-03 23:15:00,18.146714008,17.912895,0.0,-0.3280490321062316,18.146714008,18.24094423474295
2020-12-03 23:30:00,29.146714008,33.062737,0.0,-0.3757195939789223,29.146714008,33.43845610520939
2020-12-03 23:45:00,29.146714008,33.40247,0.0,-0.3536251714761188,29.146714008,33.75609480648588
2020-12-04 00:00:00,23.552215052,28.66517,0.0,-0.7839102873121401,23.552215052,29.449080956867803
2020-12-04 00:15:00,18.552215052,23.378035,0.0,-0.7500126487419162,18.552215052,24.12804724041672
2020-12-04 00:30:00,12.552215052000001,12.183072,0.0,-0.722379057250831,12.552215052000001,12.905451147399758
2020-12-04 00:45:00,12.552215052000001,11.785095,0.0,-0.7302920146798498,12.552215052000001,12.5153872295236
2020-12-04 01:00:00,8.498438766000001,10.696704,0.0,-0.6722616694156943,8.498438766000001,11.368965580243332
2020-12-04 01:15:00,8.498438766000001,7.9639063,0.0,-0.6752814028168689,8.498438766000001,8.639187690963842
2020-12-04 01:30:00,8.498438766000001,8.224369,0.0,-0.761720510068531,8.498438766000001,8.986089559140797
2020-12-04 01:45:00,8.498438766000001,8.1862,0.0,-0.8463669573450235,8.498438766000001,9.032567099251763
2020-12-04 02:00:00,9.106520366,8.421246,0.0,-0.28847329427820434,9.106520366,8.709718869229377
2020-12-04 02:15:00,9.106520366,8.718849,0.0,-0.30425765769518975,9.106520366,9.023106839824097
2020-12-04 02:30:00,9.106520366,8.718849,0.0,-0.3275693564274703,9.106520366,9.046418538556377
2020-12-04 02:45:00,9.106520366,8.821615,0.0,-0.3645455360292643,9.106520366,9.186160755145476
2020-12-04 03:00:00,8.9994292,8.566906,0.0,-0.06510581557437878,8.9994292,8.632011790916176
2020-12-04 03:15:00,8.9994292,8.535266,0.0,-0.06014527290168925,8.9994292,8.595411195448076
2020-12-04 03:30:00,8.9994292,8.535266,0.0,-0.06700940654245191,8.9994292,8.602275329088839
2020-12-04 03:45:00,8.9994292,8.535266,0.0,-0.07098667794470714,8.9994292,8.606252600491095
2020-12-04 04:00:00,7.005775122000002,9.129954,0.0,0.4485348702533746,7.005775122000002,8.681419467820357
2020-12-04 04:15:00,18.005775122000003,21.888243,0.0,0.6854774135987814,18.005775122000003,21.202765307958835
2020-12-04 04:30:00,18.005775122000003,25.705252,0.0,1.3786584612024266,18.005775122000003,24.32659323252316
2020-12-04 04:45:00,18.005775122000003,23.85873,0.0,1.4151362082814005,18.005775122000003,22.44359410788071
2020-12-04 05:00:00,32.848641602,36.0836,0.0,16.31162200337335,32.848641602,19.77197708720282
2020-12-04 05:15:00,28.848641602,37.54106,0.0,18.165190210473465,28.848641602,19.375871190893722
2020-12-04 05:30:00,28.848641602,36.83592,0.0,18.06164617817074,28.848641602,18.774272248342932
2020-12-04 05:45:00,14.848641602,21.914263,0.0,10.084784904166732,14.848641602,11.829477867439714
2020-12-04 06:00:00,10.790308848,10.805172,0.0,25.69800887204009,10.790308848,-14.892836905487357
2020-12-04 06:15:00,10.790308848,11.314476,0.0,24.59507189325863,10.790308848,-13.280595880075037
2020-12-04 06:30:00,10.790308848,11.314476,0.0,23.729644782680946,10.790308848,-12.415168769497352
2020-12-04 06:45:00,10.790308848,11.242971,0.0,18.23744367009903,10.790308848,-6.9944722498109435
2020-12-04 07:00:00,24.93877091200001,19.829351,0.0,24.853519749667115,24.93877091200001,-5.024168324496216
2020-12-04 07:15:00,24.93877091200001,25.144102,0.0,25.73307511765823,24.93877091200001,-0.5889730211006139
2020-12-04 07:30:00,24.93877091200001,25.144102,1.3848928558600935,25.902035176085583,23.553878056139915,-0.757933079527966
2020-12-04 07:45:00,24.93877091200001,25.381573,4.681136167304339,27.23465724233646,20.25763474469567,-1.8530845189477887
2020-12-04 08:00:00,39.731023461,32.660164,9.591062452029538,36.304376736506754,30.13996100897046,-3.6442128571122225
2020-12-04 08:15:00,39.731023461,38.94384,11.299670841872372,42.10108041050593,28.43135261912763,-3.1572403836504606
2020-12-04 08:30:00,39.731023461,39.00426,12.701193036637683,44.89288031610807,27.029830424362316,-5.888619299262366
2020-12-04 08:45:00,39.731023461,39.046196,18.287786230409633,47.47784582917684,21.443237230590366,-8.431649845290124
2020-12-04 09:00:00,26.539468209000013,35.2516,22.1242859922494,50.513817857961996,4.415182216750612,-15.2622194998077
2020-12-04 09:15:00,26.539468209000013,26.39267,26.734706797408027,56.082776649244295,-0.19523858840801367,-29.69010697150992
2020-12-04 09:30:00,26.539468209000013,26.3425,41.66479131265392,59.82287858979447,-15.125323103653905,-33.48037790314896
2020-12-04 09:45:00,26.539468209000013,26.03899,63.36185832164737,74.41588940492255,-36.822390112647355,-48.3768993841706
2020-12-04 10:00:00,32.30905483600001,24.342157,46.38605647772216,86.82479661975493,-14.077001641722148,-62.48263925586333
2020-12-04 10:15:00,43.30905483600001,42.46961,60.14978189148753,71.8659788005801,-16.84072705548752,-29.39637049369533
2020-12-04 10:30:00,43.30905483600001,44.86108,75.66085638650368,82.02579349807866,-32.35180155050367,-37.16471332840092
2020-12-04 10:45:00,43.30905483600001,45.224766,100.6035882183991,98.56991965383494,-57.29453338239909,-53.34515387624705
2020-12-04 11:00:00,31.818714135,40.881527,99.46353470274565,111.60224732727963,-67.64482056774565,-70.72072038025814
2020-12-04 11:15:00,23.818714135,23.540644,117.0401236376606,118.93152850180188,-93.2214095026606,-95.39088480978528
2020-12-04 11:30:00,23.818714135,23.617294,100.11164918236952,137.74190653559438,-76.29293504736953,-114.12461222407094
2020-12-04 11:45:00,23.818714135,23.439178,60.79047853009791,126.61958663502614,-36.97176439509791,-103.18040816822926
2020-12-04 12:00:00,29.783842818000007,23.166473,49.37031062456151,91.34155225602825,-19.586467806561505,-68.17507886735638
2020-12-04 12:15:00,29.783842818000007,27.585379,48.69202305337265,84.82577406620187,-18.908180235372644,-57.24039541935129
2020-12-04 12:30:00,29.783842818000007,27.585379,53.89556539556183,83.35490686046181,-24.111722577561824,-55.769528213611224
2020-12-04 12:45:00,29.783842818000007,27.585379,42.76389229350876,84.29840373435965,-12.980049475508753,-56.71302508750907
2020-12-04 13:00:00,26.012467498000007,27.644005,43.262377529092184,64.02832725965116,-17.249910031092178,-36.38432243787382
2020-12-04 13:15:00,26.012467498000007,24.476696,47.958750704408885,64.08139221787755,-21.94628320640888,-39.60469620347325
2020-12-04 13:30:00,26.012467498000007,24.476696,42.573920684495015,65.7774828506779,-16.561453186495008,-41.3007868362736
2020-12-04 13:45:00,26.012467498000007,24.476696,35.33214625063965,59.81654353411887,-9.319678752639646,-35.339847519714574
2020-12-04 14:00:00,24.657950702999997,24.268929,25.259086221037066,45.79266248327733,-0.6011355180370686,-21.5237339554453
2020-12-04 14:15:00,24.657950702999997,23.310028,30.62023069469665,37.657928580306915,-5.962279991696654,-14.34790050413504
2020-12-04 14:30:00,24.657950702999997,23.310028,19.868711430665662,37.74176936601917,4.789239272334335,-14.431741289847295
2020-12-04 14:45:00,24.657950702999997,23.27494,5.7052247218372205,27.276753553537812,18.95272598116278,-4.001813062815156
2020-12-04 15:00:00,24.094832975,23.70234,4.522857007049414,11.123881392581449,19.571975967950586,12.578457779781832
2020-12-04 15:15:00,35.094832975,35.09766,1.9537776436808316,9.047625439378523,33.14105533131917,26.050034625318744
2020-12-04 15:30:00,46.094832975,43.19868,0.4765277543430423,7.039801758495932,45.61830522065696,36.15887911918961
2020-12-04 15:45:00,46.094832975,48.116203,0.0,5.162649596661994,46.094832975,42.953553711443476
2020-12-04 16:00:00,48.222098494,48.97721,0.0,2.3092817298274593,48.222098494,46.667929268707695
2020-12-04 16:15:00,48.222098494,50.964676,0.0,1.7923218202311677,48.222098494,49.17235408308915
2020-12-04 16:30:00,27.222098494,25.70384,0.0,0.6087315391976106,27.222098494,25.095108716539695
2020-12-04 16:45:00,26.222098494,25.632982,0.0,0.5627662529184815,26.222098494,25.070216001109838
2020-12-04 17:00:00,47.55477670399999,40.078484,0.0,-0.24170807975912922,47.55477670399999,40.3201916613021
2020-12-04 17:15:00,69.55477670399999,69.102325,0.0,0.07925548037739538,69.55477670399999,69.02306995907573
2020-12-04 17:30:00,75.55477670399999,79.63458,0.0,0.18497692491472761,75.55477670399999,79.44960559461653
2020-12-04 17:45:00,62.55477670399999,61.755764,0.0,-0.3429486883977023,62.55477670399999,62.098712695966064
2020-12-04 18:00:00,58.916431695,60.852245,0.0,-1.0055672606887756,58.916431695,61.857812591499325
2020-12-04 18:15:00,58.916431695,62.205494,0.0,-1.0048125831254344,58.916431695,63.21030651012739
2020-12-04 18:30:00,58.916431695,61.87281,0.0,-0.9857349602048312,58.916431695,62.85854532397436
2020-12-04 18:45:00,66.916431695,67.09073,0.0,-1.0389405277655817,66.916431695,68.1296692875312
2020-12-04 19:00:00,46.296656305,49.165215,0.0,-0.9408474702911224,46.296656305,50.106062008865344
2020-12-04 19:15:00,33.296656305,32.361637,0.0,-0.7773920658850183,33.296656305,33.13902918136353
2020-12-04 19:30:00,33.296656305,31.80514,0.0,-0.7734637700732466,33.296656305,32.578603311699226
2020-12-04 19:45:00,33.296656305,31.73237,0.0,-0.6856550746555988,33.296656305,32.418025451242514
2020-12-04 20:00:00,35.67151604299999,31.772772,0.0,-0.6196109675437472,35.67151604299999,32.3923828028709
2020-12-04 20:15:00,35.67151604299999,34.236176,0.0,-0.6241480506065066,35.67151604299999,34.86032358771588
2020-12-04 20:30:00,46.67151604299999,47.39141,0.0,-0.657053785150585,46.67151604299999,48.048464612787306
2020-12-04 20:45:00,46.67151604299999,47.643566,0.0,-0.6659287619619373,46.67151604299999,48.30949489355373
2020-12-04 21:00:00,37.397653988,45.171913,0.0,-0.4836053307956575,37.397653988,45.65551847776831
2020-12-04 21:15:00,37.397653988,38.53606,0.0,-0.452772619333378,37.397653988,38.988832952585334
2020-12-04 21:30:00,37.397653988,38.89984,0.0,-0.38996212706671074,37.397653988,39.28980343566046
2020-12-04 21:45:00,59.397653988,57.97825,0.0,-0.5406947667357961,59.397653988,58.5189433629272
2020-12-04 22:00:00,56.44526289799996,55.833668,0.0,-0.4488358310852788,56.44526289799996,56.28250358621223
2020-12-04 22:15:00,38.04526289799998,42.854153,0.0,-0.23873901338751147,38.04526289799998,43.09289169283087
2020-12-04 22:30:00,38.04526289799998,42.17304,0.0,-0.21079884672519633,38.04526289799998,42.38383732939121
2020-12-04 22:45:00,28.045262897999983,30.003834,0.0,0.023702040582954775,28.045262897999983,29.980131730169
2020-12-04 23:00:00,41.92911968599999,45.19281,0.0,-0.2233023777134867,41.92911968599999,45.41611243630724
2020-12-04 23:15:00,41.92911968599999,41.365433,0.0,-0.3142056609146976,41.92911968599999,41.67963840017251
2020-12-04 23:30:00,41.92911968599999,41.026367,0.0,-0.3372124396830777,41.92911968599999,41.36357962718308
2020-12-04 23:45:00,33.92911968599999,36.548275,0.0,-0.3071479304563055,33.92911968599999,36.85542292435279
2020-12-05 00:00:00,22.44050921,26.991684,0.0,-1.1258260358838266,22.44050921,28.117509995844763
2020-12-05 00:15:00,14.440509209999998,14.314395,0.0,-1.1254410104577781,14.440509209999998,15.439835961324476
2020-12-05 00:30:00,11.440509209999998,11.673622,0.0,-1.042433900820444,11.440509209999998,12.716056032168101
2020-12-05 00:45:00,11.440509209999998,10.62932,0.0,-0.948072310389276,11.440509209999998,11.577392455042597
2020-12-05 01:00:00,7.583272928000001,9.374024,0.0,-1.1301772965722803,7.583272928000001,10.504201687746598
2020-12-05 01:15:00,7.583272928000001,7.1610975,0.0,-1.1267166890912117,7.583272928000001,8.287814215641504
2020-12-05 01:30:00,7.583272928000001,7.3939,0.0,-1.1968973228488187,7.583272928000001,8.590797240451359
2020-12-05 01:45:00,7.583272928000001,7.4669337,0.0,-1.195133433698527,7.583272928000001,8.66206716096293
2020-12-05 02:00:00,9.106647001999997,7.797155,0.0,-0.41722957079974343,9.106647001999997,8.21438447421161
2020-12-05 02:15:00,9.106647001999997,8.708303,0.0,-0.45750619519931945,9.106647001999997,9.165809646737406
2020-12-05 02:30:00,9.106647001999997,8.708303,0.0,-0.4983686823410799,9.106647001999997,9.206672133879167
2020-12-05 02:45:00,9.106647001999997,8.800101,0.0,-0.4428163507354955,9.106647001999997,9.242917630947899
2020-12-05 03:00:00,8.69592578,8.893689,0.0,0.6121214059668948,8.69592578,8.28156774961172
2020-12-05 03:15:00,8.69592578,8.601586,0.0,0.6000825912563482,8.69592578,8.001503750601563
2020-12-05 03:30:00,8.69592578,8.601586,0.0,0.5809985236029672,8.69592578,8.020587818254944
2020-12-05 03:45:00,8.69592578,8.601586,0.0,0.5849511841199203,8.69592578,8.01663515773799
2020-12-05 04:00:00,8.391966121000001,8.987889,0.0,1.795250277942059,8.391966121000001,7.192639011913898
2020-12-05 04:15:00,8.391966121000001,8.6161995,0.0,2.0037930540310365,8.391966121000001,6.612406439377167
2020-12-05 04:30:00,8.391966121000001,8.6161995,0.0,2.0397396354920154,8.391966121000001,6.576459857916188
2020-12-05 04:45:00,8.391966121000001,8.570979,0.0,2.0783143812498475,8.391966121000001,6.4926647370973205
2020-12-05 05:00:00,7.711278940000001,8.552936,0.0,4.592656253488841,7.711278940000001,3.9602793467919204
2020-12-05 05:15:00,7.711278940000001,8.348962,0.0,4.5163102265216954,7.711278940000001,3.8326516036174647
2020-12-05 05:30:00,7.711278940000001,8.348962,0.0,4.708623123489854,7.711278940000001,3.640338706649306
2020-12-05 05:45:00,7.711278940000001,8.340519,0.0,4.188629772732224,7.711278940000001,4.151889178683792
2020-12-05 06:00:00,14.024356557999997,9.910225,0.0,10.519738233228303,14.024356557999997,-0.6095133186775215
2020-12-05 06:15:00,14.024356557999997,13.930711,0.0,10.912891217378288,14.024356557999997,3.017819575163216
2020-12-05 06:30:00,25.024356557999997,25.797937,0.0,11.505812126990683,25.024356557999997,14.292125266197793
2020-12-05 06:45:00,27.024356557999997,29.314993,0.0,11.614874186213337,27.024356557999997,17.70011871844975
2020-12-05 07:00:00,32.46705582599999,22.344074,0.0,19.56635282979623,32.46705582599999,2.777721419471348
2020-12-05 07:15:00,30.467055825999992,29.080917,0.8970723930322767,21.788070887357684,29.569983432967714,7.292846471040754
2020-12-05 07:30:00,30.467055825999992,28.28072,1.4265913748359174,26.00469256393592,29.040464451164073,2.2760271931441594
2020-12-05 07:45:00,30.467055825999992,28.381857,2.86450953589719,27.559072985836004,27.6025462901028,0.8227839324989574
2020-12-05 08:00:00,59.483328362,48.756523,3.695528569013798,29.881261360936815,55.787799792986206,18.875261771387404
2020-12-05 08:15:00,59.483328362,61.82915,6.250878883600427,27.97051087728297,53.23244947839957,33.858640276281484
2020-12-05 08:30:00,53.483328362,53.502132,16.84898953408593,33.04579278471136,36.63433882791407,20.456339631060125
2020-12-05 08:45:00,59.483328362,62.383694,25.567148958223868,43.7497152515905,33.916179403776134,18.633978443477858
2020-12-05 09:00:00,47.482553906,56.85954,27.262087992061346,52.08132709970657,20.220465913938654,4.778211932275852
2020-12-05 09:15:00,47.482553906,51.843105,21.396358517885087,55.91664827458429,26.086195388114913,-4.0735429584221805
2020-12-05 09:30:00,47.482553906,51.597282,18.551016866600968,52.067076879150825,28.931537039399032,-0.4697944694828564
2020-12-05 09:45:00,47.482553906,50.707058,19.523532456334294,53.39049655469089,27.959021449665705,-2.683438601810032
2020-12-05 10:00:00,47.805713539,49.79362,30.678279641877648,50.674381262870526,17.127433897122355,-0.8807601996381038
2020-12-05 10:15:00,47.805713539,49.996067,20.33447282849865,61.50877379635382,27.471240710501352,-11.512706749234681
2020-12-05 10:30:00,51.805713539,54.363983,33.92369190824859,54.08964802086982,17.88202163075141,0.2743351334270585
2020-12-05 10:45:00,36.805713539,35.370773,28.892337699028484,67.59898437700281,7.913375839971518,-32.22821106157312
2020-12-05 11:00:00,31.524100526,33.94924,50.01879275499853,61.66444135720355,-18.494692228998527,-27.715199719019957
2020-12-05 11:15:00,31.524100526,28.931486,39.150794114036806,77.83898678950958,-7.6266935880368045,-48.907500659748834
2020-12-05 11:30:00,31.524100526,28.82283,46.86452011684514,71.83482082367917,-15.34041959084514,-43.011990623483854
2020-12-05 11:45:00,31.524100526,28.919012,43.49615893926993,77.95487848152297,-11.97205841326993,-49.03586641182082
2020-12-05 12:00:00,37.019886333999985,30.557167,43.60857941442417,71.83782587100174,-6.588693080424186,-41.280658817779084
2020-12-05 12:15:00,37.019886333999985,35.118797,73.35532169502915,70.31403316499038,-36.33543536102916,-35.19523586274428
2020-12-05 12:30:00,37.019886333999985,35.366405,40.54336585410589,90.49846908001113,-3.5234795201059086,-55.13206359295059
2020-12-05 12:45:00,37.019886333999985,35.146267,27.460061220512138,66.92579363287584,9.559825113487847,-31.77952669561998
2020-12-05 13:00:00,34.495612513,34.42491,33.18604833807508,48.013210070151345,1.3095641749249154,-13.588298571127908
2020-12-05 13:15:00,34.495612513,30.401468,29.394900499334284,51.223412144293434,5.100712013665714,-20.821943867315895
2020-12-05 13:30:00,34.495612513,30.401468,27.397746655130554,46.73611168103689,7.097865857869444,-16.33464340405935
2020-12-05 13:45:00,45.495612513,44.46033,26.138223210819177,42.08112155493463,19.35738930218082,2.3792094082001327
2020-12-05 14:00:00,43.48974886799999,46.20203,17.609871521258288,31.329818157468374,25.879877346741704,14.872212024416392
2020-12-05 14:15:00,54.48974886799999,54.971565,12.791351190267951,25.776032150228424,41.69839767773204,29.195533096353607
2020-12-05 14:30:00,54.48974886799999,57.420055,9.116107394088113,22.565727612638867,45.37364147391188,34.85432777676543
2020-12-05 14:45:00,54.48974886799999,57.418987,4.139136920770472,18.373676993459167,50.350611947229524,39.04531028071075
2020-12-05 15:00:00,52.449798773,57.1889,1.9640761493898846,9.685212077367508,50.485722623610116,47.503687916528975
2020-12-05 15:15:00,74.449798773,75.08932,1.787066604343409,8.794969447000701,72.66273216865659,66.29434787477665
2020-12-05 15:30:00,69.04979877300002,74.243866,0.8783309920350448,5.959463933980651,68.17146778096497,68.28440203281622
2020-12-05 15:45:00,52.449798773,57.18907,0.0,3.927126353280225,52.449798773,53.261945301993215
2020-12-05 16:00:00,50.786230948,53.545635,0.0,1.6175697338040207,50.786230948,51.928065489584654
2020-12-05 16:15:00,31.786230947999993,31.823137,0.0,0.4081427364470994,31.786230947999993,31.414994546878095
2020-12-05 16:30:00,31.786230947999993,30.969585,0.0,0.5925033229491853,31.786230947999993,30.377082095751987
2020-12-05 16:45:00,31.786230947999993,30.960121,0.0,0.7035932505063504,31.786230947999993,30.256527904278805
2020-12-05 17:00:00,32.50567372399997,33.63373,0.0,-0.4404947985597253,32.50567372399997,34.07422664060074
2020-12-05 17:15:00,32.50567372399997,33.45668,0.0,-0.5622325616151943,32.50567372399997,34.01891285946676
2020-12-05 17:30:00,64.50567372399996,63.7498,0.0,-0.12329533638350576,64.50567372399996,63.873096972125694
2020-12-05 17:45:00,73.50567372399996,72.54741,0.0,0.37319121280629275,73.50567372399996,72.1742178448109
2020-12-05 18:00:00,83.098667224,86.78878,0.0,-0.6105211182159965,83.098667224,87.39930133061834
2020-12-05 18:15:00,71.098667224,74.81427,0.0,-0.9129491950999827,71.098667224,75.72721921463123
2020-12-05 18:30:00,63.09866722399999,71.05629,0.0,-1.048365088185677,63.09866722399999,72.10465476103724
2020-12-05 18:45:00,56.09866722399999,60.571983,0.0,-1.1293086802919143,56.09866722399999,61.70129201769426
2020-12-05 19:00:00,57.940935741,65.664734,0.0,-0.9401921172617512,57.940935741,66.6049260039805
2020-12-05 19:15:00,51.940935741,55.912437,0.0,-0.8848366785975258,51.940935741,56.79727411756237
2020-12-05 19:30:00,57.940935741,60.6625,0.0,-0.9350222495169415,57.940935741,61.597520723638034
2020-12-05 19:45:00,62.940935741,66.85986,0.0,-0.957429360446585,62.940935741,67.81729264169658
2020-12-05 20:00:00,59.19460417599999,62.321568,0.0,-0.8256622515619255,59.19460417599999,63.14722978696231
2020-12-05 20:15:00,59.19460417599999,64.18133,0.0,-0.8294987398365424,59.19460417599999,65.01082655966076
2020-12-05 20:30:00,59.19460417599999,63.47088,0.0,-0.8223563158863963,59.19460417599999,64.29323491696061
2020-12-05 20:45:00,81.19460417599998,86.18744,0.0,-0.8639478330067859,81.19460417599998,87.05138679785054
2020-12-05 21:00:00,84.812845349,87.57538,0.0,-0.8514122558875413,84.812845349,88.42679067385629
2020-12-05 21:15:00,74.812845349,80.8608,0.0,-0.7469539628638336,74.812845349,81.60775565964117
2020-12-05 21:30:00,56.812845349,58.73102,0.0,-0.6520422138760092,56.812845349,59.383064094979524
2020-12-05 21:45:00,30.812845349,30.236713,0.0,-0.5593815967405301,30.812845349,30.796095006164357
2020-12-05 22:00:00,28.228184980999995,27.686335,0.0,-0.5461849798342594,28.228184980999995,28.23251958981961
2020-12-05 22:15:00,28.228184980999995,27.612915,0.0,-0.4367628718113067,28.228184980999995,28.049677910873807
2020-12-05 22:30:00,28.228184980999995,27.580935,0.0,-0.50075719812308,28.228184980999995,28.08169172265921
2020-12-05 22:45:00,28.228184980999995,27.462849,0.0,-0.5575501593632818,28.228184980999995,28.02039882269336
2020-12-05 23:00:00,23.26347435499999,24.011156,0.0,-0.7210298211089167,23.26347435499999,24.732185903262238
2020-12-05 23:15:00,34.263474354999985,33.65621,0.0,-0.7619457359288041,34.263474354999985,34.41815758895615
2020-12-05 23:30:00,45.263474354999985,47.691692,0.0,-0.7814110420091761,45.263474354999985,48.4731033943041
2020-12-05 23:45:00,56.263474354999985,58.590862,0.0,-0.7734192132577152,56.263474354999985,59.36428148742764
2020-12-06 00:00:00,42.854189395999995,48.779736,0.0,-1.3284358917852463,42.854189395999995,50.108171456970794
2020-12-06 00:15:00,31.854189395999995,36.202694,0.0,-1.184166100335104,31.854189395999995,37.38686003954409
2020-12-06 00:30:00,32.45418939600002,35.72657,0.0,-1.1606190120843172,32.45418939600002,36.88718914147885
2020-12-06 00:45:00,27.854189395999995,27.95052,0.0,-1.1651689605257713,27.854189395999995,29.11568852229335
2020-12-06 01:00:00,24.736988966,25.43893,0.0,-0.8073368867276624,24.736988966,26.24626739820227
2020-12-06 01:15:00,17.736988966,16.342043,0.0,-1.2951915716536684,17.736988966,17.6372344946273
2020-12-06 01:30:00,13.736988965999997,13.12818,0.0,-1.35860524390145,13.736988965999997,14.48678479407235
2020-12-06 01:45:00,13.736988965999997,12.711721,0.0,-1.3442127512171789,13.736988965999997,14.055934171505264
2020-12-06 02:00:00,15.570549563999998,13.424378,0.0,0.2860115409015006,15.570549563999998,13.138366854179067
2020-12-06 02:15:00,15.570549563999998,15.069488,0.0,-0.015583234420332492,15.570549563999998,15.085070806136642
2020-12-06 02:30:00,15.570549563999998,15.069488,0.0,-0.19560153284251058,15.570549563999998,15.26508910455882
2020-12-06 02:45:00,15.570549563999998,15.069488,0.0,-0.19671194224282218,15.570549563999998,15.266199513959132
2020-12-06 03:00:00,14.170952719000002,15.086209,0.0,0.7880090571753752,14.170952719000002,14.298200240004801
2020-12-06 03:15:00,14.170952719000002,13.597559,0.0,0.7929467100892119,14.170952719000002,12.804612265130515
2020-12-06 03:30:00,14.170952719000002,13.608527,0.0,0.7636139719498879,14.170952719000002,12.844913211582828
2020-12-06 03:45:00,14.170952719000002,13.523438,0.0,0.7357104994085234,14.170952719000002,12.787727954265794
2020-12-06 04:00:00,13.610427228999999,14.046454,0.0,1.709235319289352,13.610427228999999,12.337219110337113
2020-12-06 04:15:00,13.610427228999999,13.947134,0.0,1.7579563831085983,13.610427228999999,12.189177634835737
2020-12-06 04:30:00,13.610427228999999,13.947134,0.0,1.8372116934284897,13.610427228999999,12.109922324515846
2020-12-06 04:45:00,13.610427228999999,13.910048,0.0,1.920260545515542,13.610427228999999,11.989786985612387
2020-12-06 05:00:00,14.43466743,13.816503,0.0,3.4778114898743406,14.43466743,10.338691081231616
2020-12-06 05:15:00,14.43466743,14.137367,0.0,3.6301348835278837,14.43466743,10.507232365007273
2020-12-06 05:30:00,14.43466743,14.137367,0.0,3.747472736689865,14.43466743,10.389894511845291
2020-12-06 05:45:00,14.43466743,14.137367,0.0,3.8627519640034,14.43466743,10.274615284531755
2020-12-06 06:00:00,23.621087188,16.783806,0.0,8.299662831504804,23.621087188,8.484143015663165
2020-12-06 06:15:00,23.621087188,22.923569,0.0,8.924529278301467,23.621087188,13.99903944728447
2020-12-06 06:30:00,23.621087188,22.779596,0.0,9.149176214499281,23.621087188,13.63042011423607
2020-12-06 06:45:00,23.621087188,22.779596,0.0,9.353851883757763,23.621087188,13.425744444977589
2020-12-06 07:00:00,37.83244705,34.102882,0.0,16.204868340675098,37.83244705,17.898014044578808
2020-12-06 07:15:00,37.83244705,37.98483,0.0,18.29990552255209,37.83244705,19.684923426422518
2020-12-06 07:30:00,37.83244705,37.98483,1.386818426875326,18.70445558874509,36.445628623124676,19.280373360229518
2020-12-06 07:45:00,37.83244705,37.89709,9.174842673543287,20.33706098209778,28.65760437645671,17.560029929767456
2020-12-06 08:00:00,56.00339128900001,45.853027,13.872467717557178,31.680636260859714,42.13092357144283,14.172391082890286
2020-12-06 08:15:00,56.00339128900001,54.0449,29.36610527786885,38.60251231712418,26.637286011131156,15.442386669692226
2020-12-06 08:30:00,56.00339128900001,54.22907,60.51007258909511,54.288739923698856,-4.506681300095103,-0.05967116759534008
2020-12-06 08:45:00,56.00339128900001,54.064503,85.6653171010088,81.27273688915577,-29.66192581200879,-27.208234173091313
2020-12-06 09:00:00,44.67078729099999,50.16539,113.75414000524044,103.22132775577215,-69.08335271424045,-53.055937741123714
2020-12-06 09:15:00,44.67078729099999,43.861877,150.52415808206104,132.12882930675343,-105.85337079106105,-88.26695186534718
2020-12-06 09:30:00,44.67078729099999,43.85801,160.69606957558378,171.28164587197153,-116.0252822845838,-127.42363653359263
2020-12-06 09:45:00,44.67078729099999,43.932552,167.0855128905164,186.624812867029,-122.41472559951643,-142.6922605293825
2020-12-06 10:00:00,45.63156061499999,42.095875,98.29352879933872,182.71672479791707,-52.661968184338726,-140.6208500115401
2020-12-06 10:15:00,45.63156061499999,43.12364,141.46451981686866,133.92263342962244,-95.83295920186868,-90.79899527654626
2020-12-06 10:30:00,45.63156061499999,43.202995,122.15192204028432,172.65026011793668,-76.52036142528434,-129.4472648176437
2020-12-06 10:45:00,45.63156061499999,43.141434,114.9967350933891,160.44253634549713,-69.36517447838912,-117.30110262967682
2020-12-06 11:00:00,47.771401403000006,51.502758,104.04947958783777,140.4042790376106,-56.27807818483776,-88.90152101148755
2020-12-06 11:15:00,58.771401403000006,56.511497,137.07221589270802,133.19568877854027,-78.30081448970802,-76.68419128098168
2020-12-06 11:30:00,58.771401403000006,57.35105,284.65599448783894,162.23293397733812,-225.88459308483894,-104.88188264677171
2020-12-06 11:45:00,54.771401403000006,53.731415,325.24192980461356,255.01313342993728,-270.47052840161354,-201.2817186350154
2020-12-06 12:00:00,36.350950432000005,43.91375,204.72849546933293,260.8467873554754,-168.37754503733294,-216.93303766065117
2020-12-06 12:15:00,29.350950432000005,30.712513,239.8677778038933,206.62991189977797,-210.51682737189327,-175.91739892980726
2020-12-06 12:30:00,29.350950432000005,30.440403,215.22644709990223,235.86089966831958,-185.8754966679022,-205.42049668370043
2020-12-06 12:45:00,29.350950432000005,30.529938,233.62060269170044,226.35179379758142,-204.26965225970042,-195.8218560534408
2020-12-06 13:00:00,26.686224709999983,30.022263,117.51645614087366,209.16392960640536,-90.83023143087368,-179.14166703316317
2020-12-06 13:15:00,26.686224709999983,27.750847,61.919794290336114,145.4879957513909,-35.23356958033613,-117.73714888859794
2020-12-06 13:30:00,26.686224709999983,27.714193,199.08168431327223,105.80434791460259,-172.39545960327226,-78.09015457048638
2020-12-06 13:45:00,26.686224709999983,27.714193,185.08857919004598,187.02042968097538,-158.402354480046,-159.30623633685917
2020-12-06 14:00:00,47.449143295999995,39.020763,133.24495699952797,153.2417053286668,-85.79581370352798,-114.22094193145
2020-12-06 14:15:00,58.449143295999995,57.96145,20.74689717121052,113.02287290416459,37.702246124789475,-55.06142423473099
2020-12-06 14:30:00,69.44914329599999,67.016655,41.857365716378105,52.96230101265851,27.591777579621883,14.054353955603212
2020-12-06 14:45:00,61.84914329599997,60.37282,43.78325938482272,62.141469057917426,18.065883911177252,-1.7686472500560981
2020-12-06 15:00:00,69.141425542,66.3055,23.555725892588978,46.548936293743,45.58569964941101,19.756559922077315
2020-12-06 15:15:00,58.14142554199999,58.298622,28.51116190630892,28.532468278905665,29.630263635691072,29.76615385244199
2020-12-06 15:30:00,69.141425542,68.61666,1.9835271956007752,24.925482070344138,67.15789834639922,43.691179001433206
2020-12-06 15:45:00,71.141425542,67.829285,0.0,10.241525518631073,71.141425542,57.58775914933768
2020-12-06 16:00:00,80.63910491799997,70.63516,0.0,5.0811236596259235,80.63910491799997,65.55403869388971
2020-12-06 16:15:00,91.63910491799997,87.48365,0.0,4.880631289031615,91.63910491799997,82.60301891848792
2020-12-06 16:30:00,102.63910491799997,108.49058,0.0,3.576953347146433,102.63910491799997,104.91362435060748
2020-12-06 16:45:00,91.63910491799997,103.55585,0.0,2.316872363951794,91.63910491799997,101.23897480401696
2020-12-06 17:00:00,64.02288071800001,73.591446,0.0,0.22393065849048532,64.02288071800001,73.36751526436107
2020-12-06 17:15:00,57.42288071799998,54.384884,0.0,0.09853905758862502,57.42288071799998,54.28634482302661
2020-12-06 17:30:00,56.022880718,53.34045,0.0,-0.6809501150516165,56.022880718,54.02140040191685
2020-12-06 17:45:00,67.02288071800001,71.8869,0.0,-0.7179379473151083,67.02288071800001,72.60483980278386
2020-12-06 18:00:00,78.06407036,84.473,0.0,-1.1702205835278212,78.06407036,85.64322015628173
2020-12-06 18:15:00,70.06407036,76.00054,0.0,-1.1580364311310314,70.06407036,77.15857811814276
2020-12-06 18:30:00,58.06407036,58.774624,0.0,-1.2303186878972072,58.06407036,60.00494255874682
2020-12-06 18:45:00,59.06407036,57.346962,0.0,-1.267793793629477,59.06407036,58.614755768727136
2020-12-06 19:00:00,56.410855090999995,55.43599,0.0,-1.3148101828088512,56.410855090999995,56.75079956269166
2020-12-06 19:15:00,56.410855090999995,53.318924,0.0,-1.2678709754895285,56.410855090999995,54.58679492568484
2020-12-06 19:30:00,67.410855091,70.640816,0.0,-1.3440325676712357,67.410855091,71.98484830253452
2020-12-06 19:45:00,67.410855091,69.35735,0.0,-1.3412539364218423,67.410855091,70.69860714687105
2020-12-06 20:00:00,66.849179676,69.34701,0.0,-1.1498936935716513,66.849179676,70.4969014450365
2020-12-06 20:15:00,62.849179676,63.23194,0.0,-1.1186082231985326,62.849179676,64.35054944634307
2020-12-06 20:30:00,44.849179676,41.57807,0.0,-1.003842105709622,44.849179676,42.581913699947904
2020-12-06 20:45:00,44.849179676,43.676277,0.0,-1.0785637977244873,44.849179676,44.754840958369016
2020-12-06 21:00:00,36.750829458,41.14254,0.0,-1.0498813904182578,36.750829458,42.1924213684456
2020-12-06 21:15:00,36.750829458,36.979023,0.0,-0.962746685952241,36.750829458,37.94176966568857
2020-12-06 21:30:00,36.750829458,36.17692,0.0,-0.9110812983329907,36.750829458,37.08800314281541
2020-12-06 21:45:00,44.750829458,42.869892,0.0,-0.809551255900563,44.750829458,43.679443376261894
2020-12-06 22:00:00,32.04550198400001,35.05383,0.0,-0.7680914126932336,32.04550198400001,35.821920605808465
2020-12-06 22:15:00,32.04550198400001,31.540462,0.0,-0.7466680786103758,32.04550198400001,32.28713057250686
2020-12-06 22:30:00,32.04550198400001,31.486834,0.0,-0.7171797192135375,32.04550198400001,32.204013291601235
2020-12-06 22:45:00,32.04550198400001,31.631681,0.0,-0.6251369317302365,32.04550198400001,32.25681837399098
2020-12-06 23:00:00,28.409729512,26.18097,0.0,-0.7285665506931301,28.409729512,26.90953578897438
2020-12-06 23:15:00,39.409729512,37.81122,0.0,-0.7974613222421577,39.409729512,38.60867958396091
2020-12-06 23:30:00,37.409729512,37.719833,0.0,-0.7432349478043686,37.409729512,38.463068321827805
2020-12-06 23:45:00,39.409729512,37.03546,0.0,-0.7741203858118012,39.409729512,37.80958181159305
2020-12-07 00:00:00,26.532026189000007,29.872131,0.0,-0.8023873611860807,26.532026189000007,30.67451870884233
2020-12-07 00:15:00,17.532026189000007,16.749071,0.0,-0.7673264209606173,17.532026189000007,17.51639754217644
2020-12-07 00:30:00,17.532026189000007,17.702435,0.0,-0.7561927238009442,17.532026189000007,18.458627263595865
2020-12-07 00:45:00,17.532026189000007,17.652124,0.0,-0.7408418202821024,17.532026189000007,18.39296622518933
2020-12-07 01:00:00,11.672547621999998,14.829819,0.0,-0.3830571991988353,11.672547621999998,15.212875924784774
2020-12-07 01:15:00,11.672547621999998,11.551556,0.0,-0.7510194474063346,11.672547621999998,12.302575080951257
2020-12-07 01:30:00,11.672547621999998,11.477435,0.0,-0.7127925490089996,11.672547621999998,12.190227661008512
2020-12-07 01:45:00,11.672547621999998,11.531064,0.0,-0.6962107648093127,11.672547621999998,12.227274798317614
2020-12-07 02:00:00,9.909759962999999,11.849154,0.9669562821810653,0.05650784273742537,8.942803680818933,11.79264662961365
2020-12-07 02:15:00,9.909759962999999,10.476471,0.0,0.058625436125189334,9.909759962999999,10.417845511140436
2020-12-07 02:30:00,9.909759962999999,10.476471,0.0,0.015952881052545886,9.909759962999999,10.46051806621308
2020-12-07 02:45:00,9.909759962999999,10.476471,0.0,0.0038952316344066373,9.909759962999999,10.47257571563122
2020-12-07 03:00:00,8.377413066999999,10.498141,0.0,0.04559910753893248,8.377413066999999,10.452542181218393
2020-12-07 03:15:00,8.377413066999999,9.239298,0.0,0.0348695598987846,8.377413066999999,9.204428306922505
2020-12-07 03:30:00,8.377413066999999,9.239298,0.0,0.044812778544954024,8.377413066999999,9.194485088276336
2020-12-07 03:45:00,8.377413066999999,9.239298,0.0,0.11850698857407849,8.377413066999999,9.120790878247211
2020-12-07 04:00:00,9.05025767,9.894813,0.0,0.17783477631324096,9.05025767,9.7169778076101
2020-12-07 04:15:00,9.05025767,10.132341,0.0,0.24096349078594848,9.05025767,9.891377894101748
2020-12-07 04:30:00,9.05025767,10.132341,0.0,0.29217293562283586,9.05025767,9.84016844926486
2020-12-07 04:45:00,9.05025767,10.038796,0.0,0.36258022030500114,9.05025767,9.676216204560722
2020-12-07 05:00:00,8.907214773999998,10.065283,0.43245213819796546,1.9006587827432684,8.474762635802033,8.164624038912006
2020-12-07 05:15:00,8.907214773999998,10.065283,0.9169408831365577,2.1331025809823947,7.99027389086344,7.932180240672879
2020-12-07 05:30:00,8.907214773999998,10.043949,0.0,2.3904746536011277,8.907214773999998,7.6534744735961375
2020-12-07 05:45:00,19.907214773999996,23.769934,0.0,2.04301307304405,19.907214773999996,21.726920627517472
2020-12-07 06:00:00,23.495297789,26.389154,0.0,5.9976717336592,23.495297789,20.391482700544902
2020-12-07 06:15:00,23.495297789,29.253807,0.0,6.332823019051056,23.495297789,22.92098404882004
2020-12-07 06:30:00,15.495297788999997,18.104042,0.0,6.457032430199026,15.495297788999997,11.647009623023632
2020-12-07 06:45:00,12.495297788999997,16.26497,0.0,9.068801470182105,12.495297788999997,7.19616930923684
2020-12-07 07:00:00,24.433861457999996,27.212673,0.9223765365981716,16.98982295938999,23.511484921401824,10.22285022786587
2020-12-07 07:15:00,24.433861457999996,27.783188,1.7845581836112445,18.769008711001018,22.64930327438875,9.01417915520992
2020-12-07 07:30:00,24.433861457999996,27.621765,3.460801323125535,17.289958677559355,20.973060134874462,10.331806459159395
2020-12-07 07:45:00,24.433861457999996,27.621765,4.528841601603762,18.4265590322566,19.905019856396233,9.195206104462152
2020-12-07 08:00:00,35.647222533999994,34.842667,6.082531547151791,23.37583369539191,29.564690986848202,11.466832930584651
2020-12-07 08:15:00,46.647222533999994,48.84482,6.422785498769819,25.102019585251924,40.224437035230174,23.74279852998245
2020-12-07 08:30:00,46.647222533999994,48.329365,12.076237717857689,26.63691136833036,34.57098481614231,21.69245340828097
2020-12-07 08:45:00,56.647222533999994,61.9818,19.54833394781888,31.355968688691426,37.09888858618112,30.625831390654277
2020-12-07 09:00:00,50.826455885,47.268974,25.73883778727063,35.24483126255152,25.087618097729372,12.024143041647697
2020-12-07 09:15:00,49.826455885,50.49972,40.553657258537896,45.896679782821266,9.272798626462105,4.603041744278343
2020-12-07 09:30:00,39.826455885,40.310158,70.19861522599223,62.24909803231338,-30.372159340992226,-21.93894025643447
2020-12-07 09:45:00,39.826455885,39.336655,121.42334477350566,93.32452748109722,-81.59688888850566,-53.98787281801128
2020-12-07 10:00:00,54.580249058999996,48.57623,193.79407771659208,125.4008424492391,-139.2138286575921,-76.82461335378011
2020-12-07 10:15:00,54.580249058999996,53.904938,148.8354041258315,186.83041367616994,-94.2551550668315,-132.92547593202931
2020-12-07 10:30:00,54.580249058999996,53.94344,164.0804414429497,154.6444332910214,-109.50019238394971,-100.70099380737881
2020-12-07 10:45:00,54.580249058999996,53.94344,214.22024954319357,176.0433665014622,-159.6400004841936,-122.09992701781962
2020-12-07 11:00:00,52.80004551300001,51.764885,214.05631449706993,211.40448228793434,-161.25626898406992,-159.63959733920387
2020-12-07 11:15:00,52.80004551300001,51.008785,181.47356210784926,213.60850462278617,-128.67351659484925,-162.59971937498344
2020-12-07 11:30:00,52.80004551300001,50.989716,177.11333577420552,192.26155989460227,-124.31329026120551,-141.2718443184304
2020-12-07 11:45:00,50.80004551300001,50.86213,203.4624778689677,196.59772425768423,-152.6624323559677,-145.73559504625845
2020-12-07 12:00:00,47.03086241800001,49.337032,149.91032704053026,200.11776016853756,-102.87946462253025,-150.78072785042232
2020-12-07 12:15:00,47.03086241800001,46.99047,135.09806165794626,158.06053460309076,-88.06719923994625,-111.07006371686029
2020-12-07 12:30:00,47.03086241800001,47.23973,119.497867340403,148.05650014149094,-72.46700492240299,-100.81676930653
2020-12-07 12:45:00,51.03086241800001,51.222805,149.67558595223412,139.58531054394382,-98.6447235342341,-88.36250552075046
2020-12-07 13:00:00,44.728584125999994,42.680676,188.6985029079598,146.2320354098195,-143.96991878195982,-103.5513599032277
2020-12-07 13:15:00,37.728584125999994,36.24748,78.37383539468017,166.87094159190286,-40.64525126868018,-130.62346310679544
2020-12-07 13:30:00,59.728584125999994,59.496937,70.55285752582128,99.66033977745354,-10.824273399821287,-40.16340297935784
2020-12-07 13:45:00,44.12858412599997,42.287285,66.03065887788094,86.14635250206913,-21.902074751880967,-43.859067650994916
2020-12-07 14:00:00,37.08228594,37.581734,62.84553710558313,74.704484857511,-25.763251165583135,-37.122751153897724
2020-12-07 14:15:00,37.08228594,36.41146,46.02143412810973,68.35543693651213,-8.939148188109733,-31.94397606004729
2020-12-07 14:30:00,54.08228594,52.202312,31.037392837724084,50.3885006892409,23.044893102275914,1.8138117802415223
2020-12-07 14:45:00,70.08228593999999,68.82761,24.666771875834396,41.74217998211273,45.41551406416559,27.085426219059144
2020-12-07 15:00:00,70.465247972,71.264984,13.92510660662815,29.0861102333573,56.54014136537185,42.17887389750207
2020-12-07 15:15:00,86.465247972,83.941956,8.664536692612348,23.16673602187508,77.80071127938766,60.77521954453117
2020-12-07 15:30:00,91.465247972,94.305984,0.9552705016727979,15.220147656508246,90.5099774703272,79.08583684056207
2020-12-07 15:45:00,67.465247972,76.15419,0.0,7.881926075964613,67.465247972,68.27226398751195
2020-12-07 16:00:00,44.84416208399999,44.83541,0.0,4.0902528391094375,44.84416208399999,40.745158232667904
2020-12-07 16:15:00,43.84416208399999,44.313847,0.0,3.727396966612104,43.84416208399999,40.58644962152266
2020-12-07 16:30:00,43.84416208399999,45.52521,0.0,3.129138524497365,43.84416208399999,42.39607280973115
2020-12-07 16:45:00,43.84416208399999,44.459724,0.0,2.7432735441619984,43.84416208399999,41.71645088210753
2020-12-07 17:00:00,43.103674743999996,43.001995,0.0,1.0643354382300183,43.103674743999996,41.937659648439904
2020-12-07 17:15:00,56.103674743999996,56.757206,0.0,0.912141359819345,56.103674743999996,55.84506460331542
2020-12-07 17:30:00,59.103674743999996,57.941074,0.0,0.5394697017546591,59.103674743999996,57.40160466958323
2020-12-07 17:45:00,67.10367474399999,64.07821,0.0,0.435453672368994,67.10367474399999,63.64275525097085
2020-12-07 18:00:00,61.156149502,63.233723,0.0,-0.49792730034235,61.156149502,63.731649987109925
2020-12-07 18:15:00,55.156149502,54.80155,0.0,-0.6625493069449596,55.156149502,55.46410112579262
2020-12-07 18:30:00,66.156149502,64.60434,0.0,-0.649905525480489,66.156149502,65.25424512508987
2020-12-07 18:45:00,60.156149502,57.774754,0.0,-0.8486415035343359,60.156149502,58.62339507409098
2020-12-07 19:00:00,38.728851031000005,45.663513,0.0,-0.77362237360716,38.728851031000005,46.43713555720091
2020-12-07 19:15:00,36.728851031000005,38.671734,0.0,-0.7801970432571902,36.728851031000005,39.45193089945836
2020-12-07 19:30:00,36.728851031000005,38.43156,0.0,-0.6980734251748003,36.728851031000005,39.12963394153222
2020-12-07 19:45:00,32.728851031000005,32.502773,0.0,-0.6687854938114547,32.728851031000005,33.171558778723565
2020-12-07 20:00:00,24.439362924000005,27.350866,0.0,-0.5488572525258003,24.439362924000005,27.899723570274823
2020-12-07 20:15:00,24.439362924000005,26.362736,0.0,-0.5240530697703828,24.439362924000005,26.886788818061397
2020-12-07 20:30:00,24.439362924000005,26.341942,0.0,-0.45302666434412153,24.439362924000005,26.794968497840216
2020-12-07 20:45:00,35.43936292400001,35.214428,0.0,-0.46847535334560597,35.43936292400001,35.68290330134365
2020-12-07 21:00:00,32.48709756800001,36.944424,0.0,-0.4017467082717082,32.48709756800001,37.34617038380882
2020-12-07 21:15:00,43.48709756800001,43.29278,0.0,-0.39824937853799647,43.48709756800001,43.69103120837198
2020-12-07 21:30:00,39.48709756800001,39.535294,0.0,-0.404792111371994,39.48709756800001,39.94008569047356
2020-12-07 21:45:00,32.48709756800001,33.63536,0.0,-0.37034342891727257,32.48709756800001,34.00570414669071
2020-12-07 22:00:00,36.95360225099999,34.16898,0.0,-0.3119800180830349,36.95360225099999,34.480959662858425
2020-12-07 22:15:00,47.95360225099999,45.68338,0.0,-0.26523709587754596,47.95360225099999,45.94861722283067
2020-12-07 22:30:00,47.95360225099999,46.299522,0.0,-0.19534928283356046,47.95360225099999,46.494871682735905
2020-12-07 22:45:00,47.95360225099999,47.04416,0.0,-0.23187097054917694,47.95360225099999,47.27602990609605
2020-12-07 23:00:00,39.54059732500001,39.24349,0.0,-0.287495280617983,39.54059732500001,39.53098359238556
2020-12-07 23:15:00,25.540597325000007,25.315193,0.0,-0.2414396893619869,25.540597325000007,25.556632865631517
2020-12-07 23:30:00,23.540597325000007,24.063993,0.0,-0.2394946186412802,23.540597325000007,24.303488072620773
2020-12-07 23:45:00,23.540597325000007,24.182058,0.0,-0.2402075183758089,23.540597325000007,24.422265852726394
2020-12-08 00:00:00,12.909164181,17.584175,0.0,-0.9620830235851968,12.909164181,18.54625813344848
2020-12-08 00:15:00,12.909164181,13.28408,0.0,-0.9033884650659189,12.909164181,14.187468016762697
2020-12-08 00:30:00,12.909164181,13.216371,0.0,-0.9511477248346473,12.909164181,14.167518307415214
2020-12-08 00:45:00,12.909164181,13.216371,0.0,-0.9146080445480403,12.909164181,14.130978627128608
2020-12-08 01:00:00,9.624627354000003,11.0230465,0.0,-0.8586688813473834,9.624627354000003,11.881715374877658
2020-12-08 01:15:00,9.624627354000003,9.54628,0.0,-0.8669113654184609,9.624627354000003,10.413191272645024
2020-12-08 01:30:00,9.624627354000003,9.54628,0.0,-0.8817502328165779,9.624627354000003,10.428030140043141
2020-12-08 01:45:00,9.624627354000003,9.599909,0.0,-0.8926033942952262,9.624627354000003,10.492512223030579
2020-12-08 02:00:00,9.559737766,9.848827,0.0,-0.2757200592490686,9.559737766,10.124547421309616
2020-12-08 02:15:00,9.559737766,9.611711,0.0,-0.29961158116945363,9.559737766,9.911322129570333
2020-12-08 02:30:00,9.559737766,9.611711,0.0,-0.3101054600086083,9.559737766,9.921816008409488
2020-12-08 02:45:00,9.559737766,9.611711,0.0,-0.3190796498949321,9.559737766,9.930790198295812
2020-12-08 03:00:00,9.639093087999997,9.469447,0.0,-0.45706270435943097,9.639093087999997,9.926509840284725
2020-12-08 03:15:00,9.639093087999997,9.674924,0.0,-0.43382736297756275,9.639093087999997,10.108751259767114
2020-12-08 03:30:00,9.639093087999997,9.674924,0.0,-0.40615974030283575,9.639093087999997,10.081083637092387
2020-12-08 03:45:00,9.639093087999997,9.582728,0.0,-0.3509660628312804,9.639093087999997,9.933694448756574
2020-12-08 04:00:00,8.428444633000002,10.423715,0.0,-0.22135751304794848,8.428444633000002,10.645072150804296
2020-12-08 04:15:00,8.428444633000002,9.135087,0.0,-0.21137011028658492,8.428444633000002,9.346457123531215
2020-12-08 04:30:00,8.428444633000002,9.135087,0.0,-0.1596142428722659,8.428444633000002,9.294701256116895
2020-12-08 04:45:00,8.428444633000002,9.102023,0.0,-0.0959354978691459,8.428444633000002,9.19795862256397
2020-12-08 05:00:00,7.593446630999998,9.102023,0.0,1.6581231909808598,7.593446630999998,7.443899933713965
2020-12-08 05:15:00,7.593446630999998,8.279243,0.0,1.6911083279547912,7.593446630999998,6.58813514128349
2020-12-08 05:30:00,7.593446630999998,8.34151,0.0,1.7763628774280633,7.593446630999998,6.565146941602698
2020-12-08 05:45:00,7.593446630999998,8.34151,0.0,1.8248926533983028,7.593446630999998,6.516617165632459
2020-12-08 06:00:00,8.649234956999997,10.124058,0.0,6.594840671358949,8.649234956999997,3.5292170984164413
2020-12-08 06:15:00,8.649234956999997,9.0133295,0.0,6.839594191879414,8.649234956999997,2.1737353140409965
2020-12-08 06:30:00,8.649234956999997,9.0133295,0.0,7.066830995458759,8.649234956999997,1.9464985104616508
2020-12-08 06:45:00,8.649234956999997,9.0133295,0.0,7.392575869001216,8.649234956999997,1.6207536369191944
2020-12-08 07:00:00,13.872072660999997,15.2203045,0.0,13.901579807496102,13.872072660999997,1.3187246816396403
2020-12-08 07:15:00,13.872072660999997,16.336946,0.0,14.623876759211505,13.872072660999997,1.7130697282152525
2020-12-08 07:30:00,13.872072660999997,16.336946,0.9927006428806328,14.859732093352061,12.879372018119364,1.4772143940746965
2020-12-08 07:45:00,13.872072660999997,16.249208,1.9625702476190405,15.874957725802563,11.909502413380956,0.37425072451481967
2020-12-08 08:00:00,31.706026945999998,31.105103,3.8494995433532693,14.549501139833874,27.85652740264673,16.555601399228628
2020-12-08 08:15:00,31.706026945999998,37.066742,8.580004173058054,16.632041446196492,23.126022772941944,20.434700497162883
2020-12-08 08:30:00,29.706026945999998,35.05313,16.43912901904264,22.116118324424235,13.266897926957359,12.93701277909139
2020-12-08 08:45:00,20.706026945999998,25.286598,21.224653007320807,32.36774489835301,-0.5186260613208091,-7.081146692786604
2020-12-08 09:00:00,56.993515852,44.027523,18.205396796868612,33.35514928711967,38.78811905513139,10.672373753651812
2020-12-08 09:15:00,56.993515852,57.27722,21.192897379803174,35.30559861595767,35.80061847219683,21.97162306372983
2020-12-08 09:30:00,49.993515852,47.081043,25.656429107579292,38.91176007018511,24.33708674442071,8.169283173223093
2020-12-08 09:45:00,39.993515852,38.98151,35.99906847216189,45.271614926469134,3.994447379838114,-6.290104764115618
2020-12-08 10:00:00,51.61593434799999,43.914272,53.50195508130747,49.43219375149728,-1.8860207333074825,-5.517921443147671
2020-12-08 10:15:00,51.61593434799999,48.40778,69.15387089728613,65.75848160854281,-17.537936549286137,-17.350701914939293
2020-12-08 10:30:00,51.61593434799999,48.146484,60.122042079753086,78.05959103958529,-8.506107731753097,-29.913106664585285
2020-12-08 10:45:00,63.61593434799999,61.75188,75.66349103913237,71.18034248632011,-12.047556691132378,-9.428461840568161
2020-12-08 11:00:00,65.96495909399997,64.08504,64.67598528525647,73.8584754421359,1.288973808743492,-9.773438210690585
2020-12-08 11:15:00,65.96495909399997,66.012375,53.79085744392794,68.79754105826822,12.174101650072025,-2.7851661803385355
2020-12-08 11:30:00,65.96495909399997,65.789185,55.835886034100554,62.443653552534116,10.129073059899412,3.3455310177783844
2020-12-08 11:45:00,47.96495909399997,44.64134,55.492468292317746,68.95369684210269,-7.527509198317773,-24.312358493714015
2020-12-08 12:00:00,30.93380698600001,40.634903,58.80826026978127,62.81449542956095,-27.87445328378126,-22.179592475459387
2020-12-08 12:15:00,30.93380698600001,30.5087,56.6276381669536,66.49561477036082,-25.69383118095359,-35.98691535324656
2020-12-08 12:30:00,30.93380698600001,30.384905,65.7705003964014,65.44738790766539,-34.836693410401395,-35.06248304621519
2020-12-08 12:45:00,30.93380698600001,30.411716,59.74543955762513,73.04140532588846,-28.811632571625122,-42.62968886470682
2020-12-08 13:00:00,25.342466666000004,30.22391,68.50423583407779,64.91417822833984,-43.16176916807778,-34.69026885028808
2020-12-08 13:15:00,25.342466666000004,26.401308,28.082545630063652,71.11488921431837,-2.740078964063649,-44.713581154625984
2020-12-08 13:30:00,25.342466666000004,26.613623,31.071838976821674,43.72399719112279,-5.72937231082167,-17.110374525717518
2020-12-08 13:45:00,25.342466666000004,26.381388,25.418924543335986,44.63106945155771,-0.07645787733598297,-18.249681740986418
2020-12-08 14:00:00,27.580263607999996,25.796846,25.084475906522822,36.179108394968964,2.495787701477173,-10.382262005198456
2020-12-08 14:15:00,27.580263607999996,28.07459,16.415350755228673,33.423226579998115,11.164912852771323,-5.3486358970147165
2020-12-08 14:30:00,38.580263607999996,39.17601,15.360972520975356,25.37268563058611,23.21929108702464,13.80332450124983
2020-12-08 14:45:00,49.580263607999996,50.53918,13.309413500686015,21.546019678008193,36.27085010731398,28.99316107760704
2020-12-08 15:00:00,48.730722759,48.935024,5.978699349623586,14.3252674959497,42.75202340937642,34.60975676552491
2020-12-08 15:15:00,40.730722759,38.964916,3.202682823570913,9.995089111159176,37.52803993542909,28.969827118088872
2020-12-08 15:30:00,37.730722759,38.795334,1.3638877628555208,7.941954096075783,36.36683499614448,30.853379766228905
2020-12-08 15:45:00,37.730722759,40.880356,0.9933353557452592,6.348281566007416,36.73738740325474,34.53207426895352
2020-12-08 16:00:00,43.340251202000005,43.145065,0.0,3.616607800121895,43.340251202000005,39.52845750749529
2020-12-08 16:15:00,43.340251202000005,47.555035,0.0,3.2405815464847834,43.340251202000005,44.31445309096639
2020-12-08 16:30:00,54.340251202000005,59.508312,0.0,3.2879888105931023,54.340251202000005,56.22032341474869
2020-12-08 16:45:00,45.340251202000005,51.92788,0.0,2.375115617209013,45.340251202000005,49.55276371628708
2020-12-08 17:00:00,62.61265520399999,69.45251,0.0,1.397361739674838,62.61265520399999,68.05514527936813
2020-12-08 17:15:00,56.61265520399999,63.102566,0.0,0.7564117858228404,56.61265520399999,62.34615397955802
2020-12-08 17:30:00,51.61265520399999,56.775288,0.0,0.38531790755899287,51.61265520399999,56.389969720614836
2020-12-08 17:45:00,44.61265520399999,50.281334,0.0,0.26037778830178737,44.61265520399999,50.020956135038055
2020-12-08 18:00:00,39.46852149,47.84407,0.0,-0.5273925647919661,39.46852149,48.37146299936228
2020-12-08 18:15:00,50.46852149,56.979645,0.0,-0.4393556608530541,50.46852149,57.41900043624368
2020-12-08 18:30:00,46.46852149,54.460125,0.0,-0.520858827101173,46.46852149,54.980983796583594
2020-12-08 18:45:00,50.46852149,55.435436,0.0,-0.4862142228498679,50.46852149,55.921650471629164
2020-12-08 19:00:00,66.836563324,67.51534,0.0,-0.608669528483362,66.836563324,68.1240122408857
2020-12-08 19:15:00,59.836563324000004,61.03381,0.0,-0.7786293531634679,59.836563324000004,61.8124390150287
2020-12-08 19:30:00,71.836563324,69.96906,0.0,-0.7699966722190751,71.836563324,70.73905947739486
2020-12-08 19:45:00,64.836563324,65.277054,0.0,-0.8407196326432934,64.836563324,66.11777346565111
2020-12-08 20:00:00,87.26062210400002,78.79554,0.0,-0.8158375023531966,87.26062210400002,79.61137735831022
2020-12-08 20:15:00,82.26062210400002,81.78669,0.0,-0.7912048323661792,82.26062210400002,82.57789459066696
2020-12-08 20:30:00,73.26062210400002,73.64484,0.0,-0.7361687332396328,73.26062210400002,74.38100515902089
2020-12-08 20:45:00,64.26062210400002,65.75182,0.0,-0.7405938797930861,64.26062210400002,66.49241730508605
2020-12-08 21:00:00,51.457352838000006,50.73422,0.0,-0.6492316935084111,51.457352838000006,51.38345029092052
2020-12-08 21:15:00,42.457352838000006,37.674313,0.0,-0.678078815366333,42.457352838000006,38.35239140691907
2020-12-08 21:30:00,31.457352838000002,28.378582,0.0,-0.6692303258448816,31.457352838000002,29.047812326577304
2020-12-08 21:45:00,24.457352838000002,22.982769,0.0,-0.638783126532613,24.457352838000002,23.621552138983784
2020-12-08 22:00:00,31.478609460999998,32.821537,0.0,-0.6538865186836943,31.478609460999998,33.47542353650596
2020-12-08 22:15:00,30.27860946100001,32.46363,0.0,-0.6544796161699821,30.27860946100001,33.11811029243951
2020-12-08 22:30:00,31.478609460999998,32.759224,0.0,-0.6521192393915182,31.478609460999998,33.4113431773798
2020-12-08 22:45:00,40.478609461,39.928482,0.0,-0.6504575942510772,40.478609461,40.57893964991514
2020-12-08 23:00:00,38.325386418,38.252453,0.0,-0.6896758007559952,38.325386418,38.94212865109779
2020-12-08 23:15:00,38.325386418,38.83022,0.0,-0.7115351499868839,38.325386418,39.541754418785715
2020-12-08 23:30:00,42.325386418,40.89892,0.0,-0.697317374024114,42.325386418,41.596235525879585
2020-12-08 23:45:00,38.325386418,37.2614,0.0,-0.6464470512087132,38.325386418,37.9078453666384
2020-12-09 00:00:00,23.834817721,26.268713,0.0,-0.9867624915531678,23.834817721,27.255475488989692
2020-12-09 00:15:00,12.834817721,11.276966,0.0,-0.8952044173298211,12.834817721,12.172170512300525
2020-12-09 00:30:00,7.834817721000001,9.478773,0.0,-0.9127645836394641,7.834817721000001,10.391537700704895
2020-12-09 00:45:00,7.834817721000001,8.16631,0.0,-0.9252272149600415,7.834817721000001,9.091537525323812
2020-12-09 01:00:00,6.518938460000001,6.7855244,0.0,-0.7146370594914241,6.518938460000001,7.500161427777557
2020-12-09 01:15:00,6.518938460000001,6.566052,0.0,-0.9732845352176468,6.518938460000001,7.539336495209102
2020-12-09 01:30:00,6.518938460000001,6.566052,0.0,-1.0530768046775103,6.518938460000001,7.619128764668965
2020-12-09 01:45:00,6.518938460000001,6.6585007,0.0,-1.0530884229544801,6.518938460000001,7.711589094341199
2020-12-09 02:00:00,8.773387691999996,6.9934506,0.0,-0.6279393539515638,8.773387691999996,7.621389995583644
2020-12-09 02:15:00,8.773387691999996,8.804375,0.0,-0.6252788339733711,8.773387691999996,9.42965352879759
2020-12-09 02:30:00,8.773387691999996,8.804375,0.0,-0.6314637269420081,8.773387691999996,9.435838421766228
2020-12-09 02:45:00,8.773387691999996,8.804375,0.0,-0.6457268765703247,8.773387691999996,9.450101571394544
2020-12-09 03:00:00,9.290871425000004,8.821096,0.0,-0.8588673424099219,9.290871425000004,9.679963762698009
2020-12-09 03:15:00,9.290871425000004,9.464822,0.0,-0.860272911442098,9.290871425000004,10.325094726932821
2020-12-09 03:30:00,9.290871425000004,9.464822,0.0,-0.8594277582263913,9.290871425000004,10.324249573717115
2020-12-09 03:45:00,9.290871425000004,9.464822,0.0,-0.8325441433576365,9.290871425000004,10.29736595884836
2020-12-09 04:00:00,9.2616836,10.028141,0.0,-0.49758266749819857,9.2616836,10.525723689226714
2020-12-09 04:15:00,9.2616836,9.954055,0.0,-0.4443954853365356,9.2616836,10.398450317795032
2020-12-09 04:30:00,9.2616836,9.954055,0.0,-0.4031578278633924,9.2616836,10.357212660321888
2020-12-09 04:45:00,9.2616836,9.954055,0.0,-0.35851076606019394,9.2616836,10.31256559851869
2020-12-09 05:00:00,16.941250208,20.694849,0.0,1.7450597631372942,16.941250208,18.94978925114493
2020-12-09 05:15:00,26.941250208,29.476812,0.0,2.3551395014717946,26.941250208,27.121672861199105
2020-12-09 05:30:00,15.941250208000001,15.426603,0.0,2.54329055216501,15.941250208000001,12.883312765095733
2020-12-09 05:45:00,5.941250208000001,7.4367337,0.0,2.0272476897562255,5.941250208000001,5.409486032930542
2020-12-09 06:00:00,10.760972974000001,9.1585655,0.0,9.68056016587106,10.760972974000001,-0.5219946446308263
2020-12-09 06:15:00,10.760972974000001,11.319439,0.0,13.834421824107157,10.760972974000001,-2.5149828897809847
2020-12-09 06:30:00,10.760972974000001,11.281977,0.0,9.985275251282829,10.760972974000001,1.2967014485462727
2020-12-09 06:45:00,10.760972974000001,11.288046,0.0,7.42879079014112,10.760972974000001,3.859255093037591
2020-12-09 07:00:00,21.600408140000003,15.752599,0.0,13.816909669477319,21.600408140000003,1.9356890930348882
2020-12-09 07:15:00,21.600408140000003,21.199907,0.997828925119706,15.307604606753335,20.602579214880297,5.89230269610311
2020-12-09 07:30:00,21.600408140000003,21.199907,1.7779630984669772,16.32481791667785,19.822445041533026,4.875089386178594
2020-12-09 07:45:00,21.600408140000003,21.567083,2.491815118180138,16.805318169676607,19.108593021819864,4.761765189088042
2020-12-09 08:00:00,36.549302143000006,24.799355,9.763601505372465,20.20215928239851,26.785700637627542,4.597195270824145
2020-12-09 08:15:00,47.549302143000006,43.76892,17.331953100179295,28.573921498633368,30.21734904282071,15.194999399804132
2020-12-09 08:30:00,47.549302143000006,45.31895,30.548717463510705,35.798638021349355,17.0005846794893,9.520312631726817
2020-12-09 08:45:00,44.549302143000006,43.36184,32.25364221205673,48.64123147204773,12.295659930943273,-5.279392177614135
2020-12-09 09:00:00,29.085194942999987,35.032864,26.364850785677486,53.089775702055924,2.7203441573225007,-18.056912085112565
2020-12-09 09:15:00,40.08519494299999,41.52025,22.416406634095132,50.408631536293946,17.66878830890486,-8.888383123208008
2020-12-09 09:30:00,47.08519494299999,45.31248,40.63471421641571,48.75881693360826,6.450480726584281,-3.4463360070945868
2020-12-09 09:45:00,40.08519494299999,39.369755,49.343278328214204,64.62916077478258,-9.258083385214213,-25.25940598352281
2020-12-09 10:00:00,21.320871507,29.744104,40.35217876560831,68.49500432820894,-19.031307258608308,-38.75089994283296
2020-12-09 10:15:00,21.320871507,22.935038,22.55174941239541,66.13101046494873,-1.2308779053954098,-43.19597285203369
2020-12-09 10:30:00,21.320871507,22.815174,16.232547697471425,56.3462841712223,5.088323809528575,-33.5311100684391
2020-12-09 10:45:00,21.320871507,23.0552,13.750469247325444,52.53714009471187,7.570402259674555,-29.481939517929646
2020-12-09 11:00:00,21.912317458999993,21.045126,32.10723467780782,49.57733865663555,-10.194917218807824,-28.532212695331836
2020-12-09 11:15:00,21.912317458999993,21.587086,43.802154733330404,62.36155249546043,-21.88983727433041,-40.77446677158348
2020-12-09 11:30:00,21.912317458999993,21.687746,51.412148180873466,71.05500306916643,-29.499830721873472,-49.3672570211928
2020-12-09 11:45:00,21.912317458999993,21.678053,58.73526826492692,77.71422632816245,-36.82295080592693,-56.036173425940774
2020-12-09 12:00:00,22.871908152000003,21.16305,69.39373234215695,77.68889983242069,-46.52182419015695,-56.52585013454471
2020-12-09 12:15:00,22.871908152000003,22.500216,61.381882763932005,84.40228868999432,-38.509974611932,-61.902073159598814
2020-12-09 12:30:00,33.871908152,31.43627,30.288136533775184,77.21955394816686,3.5837716182248194,-45.783284188035026
2020-12-09 12:45:00,33.871908152,34.655464,16.44866000786462,51.867482269202554,17.423248144135382,-17.212018096839273
2020-12-09 13:00:00,21.582603142,24.085218,12.987595143477797,37.6451636237793,8.595007998522203,-13.559945194213867
2020-12-09 13:15:00,21.582603142,21.466772,5.3334271598588225,37.19740080260942,16.24917598214118,-15.730628723141649
2020-12-09 13:30:00,32.582603141999996,30.802835,12.979816802191461,28.06541450153563,19.602786339808535,2.7374209629419077
2020-12-09 13:45:00,32.582603141999996,33.98589,75.61360767996588,29.523768209265288,-43.031004537965885,4.462121225549165
2020-12-09 14:00:00,39.461061572000006,37.85265,29.651752037061133,62.56565668576455,9.809309534938873,-24.71300699704385
2020-12-09 14:15:00,30.46106157200001,30.963312,16.900197871316603,31.721602834906648,13.560863700683406,-0.7582906858587961
2020-12-09 14:30:00,21.46106157200001,19.86372,11.334313591332272,22.062254249908058,10.126747980667737,-2.198534309722511
2020-12-09 14:45:00,19.46106157200001,19.142479,6.011023334277315,19.64811332377937,13.450038237722694,-0.5056343809082762
2020-12-09 15:00:00,18.054199525000005,18.36895,8.395311139427294,10.636468636837819,9.65888838557271,7.7324812532989
2020-12-09 15:15:00,18.054199525000005,17.520039,2.7686940143322984,10.772182839735418,15.285505510667706,6.74785576500091
2020-12-09 15:30:00,18.054199525000005,17.646015,0.954706031975843,8.446310618896526,17.099493493024163,9.199704548339803
2020-12-09 15:45:00,29.054199525000005,27.959366,0.0,7.1595918313392515,29.054199525000005,20.79977401338731
2020-12-09 16:00:00,25.932540188000004,22.164402,0.0,3.1688265405996363,25.932540188000004,18.995575467457005
2020-12-09 16:15:00,22.932540188000004,24.309484,0.0,2.7394109406806644,22.932540188000004,21.57007354113086
2020-12-09 16:30:00,33.932540188000004,33.78417,0.0,2.544576636024958,33.932540188000004,31.239591607383247
2020-12-09 16:45:00,33.932540188000004,36.52876,0.0,1.8714691974979898,33.932540188000004,34.65728980518756
2020-12-09 17:00:00,39.828875337,37.474556,0.0,0.5116386804516811,39.828875337,36.9629172887866
2020-12-09 17:15:00,39.828875337,39.64978,0.0,0.3912986693303421,39.828875337,39.25848160410716
2020-12-09 17:30:00,61.828875337,55.437702,0.45511932775586456,0.46022103433104433,61.37375600924413,54.977481144624036
2020-12-09 17:45:00,72.828875337,62.62813,1.0492430335719887,0.2550337522025189,71.77963230342802,62.37309811425256
2020-12-09 18:00:00,79.28234730899999,70.87773,0.0,-0.5168846454568686,79.28234730899999,71.39461596869906
2020-12-09 18:15:00,52.28234730899999,51.67987,0.0,-0.9144609966122711,52.28234730899999,52.59433160208102
2020-12-09 18:30:00,36.28234730899999,35.37156,0.0,-1.0101358530131632,36.28234730899999,36.38169499607957
2020-12-09 18:45:00,35.28234730899999,35.869995,0.0,-1.0514494417332072,35.28234730899999,36.921444558920705
2020-12-09 19:00:00,30.529368380999994,32.851135,0.0,-1.0201803396973572,30.529368380999994,33.871315593603605
2020-12-09 19:15:00,30.529368380999994,29.505257,0.0,-1.0250438038859366,30.529368380999994,30.530300456717967
2020-12-09 19:30:00,52.529368381,50.787117,0.0,-1.1622624875311134,52.529368381,51.94937949192565
2020-12-09 19:45:00,52.529368381,51.891346,0.0,-1.1649950013180357,52.529368381,53.056340979101236
2020-12-09 20:00:00,44.38987738799999,41.687866,0.0,-1.2301052101707013,44.38987738799999,42.9179714211082
2020-12-09 20:15:00,41.38987738799999,39.2451,0.0,-1.153645985295495,41.38987738799999,40.39874409930917
2020-12-09 20:30:00,41.38987738799999,39.45689,0.0,-1.0286063360129,41.38987738799999,40.48549644221407
2020-12-09 20:45:00,41.38987738799999,39.734222,0.0,-0.8844750008221186,41.38987738799999,40.618697412931496
2020-12-09 21:00:00,37.419726790000006,45.335323,0.0,-0.7171346831433435,37.419726790000006,46.05245801688358
2020-12-09 21:15:00,43.419726790000006,43.54451,0.0,-0.6844245347626724,43.419726790000006,44.22893442245798
2020-12-09 21:30:00,65.41972679,63.756348,0.0,-0.6908345826328591,65.41972679,64.44718223888286
2020-12-09 21:45:00,54.81972678999998,57.252823,0.0,-0.6225333263233451,54.81972678999998,57.875356202299905
2020-12-09 22:00:00,43.61222116299999,44.725906,0.0,-0.5489259728343622,43.61222116299999,45.274832344904674
2020-12-09 22:15:00,43.61222116299999,42.55293,0.0,-0.49221047098229775,43.61222116299999,43.04513939554285
2020-12-09 22:30:00,33.61222116299999,34.077873,0.0,-0.30634090784540036,33.61222116299999,34.38421413782587
2020-12-09 22:45:00,21.612221162999987,21.222029,0.0,-0.30727878825858845,21.612221162999987,21.529307520558394
2020-12-09 23:00:00,15.084768640000004,18.056643,0.0,-0.48655985484898523,15.084768640000004,18.543202387197617
2020-12-09 23:15:00,15.084768640000004,15.458299,0.0,-0.48450293773312325,15.084768640000004,15.942801620899628
2020-12-09 23:30:00,15.084768640000004,15.569408,0.0,-0.515523917059647,15.084768640000004,16.084932333807693
2020-12-09 23:45:00,15.084768640000004,15.416215,0.0,-0.544403994095764,15.084768640000004,15.960618937027894
2020-12-10 00:00:00,8.314268369999997,10.639356,0.0,-0.9371614112644223,8.314268369999997,11.576517070749286
2020-12-10 00:15:00,8.314268369999997,8.063581,0.0,-0.8563830256687793,8.314268369999997,8.919964492343585
2020-12-10 00:30:00,8.314268369999997,8.063581,0.0,-0.8010033166164493,8.314268369999997,8.864584783291255
2020-12-10 00:45:00,8.314268369999997,8.063581,0.0,-0.8007006599597527,8.314268369999997,8.864282126634558
2020-12-10 01:00:00,7.627181631000002,6.9734526,0.0,-0.9328294358240249,7.627181631000002,7.906282003878224
2020-12-10 01:15:00,7.627181631000002,7.8902936,0.0,-0.8966941158525393,7.627181631000002,8.786987714027589
2020-12-10 01:30:00,7.627181631000002,7.55999,0.0,-0.8650752614625424,7.627181631000002,8.425065190661762
2020-12-10 01:45:00,7.627181631000002,7.6136184,0.0,-0.8566539382969341,7.627181631000002,8.470272312167785
2020-12-10 02:00:00,8.558169318000001,8.117934,0.0,-0.6032172852088024,8.558169318000001,8.72115151219855
2020-12-10 02:15:00,8.558169318000001,8.321908,0.0,-0.6143520487321218,8.558169318000001,8.93626004586347
2020-12-10 02:30:00,8.558169318000001,8.321908,0.0,-0.6299761899162944,8.558169318000001,8.951884187047643
2020-12-10 02:45:00,8.558169318000001,8.321908,0.0,-0.6425456151240986,8.558169318000001,8.964453612255447
2020-12-10 03:00:00,8.726857889000001,8.323176,0.0,-0.3903143915136039,8.726857889000001,8.713490775485772
2020-12-10 03:15:00,8.726857889000001,8.58914,0.0,-0.3798666445589617,8.726857889000001,8.969006582913455
2020-12-10 03:30:00,8.726857889000001,8.581314,0.0,-0.372183542863482,8.726857889000001,8.953497629777544
2020-12-10 03:45:00,8.726857889000001,8.536094,0.0,-0.35807330004659044,8.726857889000001,8.894167011899619
2020-12-10 04:00:00,6.70894109,9.218095,0.0,0.19848287943274812,6.70894109,9.019611946311882
2020-12-10 04:15:00,6.70894109,7.333082,0.0,0.13826980979193582,6.70894109,7.194812389304744
2020-12-10 04:30:00,6.70894109,7.333082,0.0,0.12651814800714944,6.70894109,7.20656405108953
2020-12-10 04:45:00,6.70894109,7.333082,0.0,0.11553721479341916,6.70894109,7.21754498430326
2020-12-10 05:00:00,8.124235124999998,6.9266458,0.0,3.9106981170080584,8.124235124999998,3.015947638759764
2020-12-10 05:15:00,8.124235124999998,8.379732,0.0,4.553721206038111,8.124235124999998,3.8260109259198964
2020-12-10 05:30:00,8.124235124999998,8.371289,0.0,3.9849124298269314,8.124235124999998,4.386376823407932
2020-12-10 05:45:00,8.124235124999998,8.371289,0.0,3.4588448000678906,8.124235124999998,4.912444453166973
2020-12-10 06:00:00,10.739151741999999,10.073037,0.0,13.084718226584819,10.739151741999999,-3.0116810790628463
2020-12-10 06:15:00,10.739151741999999,11.165376,0.0,11.866698344664721,10.739151741999999,-0.7013226351310298
2020-12-10 06:30:00,10.739151741999999,11.080287,0.0,13.48457377673783,10.739151741999999,-2.4042867970625377
2020-12-10 06:45:00,21.739151741999997,21.80758,0.0,13.201170972834236,21.739151741999997,8.60640997504174
2020-12-10 07:00:00,34.78202542000001,27.401894,0.0,17.507874794749128,34.78202542000001,9.894018820973528
2020-12-10 07:15:00,34.78202542000001,35.067772,0.0,18.34991697115411,34.78202542000001,16.717854940466985
2020-12-10 07:30:00,34.78202542000001,35.067772,0.9553636278880252,18.107468220938976,33.826661792111985,16.960303690682117
2020-12-10 07:45:00,28.58202542000002,29.123564,2.914325657914472,23.36139345964392,25.667699762085547,5.762170306835571
2020-12-10 08:00:00,37.953765824,32.51889,7.861906982951782,30.00050743207726,30.09185884104822,2.518382948782115
2020-12-10 08:15:00,37.953765824,39.808018,21.25204451809835,37.407950676191895,16.70172130590165,2.4000670545209957
2020-12-10 08:30:00,48.75376582400001,48.8044,28.35587983167237,48.158476607159564,20.39788599232764,0.6459247905455143
2020-12-10 08:45:00,37.953765824,39.894035,67.10295999158004,54.38281703554101,-29.149194167580035,-14.48878169618554
2020-12-10 09:00:00,56.140140845000005,63.783638,83.99801486030552,80.62279259633277,-27.857874015305512,-16.83915459584449
2020-12-10 09:15:00,47.140140845000005,52.028023,97.31983281411884,97.08279803596126,-50.179691969118835,-45.05477526984798
2020-12-10 09:30:00,42.140140845000005,45.58189,96.12550054835388,116.07272971096927,-53.98535970335388,-70.4908396047681
2020-12-10 09:45:00,36.140140845000005,35.61524,120.2960679885193,117.37632931552793,-84.15592714351929,-81.76109112583066
2020-12-10 10:00:00,24.259212447999996,25.268185,156.9414266037893,142.3896941472839,-132.6822141557893,-117.12150948541867
2020-12-10 10:15:00,23.259212447999996,23.492424,199.085098225045,178.5389114504554,-175.825885777045,-155.04648743922493
2020-12-10 10:30:00,23.259212447999996,23.416475,213.47020576351585,212.90928965311377,-190.21099331551585,-189.49281435709327
2020-12-10 10:45:00,23.259212447999996,23.45931,253.23694184109894,228.86431813611472,-229.97772939309894,-205.4050076044985
2020-12-10 11:00:00,21.847139507,22.851677,157.3139958799693,244.29704129938892,-135.4668563729693,-221.44536435847095
2020-12-10 11:15:00,21.847139507,21.394598,190.7606344610812,190.69650951547317,-168.9134949540812,-169.30191150827102
2020-12-10 11:30:00,21.847139507,21.394598,197.506515613111,219.0168778849518,-175.65937610611098,-197.62227987774966
2020-12-10 11:45:00,21.847139507,21.394598,141.11035760294897,226.72557829466012,-119.26321809594896,-205.33098028745798
2020-12-10 12:00:00,18.754851546999998,22.03584,64.0728350470306,174.0193527866543,-45.31798350003059,-151.98351370584376
2020-12-10 12:15:00,18.754851546999998,19.42824,94.7240755446229,120.78037490550638,-75.9692239976229,-101.35213508311868
2020-12-10 12:30:00,18.754851546999998,19.660515,96.5345732647688,141.31318867786865,-77.7797217177688,-121.65267384632568
2020-12-10 12:45:00,18.754851546999998,19.688103,71.51771498789861,138.67930859349934,-52.76286344089861,-118.99120587133137
2020-12-10 13:00:00,17.170698864,19.18025,63.59627725097484,107.152312003838,-46.42557838697485,-87.97206183599133
2020-12-10 13:15:00,17.170698864,18.26324,54.74499948660402,100.49970794150317,-37.57430062260403,-82.23646712729419
2020-12-10 13:30:00,28.170698864,28.73165,42.9364448805169,88.71391906394621,-14.765746016516903,-59.982269665142496
2020-12-10 13:45:00,28.170698864,28.650654,24.644160947753793,73.0977065794666,3.5265379162462054,-44.447052740355275
2020-12-10 14:00:00,24.995453934,28.511318,20.967858592311067,47.3257673977412,4.027595341688933,-18.814449190954093
2020-12-10 14:15:00,24.995453934,26.399803,22.585657566429223,41.8030453196033,2.4097963675707774,-15.403242157982206
2020-12-10 14:30:00,24.995453934,26.393734,11.405702481484633,37.3744026207186,13.589751452515367,-10.980668642447114
2020-12-10 14:45:00,24.995453934,26.536516,6.91398001808363,25.3353604388492,18.08147391591637,1.2011557507259951
2020-12-10 15:00:00,27.490400042000005,26.501757,1.64590065696477,16.12406762783671,25.844499385035235,10.377689040254111
2020-12-10 15:15:00,27.490400042000005,27.876745,2.193847004611779,10.851845632532878,25.296553037388225,17.024899591466145
2020-12-10 15:30:00,38.490400042000005,38.936195,0.5238079185814053,8.63226907329183,37.9665921234186,30.303926300243326
2020-12-10 15:45:00,49.490400042000005,48.61303,0.0,6.344013733395495,49.490400042000005,42.26901574658498
2020-12-10 16:00:00,44.21379572500001,42.092113,0.0,2.693504271847777,44.21379572500001,39.39860922302527
2020-12-10 16:15:00,34.21379572500001,33.86566,0.0,1.9592363056465976,34.21379572500001,31.90642531544715
2020-12-10 16:30:00,45.21379572500001,44.670506,0.0,1.457741040940106,45.21379572500001,43.212764482741534
2020-12-10 16:45:00,38.21379572500001,42.494507,0.0,0.6430219794829996,38.21379572500001,41.8514848564545
2020-12-10 17:00:00,45.61871115100001,36.257645,0.0,-0.4032789893501586,45.61871115100001,36.66092364267047
2020-12-10 17:15:00,39.61871115100001,39.39292,0.0,-0.5069300542814076,39.61871115100001,39.89985150203531
2020-12-10 17:30:00,34.61871115100001,33.901745,0.0,-0.8123825959220411,34.61871115100001,34.714127438451335
2020-12-10 17:45:00,34.61871115100001,34.631775,0.0,-0.8081820595376864,34.61871115100001,35.439956961881435
2020-12-10 18:00:00,34.887229291999994,40.162937,0.0,-1.1027716900862012,34.887229291999994,41.26570885439284
2020-12-10 18:15:00,34.887229291999994,35.18915,0.0,-1.0465986409678356,34.887229291999994,36.23575040488385
2020-12-10 18:30:00,45.887229291999994,45.796814,0.0,-1.0252737894316146,45.887229291999994,46.822087754275366
2020-12-10 18:45:00,56.887229291999994,57.4738,0.0,-1.0564194353914944,56.887229291999994,58.530220094571185
2020-12-10 19:00:00,48.947546139999986,53.45587,0.0,-0.9103963770267846,48.947546139999986,54.366267959058035
2020-12-10 19:15:00,37.947546139999986,38.318085,0.0,-0.8536456282333048,37.947546139999986,39.17173034503018
2020-12-10 19:30:00,29.94754613999999,31.758364,0.0,-0.842121889968385,29.94754613999999,32.600485613723265
2020-12-10 19:45:00,29.94754613999999,29.731033,0.0,-0.762479018554589,29.94754613999999,30.493512343749902
2020-12-10 20:00:00,29.687914205000002,29.4414,0.0,-0.6418355011605384,29.687914205000002,30.08323602911464
2020-12-10 20:15:00,51.687914205,50.407803,0.0,-0.6667919080426553,51.687914205,51.074594489829764
2020-12-10 20:30:00,54.687914205,53.81708,0.0,-0.6479362644641614,54.687914205,54.46501771588018
2020-12-10 20:45:00,36.687914205,36.197094,0.0,-0.562169450604798,36.687914205,36.759263414227846
2020-12-10 21:00:00,24.68249725,27.3496,0.0,-0.4591369805215165,24.68249725,27.808736818778353
2020-12-10 21:15:00,24.68249725,23.703566,0.0,-0.37069787316915204,24.68249725,24.074263470703333
2020-12-10 21:30:00,24.68249725,24.21667,0.0,-0.42473058469881864,24.68249725,24.64139966734042
2020-12-10 21:45:00,24.68249725,23.447975,0.0,-0.40964167452106104,24.68249725,23.857616833212468
2020-12-10 22:00:00,20.967431498,22.86246,0.0,-0.38444170084072404,20.967431498,23.246900883579983
2020-12-10 22:15:00,31.967431498,31.473373,0.0,-0.39270198870691,31.967431498,31.86607540179285
2020-12-10 22:30:00,31.967431498,32.43287,0.0,-0.31087983162066124,31.967431498,32.74374878914019
2020-12-10 22:45:00,31.967431498,32.578377,0.0,-0.24313798343530302,31.967431498,32.821514753454835
2020-12-10 23:00:00,19.047290408,20.662666,0.0,-0.25655021617829654,19.047290408,20.91921653697908
2020-12-10 23:15:00,16.047290408,15.421388,0.0,-0.1868150356307804,16.047290408,15.608202708055098
2020-12-10 23:30:00,16.047290408,15.825429,0.0,-0.19963142929060596,16.047290408,16.025060391998124
2020-12-10 23:45:00,16.047290408,15.825429,0.0,-0.18776005879247493,16.047290408,16.013189021499993
2020-12-11 00:00:00,10.064281381,12.428799,0.0,-0.7466858812270277,10.064281381,13.175484556764138
2020-12-11 00:15:00,10.064281381,9.458202,0.0,-0.6777864902567529,10.064281381,10.1359888523173
2020-12-11 00:30:00,10.064281381,9.373114,0.0,-0.6402337954094907,10.064281381,10.01334742761164
2020-12-11 00:45:00,10.064281381,9.373114,0.0,-0.6364197235106178,10.064281381,10.009533355712767
2020-12-11 01:00:00,9.209393475999999,8.243726,0.0,-0.7700729051829064,9.209393475999999,9.01379868185527
2020-12-11 01:15:00,20.209393476,20.799978,0.0,-0.7517527827594811,20.209393476,21.551731038985068
2020-12-11 01:30:00,20.209393476,20.477278,0.0,-0.7217509645106502,20.209393476,21.199028720247956
2020-12-11 01:45:00,20.209393476,20.655748,0.0,-0.7318779650531876,20.209393476,21.387626332362757
2020-12-11 02:00:00,21.834317220000003,20.884653,0.0,-0.21928912888650054,21.834317220000003,21.103942220317165
2020-12-11 02:15:00,18.834317220000003,20.256872,0.0,0.21161474198752195,18.834317220000003,20.045257435136502
2020-12-11 02:30:00,10.83431722,11.205335,0.0,0.08811269715056624,10.83431722,11.117221966240548
2020-12-11 02:45:00,10.83431722,10.2115345,0.0,-0.10393551197879447,10.83431722,10.315470012100866
2020-12-11 03:00:00,11.286950573999999,10.228256,0.0,0.5793373112085901,11.286950573999999,9.648918914377347
2020-12-11 03:15:00,11.286950573999999,10.765826,0.0,0.317584104785987,11.286950573999999,10.448242120494776
2020-12-11 03:30:00,11.286950573999999,10.765826,0.0,-0.1986233132428793,11.286950573999999,10.964449538523642
2020-12-11 03:45:00,11.286950573999999,10.765826,0.0,-0.18905734777180438,11.286950573999999,10.954883573052566
2020-12-11 04:00:00,10.424585445,10.895209,0.0,0.3098961255002014,10.424585445,10.585313186938764
2020-12-11 04:15:00,21.424585444999998,20.636896,0.0,0.4721236212927219,21.424585444999998,20.16477251213013
2020-12-11 04:30:00,21.424585444999998,20.973341,0.0,1.3163854840887925,21.424585444999998,19.65695550407039
2020-12-11 04:45:00,21.424585444999998,20.936401,0.0,1.375981872912484,21.424585444999998,19.560419494275017
2020-12-11 05:00:00,12.977550802999998,15.747827,0.0,4.237261911414166,12.977550802999998,11.510564664818745
2020-12-11 05:15:00,8.977550802999998,10.244214,0.0,6.702325233836157,8.977550802999998,3.5418888240862065
2020-12-11 05:30:00,8.977550802999998,9.055591,0.0,6.326485931044382,8.977550802999998,2.7291046985332548
2020-12-11 05:45:00,8.977550802999998,9.158357,0.0,6.29671173573524,8.977550802999998,2.8616449308297014
2020-12-11 06:00:00,15.990713122000004,10.271907,0.0,15.550613647541415,15.990713122000004,-5.2787067948192465
2020-12-11 06:15:00,15.990713122000004,15.840998,0.0,14.906713540859837,15.990713122000004,0.9342841550630148
2020-12-11 06:30:00,15.990713122000004,15.840998,0.0,14.877017754366282,15.990713122000004,0.9639799415565697
2020-12-11 06:45:00,15.990713122000004,15.840998,0.0,15.790650231856631,15.990713122000004,0.05034746406622048
2020-12-11 07:00:00,28.300176001000015,21.685795,0.0,24.856686576753162,28.300176001000015,-3.1708917464308968
2020-12-11 07:15:00,28.300176001000015,27.145864,0.0,25.693058888506066,28.300176001000015,1.4528055981882702
2020-12-11 07:30:00,28.300176001000015,27.145864,0.0,25.635727432351718,28.300176001000015,1.5101370543426178
2020-12-11 07:45:00,28.300176001000015,27.212357,1.0054189606278623,25.596506625826688,27.294757040372154,1.6158499415561245
2020-12-11 08:00:00,47.36247025599999,34.20827,3.020973318934167,30.928323253339414,44.34149693706582,3.279947773271914
2020-12-11 08:15:00,47.36247025599999,45.505066,4.787618723495004,34.016199499584175,42.57485153250499,11.488866418384575
2020-12-11 08:30:00,47.36247025599999,45.505066,25.425719816145364,36.902527608942826,21.936750439854624,8.602538309025924
2020-12-11 08:45:00,47.36247025599999,45.6992,34.72735139232651,54.7311495725225,12.635118863673476,-9.031949896008825
2020-12-11 09:00:00,32.43285733400001,41.684994,39.934645060537775,60.55827497799815,-7.5017877265377635,-18.87328123410167
2020-12-11 09:15:00,32.43285733400001,30.376284,55.09310931396201,68.28030697947958,-22.660251979962,-37.90402333384969
2020-12-11 09:30:00,32.43285733400001,30.40687,27.517611128008006,84.0946330373965,4.9152462059920055,-53.68776314909084
2020-12-11 09:45:00,32.43285733400001,29.987965,60.89248144417902,65.54176580433155,-28.459624110179007,-35.553801174204594
2020-12-11 10:00:00,30.052781479000007,28.920067,107.97993945367968,86.1353390448568,-77.92715797467967,-57.21527221136071
2020-12-11 10:15:00,41.052781479000004,37.716316,129.1734370912941,123.84026362645155,-88.12065561229409,-86.12394740330701
2020-12-11 10:30:00,41.052781479000004,39.201946,84.58920226448271,137.50610662755776,-43.536420785482704,-98.30416036901283
2020-12-11 10:45:00,41.052781479000004,38.940174,100.19739685677666,108.1818311480538,-59.14461537777666,-69.2416570452706
2020-12-11 11:00:00,34.574150970000005,34.75431,115.84747179745581,118.9353982821801,-81.2733208274558,-84.18108767426995
2020-12-11 11:15:00,26.57415097,24.983353,113.25768838664959,137.4938361758686,-86.68353741664959,-112.5104835147358
2020-12-11 11:30:00,26.57415097,25.47394,78.14585960096103,137.78650918309057,-51.57170863096103,-112.31256928746069
2020-12-11 11:45:00,26.57415097,25.577827,55.40594717563303,112.96485691604106,-28.83179620563303,-87.38702946242778
2020-12-11 12:00:00,21.882130503000003,25.216543,78.56357937806337,89.50230393616813,-56.68144887506337,-64.2857607385363
2020-12-11 12:15:00,21.882130503000003,21.37552,129.81457502437098,109.19134663075894,-107.93244452137098,-87.81582592458219
2020-12-11 12:30:00,21.882130503000003,21.37552,119.34486628375858,144.58869443706556,-97.46273578075858,-123.2131737308888
2020-12-11 12:45:00,21.882130503000003,21.37552,96.17286857121142,135.985822301417,-74.29073806821143,-114.61030159524023
2020-12-11 13:00:00,16.625946744000004,21.174896,144.9295125110914,111.06295985581609,-128.30356576709138,-89.88806361558171
2020-12-11 13:15:00,16.625946744000004,16.962034,117.3846109346679,143.88609793971898,-100.7586641906679,-126.92406371425511
2020-12-11 13:30:00,16.625946744000004,16.962034,69.67983023061203,124.67698264363207,-53.05388348661202,-107.7149484181682
2020-12-11 13:45:00,16.625946744000004,16.962034,45.07935829916476,88.99604095750236,-28.453411555164756,-72.03400673203849
2020-12-11 14:00:00,16.747610194000004,16.04229,34.89665650669177,61.5406048467694,-18.149046312691766,-45.49831511288268
2020-12-11 14:15:00,16.747610194000004,16.054092,32.05822809918237,50.785373189044805,-15.310617905182369,-34.73128078181824
2020-12-11 14:30:00,16.747610194000004,16.054092,23.303406663822702,44.91722603123303,-6.555796469822699,-28.863133624006466
2020-12-11 14:45:00,16.747610194000004,16.201338,9.697999449017033,35.57933985776148,7.049610744982971,-19.378002043430428
2020-12-11 15:00:00,15.590926156999998,16.726837,2.594688066084733,16.782598477195506,12.996238090915266,-0.05576131899238135
2020-12-11 15:15:00,15.590926156999998,16.012882,1.760215123226791,11.58772693269984,13.830711033773207,4.425155299966175
2020-12-11 15:30:00,15.590926156999998,16.184175,1.5114052546472385,9.854247724300635,14.07952090235276,6.329927767032373
2020-12-11 15:45:00,15.590926156999998,16.18303,0.0,7.828643522597688,15.590926156999998,8.354385652207
2020-12-11 16:00:00,21.364093717000003,17.90239,0.0,3.27973053488326,21.364093717000003,14.622658991483927
2020-12-11 16:15:00,21.364093717000003,22.743347,0.0,2.508621874274236,21.364093717000003,20.234725293694513
2020-12-11 16:30:00,21.364093717000003,22.704575,0.0,1.5523992622851086,21.364093717000003,21.15217532267583
2020-12-11 16:45:00,21.364093717000003,22.885174,0.0,1.1609995270207545,21.364093717000003,21.724174270586666
2020-12-11 17:00:00,28.543381683999996,24.270628,0.0,-0.3786033125352627,28.543381683999996,24.64923128799913
2020-12-11 17:15:00,28.543381683999996,29.327156,0.0,-0.41939699789738427,28.543381683999996,29.746553064791915
2020-12-11 17:30:00,39.543381683999996,43.163094,0.0,-0.2947103771848322,39.543381683999996,43.457803944079366
2020-12-11 17:45:00,39.543381683999996,43.127197,0.0,-0.6269379623031909,39.543381683999996,43.75413522792819
2020-12-11 18:00:00,52.686607443,47.833908,0.0,-1.058272807775329,52.686607443,48.89218088883002
2020-12-11 18:15:00,63.686607443,62.945225,0.0,-1.1120493077380074,63.686607443,64.0572740697009
2020-12-11 18:30:00,74.686607443,85.38356,0.0,-1.1837715469542696,74.686607443,86.56733172761834
2020-12-11 18:45:00,87.686607443,91.77178,0.0,-1.2592200950423686,87.686607443,93.03100201642908
2020-12-11 19:00:00,61.49462023499998,64.04667,0.0,-0.9455682804042055,61.49462023499998,64.99223728675186
2020-12-11 19:15:00,49.094620235,45.08925,0.0,-0.7330713233785523,49.094620235,45.822319980605116
2020-12-11 19:30:00,46.094620235,44.701828,0.0,-0.6772297127692603,46.094620235,45.37905771569895
2020-12-11 19:45:00,38.094620235,36.812386,0.0,-0.5873736370944559,38.094620235,37.39975919617649
2020-12-11 20:00:00,38.119907621999985,37.180237,0.0,-0.5169455568052551,38.119907621999985,37.697182373211504
2020-12-11 20:15:00,38.119907621999985,36.80615,0.0,-0.6017474476523886,38.119907621999985,37.40789597670512
2020-12-11 20:30:00,38.119907621999985,36.35846,0.0,-0.6115751459282875,38.119907621999985,36.970034618584535
2020-12-11 20:45:00,38.119907621999985,36.684414,0.0,-0.5298995206100666,38.119907621999985,37.214313430522175
2020-12-11 21:00:00,27.087664477,33.108036,0.0,-0.3365152297818429,27.087664477,33.44455127104161
2020-12-11 21:15:00,38.087664477000004,36.86873,0.0,-0.3724161513989791,38.087664477000004,37.24114478909429
2020-12-11 21:30:00,49.087664477000004,44.880898,0.0,-0.3782874093973724,49.087664477000004,45.25918493137003
2020-12-11 21:45:00,49.087664477000004,47.87074,0.0,-0.401072303193586,49.087664477000004,48.271811286347884
2020-12-11 22:00:00,51.49735016299997,45.949863,0.0,-0.3979210837500943,51.49735016299997,46.34778451758798
2020-12-11 22:15:00,44.097350162999994,39.088417,0.0,-0.2563251679026656,44.097350162999994,39.34474222112532
2020-12-11 22:30:00,55.097350162999994,46.433064,0.0,-0.22901475147845674,55.097350162999994,46.66207825855854
2020-12-11 22:45:00,47.097350162999994,44.79087,0.0,-0.06371007189311684,47.097350162999994,44.854580738397026
2020-12-11 23:00:00,31.92157125599999,34.28413,0.0,-0.13233412509366993,31.92157125599999,34.41646422152922
2020-12-11 23:15:00,32.92157125599999,31.003439,0.0,-0.16557655771545854,32.92157125599999,31.16901550730042
2020-12-11 23:30:00,32.92157125599999,31.387667,0.0,-0.08026487340415678,32.92157125599999,31.467931575674665
2020-12-11 23:45:00,32.92157125599999,31.362986,0.0,-0.10707638095196892,32.92157125599999,31.470061991913884
2020-12-12 00:00:00,28.310127107000003,24.190912,0.0,-0.8881281192577283,28.310127107000003,25.07904036596183
2020-12-12 00:15:00,28.310127107000003,25.223911,0.0,-0.8276605525550568,28.310127107000003,26.051571837955446
2020-12-12 00:30:00,28.310127107000003,25.212109,0.0,-0.8121202767278702,28.310127107000003,26.024228888788418
2020-12-12 00:45:00,28.310127107000003,25.212109,0.0,-0.8057228133454909,28.310127107000003,26.017831425406037
2020-12-12 01:00:00,22.914290740999995,23.506706,0.0,-0.9194093214592868,22.914290740999995,24.426115559252256
2020-12-12 01:15:00,24.914290740999995,22.901207,0.0,-0.9392376024039538,24.914290740999995,23.840444572618797
2020-12-12 01:30:00,24.914290740999995,23.71264,0.0,-0.962630229277834,24.914290740999995,24.675270991606936
2020-12-12 01:45:00,24.914290740999995,23.76627,0.0,-0.9957891947104286,24.914290740999995,24.76205887854832
2020-12-12 02:00:00,25.182657489999997,23.89588,0.0,0.7178678134549273,25.182657489999997,23.178011932028472
2020-12-12 02:15:00,25.182657489999997,23.88981,0.0,0.730700270489847,25.182657489999997,23.15911029164394
2020-12-12 02:30:00,14.182657489999999,12.933653,0.0,0.43351391129129346,14.182657489999999,12.500138966516325
2020-12-12 02:45:00,14.182657489999999,13.182143,0.0,0.2880763063985733,14.182657489999999,12.894066904966174
2020-12-12 03:00:00,16.800639612999998,13.098961,0.0,1.605766761843359,16.800639612999998,11.493194114621485
2020-12-12 03:15:00,16.800639612999998,15.392303,0.0,1.6174567376555897,16.800639612999998,13.774846729141284
2020-12-12 03:30:00,16.800639612999998,15.442612,0.0,0.9699646733129893,16.800639612999998,14.472647021022949
2020-12-12 03:45:00,16.800639612999998,15.442612,0.0,0.9808423363489379,16.800639612999998,14.461769357987
2020-12-12 04:00:00,14.380367587999999,16.05275,0.5185434434834499,2.45910016035425,13.861824144516548,13.593649473434812
2020-12-12 04:15:00,14.380367587999999,13.692121,0.981575541774558,2.634596370995496,13.398792046225442,11.057524181067492
2020-12-12 04:30:00,14.380367587999999,13.692121,0.47997642369842186,2.7219030033244964,13.900391164301578,10.970217548738493
2020-12-12 04:45:00,14.380367587999999,13.692121,0.0,2.718194808373153,14.380367587999999,10.973925743689836
2020-12-12 05:00:00,14.019795549,13.692121,0.3866843418655529,5.31572599168513,13.633111207134446,8.376394560377857
2020-12-12 05:15:00,14.019795549,13.692121,0.0,5.465258073338201,14.019795549,8.226862478724787
2020-12-12 05:30:00,14.019795549,13.692121,0.0,5.432903325955021,14.019795549,8.259217226107967
2020-12-12 05:45:00,14.019795549,13.692121,0.0,5.531759127757946,14.019795549,8.160361424305043
2020-12-12 06:00:00,21.045302518999993,16.311996,0.0,12.033830015640497,21.045302518999993,4.278166444320441
2020-12-12 06:15:00,21.045302518999993,20.846098,0.0,12.922311151002527,21.045302518999993,7.923786795164466
2020-12-12 06:30:00,21.045302518999993,20.809507,0.0,12.26700256212611,21.045302518999993,8.542504807869006
2020-12-12 06:45:00,21.045302518999993,20.690142,0.0,12.508089471308562,21.045302518999993,8.182052206547883
2020-12-12 07:00:00,31.190438882000006,30.928625,0.0,22.599878451313145,31.190438882000006,8.328746655498378
2020-12-12 07:15:00,42.19043888200001,41.372894,0.8996623684165105,22.88788376718655,41.2907765135835,18.485010519922824
2020-12-12 07:30:00,42.19043888200001,39.83434,3.3292168234827844,23.108551112400818,38.86122205851723,16.725788029444885
2020-12-12 07:45:00,64.19043888200001,60.632664,11.418456377620249,29.366322591079065,52.771982504379764,31.266341135727576
2020-12-12 08:00:00,76.61331565599998,63.240814,28.908555195873106,33.8503270496533,47.70476046012688,29.390487159331073
2020-12-12 08:15:00,86.61331565599998,83.181335,62.951144145714736,56.015242834325285,23.662171510285248,27.166092614893465
2020-12-12 08:30:00,77.61331565599998,78.428734,77.91777436257016,86.71042435038429,-0.3044587065701734,-8.281690524700693
2020-12-12 08:45:00,75.61331565599998,73.43467,99.37979830617678,115.62031661768222,-23.766482650176798,-42.185647123053315
2020-12-12 09:00:00,59.463256619999996,64.83103,139.14615616228136,127.84804454843979,-79.68289954228136,-63.01701274912338
2020-12-12 09:15:00,76.46325662,72.94411,177.19825371471026,174.79533554149984,-100.73499709471027,-101.85122848583578
2020-12-12 09:30:00,76.46325662,75.889786,204.8125239510464,202.37377244634843,-128.3492673310464,-126.48398667974686
2020-12-12 09:45:00,76.46325662,76.15236,162.2416544995187,224.84923191550456,-85.77839787951869,-148.6968729067155
2020-12-12 10:00:00,66.81409634399999,75.22195,184.60261269838367,185.89972107679029,-117.78851635438367,-110.67777436048169
2020-12-12 10:15:00,62.81409634399999,62.519287,223.96748723580677,213.11242336765542,-161.1533908918068,-150.59313625828042
2020-12-12 10:30:00,73.81409634399999,73.626144,197.08737354917972,243.96110239897757,-123.27327720517972,-170.33495798979789
2020-12-12 10:45:00,73.81409634399999,76.00847,144.80210035432418,228.83227291632693,-70.98800401032419,-152.82380428839724
2020-12-12 11:00:00,59.431103117000006,74.53262,124.532788434504,178.79104876956634,-65.10168531750399,-104.25842547855072
2020-12-12 11:15:00,44.431103117000006,48.79503,100.9814396229521,170.68999534329873,-56.55033650595209,-121.8949666567753
2020-12-12 11:30:00,40.431103117000006,41.167645,73.51250087184143,158.85939299581008,-33.08139775484142,-117.69174849507766
2020-12-12 11:45:00,40.431103117000006,42.119995,120.9597835153624,137.1656080044792,-80.5286803983624,-95.0456128872917
2020-12-12 12:00:00,37.964449052000006,40.25355,149.68799778322955,155.34639882321397,-111.72354873122954,-115.09284734005968
2020-12-12 12:15:00,37.964449052000006,40.046753,72.50723308628847,173.79138182705904,-34.54278403428846,-133.74462889737154
2020-12-12 12:30:00,33.964449052000006,37.7896,74.45963249509362,118.62592890231366,-40.49518344309361,-80.83632852999921
2020-12-12 12:45:00,26.964449052000006,27.12609,52.93945839565528,120.64502806819432,-25.975009343655273,-93.51893897212499
2020-12-12 13:00:00,38.658787974999996,38.362877,39.091492281676125,91.58330106342203,-0.43270430667612914,-53.22042417133218
2020-12-12 13:15:00,49.658787974999996,53.5176,15.029225653221197,71.92614201561919,34.6295623217788,-18.408541002435598
2020-12-12 13:30:00,49.658787974999996,54.200905,11.066786414643676,50.269004466230996,38.59200156035632,3.9319003799604104
2020-12-12 13:45:00,43.658787974999996,50.702694,30.227588438246638,45.503754236835,13.431199536753358,5.198939702373984
2020-12-12 14:00:00,34.13210421899997,33.689728,59.39451162965291,44.53837232626143,-25.26240741065294,-10.848644543058306
2020-12-12 14:15:00,28.732104218999993,26.564074,26.172923017576394,54.6189186805088,2.5591812014235984,-28.054845117886728
2020-12-12 14:30:00,28.732104218999993,27.234056,12.624008104146561,34.05852901570005,16.10809611485343,-6.8244725429217326
2020-12-12 14:45:00,28.732104218999993,27.226812,18.3699094645429,23.918330150366252,10.362194754457093,3.3084822123046465
2020-12-12 15:00:00,37.04221858000001,39.169888,18.10759854566305,18.271351391499977,18.934620034336962,20.898536151224633
2020-12-12 15:15:00,37.04221858000001,37.110767,9.433048990422913,16.94141992420167,27.6091695895771,20.16934744030028
2020-12-12 15:30:00,48.04221858000001,47.97691,4.062568867003895,11.46261642467184,43.979649712996114,36.514293212779336
2020-12-12 15:45:00,59.04221858000001,59.044212,0.0,6.602087364301269,59.04221858000001,52.442124977007325
2020-12-12 16:00:00,69.38647080999999,65.14321,0.0,2.205196604820487,69.38647080999999,62.93801475992561
2020-12-12 16:15:00,58.98647081000002,61.718445,0.0,1.2917052578169992,58.98647081000002,60.42673956640175
2020-12-12 16:30:00,47.38647081,48.71543,0.0,0.6198331896841428,47.38647081,48.09559802369476
2020-12-12 16:45:00,47.38647081,45.572372,0.0,0.24358006511902885,47.38647081,45.32879237140441
2020-12-12 17:00:00,59.937638064,56.423656,0.0,-0.7799851215857806,59.937638064,57.20364158520883
2020-12-12 17:15:00,54.937638064,51.3371,0.0,-0.8929796523377888,54.937638064,52.2300806350038
2020-12-12 17:30:00,87.937638064,84.8549,0.0,-0.30935565247834085,87.937638064,85.1642521978885
2020-12-12 17:45:00,86.937638064,89.01242,0.0,-0.4395205332832762,86.937638064,89.45194118758015
2020-12-12 18:00:00,62.650733863000006,70.83427,0.0,-1.4268164572188633,62.650733863000006,72.26108311981652
2020-12-12 18:15:00,56.650733863000006,56.70247,0.0,-1.5408685664770472,56.650733863000006,58.24333743854736
2020-12-12 18:30:00,62.650733863000006,68.311165,0.0,-1.5023461404043656,62.650733863000006,69.8135109963614
2020-12-12 18:45:00,67.650733863,69.06019,0.0,-1.5019188965865142,67.650733863,70.56210719004355
2020-12-12 19:00:00,62.359735324000006,69.274704,0.0,-1.3548906844421351,62.359735324000006,70.62959466393433
2020-12-12 19:15:00,73.35973532400001,77.62074,0.0,-1.3371382486459185,73.35973532400001,78.95788104649748
2020-12-12 19:30:00,62.359735324000006,70.71786,0.0,-1.219168101552973,62.359735324000006,71.93702546239281
2020-12-12 19:45:00,62.359735324000006,66.373695,0.0,-1.1656216352419753,62.359735324000006,67.53931700877713
2020-12-12 20:00:00,70.430705593,77.27495,0.0,-1.0891522056670722,70.430705593,78.36410032578426
2020-12-12 20:15:00,53.43070559299999,57.541477,0.0,-1.0258594580724596,53.43070559299999,58.5673366614416
2020-12-12 20:30:00,47.43070559299999,47.76386,0.0,-1.0455043927601109,47.43070559299999,48.809363187926124
2020-12-12 20:45:00,37.43070559299999,37.478558,0.0,-1.0332368719129805,37.43070559299999,38.511794458582905
2020-12-12 21:00:00,31.636270122999996,34.278595,0.0,-0.9328629838609831,31.636270122999996,35.21145795456411
2020-12-12 21:15:00,31.636270122999996,30.342793,0.0,-1.0138741863595415,31.636270122999996,31.35666669734587
2020-12-12 21:30:00,31.636270122999996,30.486847,0.0,-0.9906446462243884,31.636270122999996,31.477491570052514
2020-12-12 21:45:00,41.636270122999996,42.71632,0.0,-0.9329579124874626,41.636270122999996,43.64927795032926
2020-12-12 22:00:00,39.48801407500001,41.990208,0.0,-0.9169723484491544,39.48801407500001,42.9071800205683
2020-12-12 22:15:00,39.48801407500001,41.758186,0.0,-0.8448201611927085,39.48801407500001,42.60300650152474
2020-12-12 22:30:00,39.48801407500001,41.704556,0.0,-0.8515242048598309,39.48801407500001,42.55607971633444
2020-12-12 22:45:00,39.48801407500001,41.813408,0.0,-0.7087350601057053,39.48801407500001,42.52214295805492
2020-12-12 23:00:00,34.89918894899999,36.175457,0.0,-0.746354246531369,34.89918894899999,36.92181124726379
2020-12-12 23:15:00,45.89918894899999,47.57462,0.0,-0.8018609190202027,45.89918894899999,48.37648021223309
2020-12-12 23:30:00,40.89918894899999,44.022594,0.0,-0.7268061878816648,40.89918894899999,44.74940063978596
2020-12-12 23:45:00,34.89918894899999,33.314068,0.0,-0.7063819932941541,34.89918894899999,34.02044983387032
2020-12-13 00:00:00,17.369221791,20.454245,0.0,-1.5793005301647485,17.369221791,22.03354514381221
2020-12-13 00:15:00,24.369221791,25.003384,0.0,-1.4745538008413126,24.369221791,26.477937437315923
2020-12-13 00:30:00,24.369221791,26.781816,0.0,-1.4621535544089612,24.369221791,28.243970036952906
2020-12-13 00:45:00,24.369221791,26.805033,0.0,-1.4510753349821242,24.369221791,28.256108065084664
2020-12-13 01:00:00,11.989106215999998,11.869708,0.0,-1.6244376992807785,11.989106215999998,13.494145760499041
2020-12-13 01:15:00,21.989106215999996,22.73088,0.0,-1.4605311862192627,21.989106215999996,24.19141192352395
2020-12-13 01:30:00,21.989106215999996,22.097864,0.0,-1.3759101170476091,21.989106215999996,23.473774268048587
2020-12-13 01:45:00,21.989106215999996,22.151493,0.0,-1.4143600150203062,21.989106215999996,23.565853087530073
2020-12-13 02:00:00,21.581822298,22.4806,0.0,-0.030211538043057762,21.581822298,22.510811895098723
2020-12-13 02:15:00,19.581822298,22.225567,0.0,0.3818951039170021,19.581822298,21.84367176009667
2020-12-13 02:30:00,10.581822297999999,11.649975,0.0,0.18495655488033236,10.581822297999999,11.465018268117715
2020-12-13 02:45:00,10.581822297999999,11.158219,0.0,0.016762791360234952,10.581822297999999,11.141456546103145
2020-12-13 03:00:00,10.817729747999998,11.169992,0.0,0.9812572992192593,10.817729747999998,10.188735147680156
2020-12-13 03:15:00,10.817729747999998,11.188661,0.0,0.8355359815156626,10.817729747999998,10.353124640127405
2020-12-13 03:30:00,10.817729747999998,11.188661,0.0,0.257218862036093,10.817729747999998,10.931441759606974
2020-12-13 03:45:00,10.817729747999998,11.188661,0.0,0.25001789599525537,10.817729747999998,10.938642725647812
2020-12-13 04:00:00,8.440651019999999,11.77298,0.0,0.9443716373152541,8.440651019999999,10.828608099012872
2020-12-13 04:15:00,8.440651019999999,9.855349,0.0,0.9108519178853366,8.440651019999999,8.944496669150796
2020-12-13 04:30:00,8.440651019999999,9.855349,0.0,0.9123234845441236,8.440651019999999,8.94302510249201
2020-12-13 04:45:00,8.440651019999999,9.855349,0.0,0.9488295390639551,8.440651019999999,8.906519047972179
2020-12-13 05:00:00,8.984133221999999,9.957979,0.0,2.1269597287614994,8.984133221999999,7.831019473509008
2020-12-13 05:15:00,8.984133221999999,10.255583,0.0,2.2260352215281696,8.984133221999999,8.029547587920073
2020-12-13 05:30:00,8.984133221999999,10.255583,0.0,2.311784938264985,8.984133221999999,7.943797871183257
2020-12-13 05:45:00,8.984133221999999,10.255583,0.0,2.404535606089108,8.984133221999999,7.851047203359134
2020-12-13 06:00:00,17.820477842,12.3516,0.0,5.780084641566629,17.820477842,6.571515051731711
2020-12-13 06:15:00,17.820477842,19.895317,0.0,6.495452404773598,17.820477842,13.39986467286312
2020-12-13 06:30:00,17.820477842,19.895317,0.0,6.646014639106192,17.820477842,13.249302438530528
2020-12-13 06:45:00,17.820477842,19.895317,0.0,6.795935975725132,17.820477842,13.099381101911586
2020-12-13 07:00:00,26.867072867999994,30.0093,0.0,12.864744466562192,26.867072867999994,17.1445557653714
2020-12-13 07:15:00,26.867072867999994,28.922956,0.0,13.27254204971452,26.867072867999994,15.650414416960285
2020-12-13 07:30:00,26.867072867999994,28.597015,0.9515958227149519,13.381866571200277,25.91547704528504,15.215148809659098
2020-12-13 07:45:00,26.867072867999994,28.642366,5.24426368902441,15.094902456828374,21.622809178975583,13.547463952473384
2020-12-13 08:00:00,39.789889864,41.748787,7.713536094209021,22.429798740693602,32.076353769790984,19.31898818557593
2020-12-13 08:15:00,39.789889864,42.458244,11.61459403280283,26.01941916787043,28.175295831197175,16.438825155860037
2020-12-13 08:30:00,39.789889864,42.51592,15.596126380015315,30.96819004799594,24.19376348398469,11.547728683693514
2020-12-13 08:45:00,39.789889864,42.671642,43.93113252742299,37.211696363523,-4.141242663422986,5.4599459399438
2020-12-13 09:00:00,39.26181435400001,39.877975,50.726956478816334,59.079621179910475,-11.465142124816325,-19.201645716043288
2020-12-13 09:15:00,39.26181435400001,40.130764,42.47282520293669,66.5504990055056,-3.211010848936681,-26.41973499793724
2020-12-13 09:30:00,39.26181435400001,39.801117,54.80515341789176,63.53843768179502,-15.54333906389175,-23.737320738435642
2020-12-13 09:45:00,39.26181435400001,39.605133,69.02980289593474,78.09318928530166,-29.767988541934727,-38.48805622866104
2020-12-13 10:00:00,34.07624207999999,39.005894,54.783478554293154,84.59922666997056,-20.70723647429316,-45.59333296269517
2020-12-13 10:15:00,34.07624207999999,34.150482,59.04725459079919,76.32925121933762,-24.9710125107992,-42.178769041603246
2020-12-13 10:30:00,34.07624207999999,34.15209,67.92713384392958,82.97713041987065,-33.85089176392959,-48.825042254587444
2020-12-13 10:45:00,34.07624207999999,34.36968,67.41713276911236,93.17949775315026,-33.34089068911236,-58.809819255835805
2020-12-13 11:00:00,33.053823822000005,32.655045,49.551692082748104,85.11275323639293,-16.4978682607481,-52.45770868072887
2020-12-13 11:15:00,33.053823822000005,31.816172,20.479019255460898,75.6545222390173,12.574804566539107,-43.83835059289913
2020-12-13 11:30:00,33.053823822000005,31.715511,40.6316946707735,54.78072530936491,-7.577870848773493,-23.065213987343427
2020-12-13 11:45:00,33.053823822000005,31.715511,54.157099205449,68.8415525303014,-21.103275383448995,-37.126041208279915
2020-12-13 12:00:00,29.759194290999993,30.518642,32.11738265644409,71.59848481112392,-2.3581883654441,-41.079842385586815
2020-12-13 12:15:00,29.759194290999993,28.416924,28.606226237304348,56.204119410247145,1.1529680536956448,-27.787195887297926
2020-12-13 12:30:00,29.759194290999993,28.485966,28.185046851899553,54.091814288207736,1.5741474391004395,-25.60584855944797
2020-12-13 12:45:00,29.759194290999993,28.501091,23.960459361191436,52.88249979333552,5.798734929808557,-24.38140878991755
2020-12-13 13:00:00,27.278011212999992,28.537561,43.37603465003302,42.984801310137115,-16.098023437033028,-14.447239893511139
2020-12-13 13:15:00,27.278011212999992,26.466507,67.54064728162386,52.8916421983588,-40.26263606862387,-26.42513524035099
2020-12-13 13:30:00,27.278011212999992,26.301233,88.78927430866949,67.22846426899432,-61.5112630956695,-40.92723097736834
2020-12-13 13:45:00,27.278011212999992,26.401676,34.82863627784514,77.87737267731409,-7.55062506484515,-51.47569649933557
2020-12-13 14:00:00,34.469139606,36.972523,36.54142163168401,38.15490504185398,-2.072282025684011,-1.1823823062582761
2020-12-13 14:15:00,34.469139606,35.96368,53.70124360824149,37.54909994898952,-19.232104002241492,-1.5854196816555373
2020-12-13 14:30:00,56.469139606,50.78588,23.199535056714485,47.71989692622868,33.26960454928552,3.0659841162517907
2020-12-13 14:45:00,56.469139606,56.83019,14.903691791164196,25.436696937401283,41.56544781483581,31.39349181381942
2020-12-13 15:00:00,57.780807134,57.596,8.812790595362127,15.120641494980514,48.96801653863787,42.4753591764062
2020-12-13 15:15:00,31.780807134000003,35.08157,4.570197299447465,9.775203328987933,27.21060983455254,25.306366342642924
2020-12-13 15:30:00,33.780807134,34.63403,0.8858231118844206,7.313597456364637,32.89498402211558,27.320431932063098
2020-12-13 15:45:00,33.780807134,35.487854,0.0,5.510461067349757,33.780807134,29.97739293655649
2020-12-13 16:00:00,54.74377824100001,48.921394,0.0,2.7013756520002277,54.74377824100001,46.2200186961443
2020-12-13 16:15:00,64.743778241,65.52839,0.0,3.6371016224849013,64.743778241,61.89128735456588
2020-12-13 16:30:00,53.74377824100001,57.548775,0.0,3.232061953165007,53.74377824100001,54.31671276607327
2020-12-13 16:45:00,68.743778241,69.79383,0.0,3.25221634346091,68.743778241,66.54161452812112
2020-12-13 17:00:00,58.11441284799999,61.22996,0.0,0.0966732589897451,58.11441284799999,61.133288136273926
2020-12-13 17:15:00,60.11441284799999,61.960396,0.0,-0.20573114233471046,60.11441284799999,62.166126955322994
2020-12-13 17:30:00,56.11441284799999,60.10308,0.0,-0.4648784780099354,56.11441284799999,60.567959227521655
2020-12-13 17:45:00,56.11441284799999,60.502117,0.0,-0.5424498204877192,56.11441284799999,61.04456697747014
2020-12-13 18:00:00,60.330777845000014,63.9889,0.0,-0.9418284670356069,60.330777845000014,64.93072769799264
2020-12-13 18:15:00,71.33077784500001,71.00888,0.0,-1.0061487580259358,71.33077784500001,72.0150293732603
2020-12-13 18:30:00,65.33077784500001,65.88578,0.0,-1.135478840598524,65.33077784500001,67.02125917507118
2020-12-13 18:45:00,55.330777845000014,57.28164,0.0,-1.2121880690724263,55.330777845000014,58.49382716819352
2020-12-13 19:00:00,81.01321856,82.6396,0.0,-1.3200018888609604,81.01321856,83.95960454999377
2020-12-13 19:15:00,75.01321856,74.800514,0.0,-1.276247790297611,75.01321856,76.07676201148902
2020-12-13 19:30:00,60.01321856,63.05887,0.0,-1.2167257428686158,60.01321856,64.27559415107174
2020-12-13 19:45:00,54.01321856,56.871544,0.0,-1.2067286247785356,54.01321856,58.07827250905588
2020-12-13 20:00:00,45.144191906,45.202114,0.0,-0.972713689571081,45.144191906,46.17482779479569
2020-12-13 20:15:00,56.144191906,57.00438,0.0,-0.9538154284014598,56.144191906,57.9581947008624
2020-12-13 20:30:00,67.144191906,62.80254,0.0,-0.9466536127867516,67.144191906,63.74919343822621
2020-12-13 20:45:00,67.144191906,63.13678,0.0,-0.9215563803358818,67.144191906,64.05833616549214
2020-12-13 21:00:00,67.374373881,61.816563,0.0,-0.9050190214746855,67.374373881,62.72158167406258
2020-12-13 21:15:00,60.374373881,59.92873,0.0,-0.8393540021101834,60.374373881,60.76808401309651
2020-12-13 21:30:00,56.374373881,55.983982,0.0,-0.7963444185335283,56.374373881,56.78032650471517
2020-12-13 21:45:00,45.374373881,49.567017,0.0,-0.7880490302580113,45.374373881,50.35506563182051
2020-12-13 22:00:00,28.570688047999997,28.773607,0.0,-0.6957202022449788,28.570688047999997,29.469327456273298
2020-12-13 22:15:00,26.570688047999997,27.966833,0.0,-0.7560617918151823,26.570688047999997,28.722894906439205
2020-12-13 22:30:00,37.570688047999994,36.96009,0.0,-0.8080029962935803,37.570688047999994,37.76809363350061
2020-12-13 22:45:00,36.570688047999994,38.527588,0.0,-0.7696880051856435,36.570688047999994,39.29727589581064
2020-12-13 23:00:00,21.575385294999993,24.384727,0.0,-0.8556260775010723,21.575385294999993,25.240353555528415
2020-12-13 23:15:00,32.57538529499999,32.263824,0.0,-0.943049226363967,32.57538529499999,33.20687368925459
2020-12-13 23:30:00,32.57538529499999,32.35503,0.0,-0.8492686120898681,32.57538529499999,33.20429867190432
2020-12-13 23:45:00,32.57538529499999,32.344063,0.0,-0.821562040392613,32.57538529499999,33.165624845568395
2020-12-14 00:00:00,22.87909526499999,27.21726,0.0,-0.7979257533864575,22.87909526499999,28.01518611410423
2020-12-14 00:15:00,22.679095265,22.989351,0.0,-0.7069155114486626,22.679095265,23.69626678403167
2020-12-14 00:30:00,22.679095265,22.77642,0.0,-0.7178667624184342,22.679095265,23.494287355680154
2020-12-14 00:45:00,22.679095265,22.71652,0.0,-0.7257549617981233,22.679095265,23.442275271246366
2020-12-14 01:00:00,20.117877458,21.2786,0.0,-0.07018613776630034,20.117877458,21.348786830515323
2020-12-14 01:15:00,13.117877457999999,11.432686,0.0,-0.25872905852275097,13.117877457999999,11.691414910573533
2020-12-14 01:30:00,9.117877457999999,9.607868,0.0,-0.5421272638339999,9.117877457999999,10.149995458414079
2020-12-14 01:45:00,9.117877457999999,8.220859,0.0,-0.6235657022715567,9.117877457999999,8.844424276185132
2020-12-14 02:00:00,10.712631618999998,8.555808,0.0,0.39204076452421865,10.712631618999998,8.16376730279756
2020-12-14 02:15:00,10.712631618999998,10.414602,0.0,0.10147502321803692,10.712631618999998,10.31312725644505
2020-12-14 02:30:00,10.712631618999998,10.376695,0.0,-0.10365813170769578,10.712631618999998,10.48035281096795
2020-12-14 02:45:00,10.712631618999998,10.376695,0.0,-0.10852756694672216,10.712631618999998,10.485222246206977
2020-12-14 03:00:00,10.292155552999997,10.393416,0.0,-0.05005190201549603,10.292155552999997,10.443468306739618
2020-12-14 03:15:00,10.292155552999997,9.999121,0.0,-0.055183027898770054,10.292155552999997,10.054303740179044
2020-12-14 03:30:00,10.292155552999997,9.999121,0.0,-0.048076405093207986,10.292155552999997,10.047197117373482
2020-12-14 03:45:00,10.292155552999997,9.999121,0.0,-0.023833542189087287,10.292155552999997,10.022954254469362
2020-12-14 04:00:00,8.942552266000003,10.681122,0.0,-0.1312090010705812,8.942552266000003,10.812330827242457
2020-12-14 04:15:00,8.942552266000003,9.237408,0.0,-0.11974676354937952,8.942552266000003,9.357154447875551
2020-12-14 04:30:00,8.942552266000003,9.237408,0.0,-0.049737214541560104,8.942552266000003,9.287144898867732
2020-12-14 04:45:00,8.942552266000003,9.200321,0.0,0.05398252265149395,8.942552266000003,9.146338674858272
2020-12-14 05:00:00,8.681707378000002,9.106776,0.0,1.6673725064213185,8.681707378000002,7.4394037310664745
2020-12-14 05:15:00,8.681707378000002,8.776109,0.0,1.788763808511045,8.681707378000002,6.987344933249209
2020-12-14 05:30:00,8.681707378000002,8.776109,0.0,1.9185890119214983,8.681707378000002,6.857519729838756
2020-12-14 05:45:00,8.681707378000002,9.0365715,0.0,1.5007702528217566,8.681707378000002,7.53580124986379
2020-12-14 06:00:00,9.699304376999999,11.406557,0.0,4.887068062846464,9.699304376999999,6.519489020283419
2020-12-14 06:15:00,9.699304376999999,10.563515,0.0,5.183038743865844,9.699304376999999,5.380475965606812
2020-12-14 06:30:00,9.699304376999999,10.592025,0.0,6.259509445102947,9.699304376999999,4.332515358058674
2020-12-14 06:45:00,9.699304376999999,10.489394,0.0,7.002555666002947,9.699304376999999,3.486838521924299
2020-12-14 07:00:00,18.059281975000008,17.776478,0.0,12.327180267111952,18.059281975000008,5.449297546608751
2020-12-14 07:15:00,18.059281975000008,19.087393,0.0,13.350470802577217,18.059281975000008,5.736922004429619
2020-12-14 07:30:00,18.059281975000008,19.087393,0.0,13.496453252615414,18.059281975000008,5.590939554391422
2020-12-14 07:45:00,18.059281975000008,19.231365,0.8752826048655206,13.78268781520611,17.183999370134487,5.448677388651312
2020-12-14 08:00:00,30.554245083999998,24.791998,3.1114972178125666,16.953926021784973,27.442747866187432,7.8380718877609254
2020-12-14 08:15:00,30.554245083999998,31.890219,7.761227225338315,19.93505981109471,22.793017858661685,11.9551589236465
2020-12-14 08:30:00,30.554245083999998,31.564278,9.068786231203035,24.831583575598273,21.485458852796963,6.732694073327508
2020-12-14 08:45:00,41.554245084,42.320393,13.516668736364187,24.937987259643688,28.037576347635813,17.38240534899889
2020-12-14 09:00:00,46.742675246000005,41.764454,29.026128853707668,27.60862540149403,17.716546392292337,14.155828486445422
2020-12-14 09:15:00,45.742675246000005,45.465256,43.82558751902883,42.66490192653103,1.9170877269711752,2.8003538107736574
2020-12-14 09:30:00,35.742675246000005,35.69163,43.04457857977225,58.33330295109005,-7.301903333772245,-22.641671633951375
2020-12-14 09:45:00,35.742675246000005,36.555058,46.094614544047886,63.41468148531058,-10.351939298047881,-26.859623959675815
2020-12-14 10:00:00,36.755929783999996,36.057358,47.451015200757794,60.30290621158815,-10.695085416757799,-24.245548423502214
2020-12-14 10:15:00,36.755929783999996,36.519196,49.114905025136544,63.705887282038354,-12.358975241136548,-27.18669172539773
2020-12-14 10:30:00,47.755929783999996,45.75241,55.53490730301317,63.65299615901708,-7.778977519013175,-17.900585270345204
2020-12-14 10:45:00,47.755929783999996,46.37953,64.13050358931474,69.43862032056484,-16.374573805314746,-23.059088460213275
2020-12-14 11:00:00,42.31769684699999,45.97019,93.74955082003738,67.29963293527794,-51.43185397303739,-21.3294447944088
2020-12-14 11:15:00,38.31769684699999,41.037132,94.8336549867645,91.95864795274801,-56.51595813976451,-50.921515689564416
2020-12-14 11:30:00,31.317696846999997,32.225224,81.77644112325761,98.0567831544674,-50.45874427625762,-65.83155961320763
2020-12-14 11:45:00,31.317696846999997,31.574797,98.64250988256515,92.08674938461527,-67.32481303556516,-60.51195270797953
2020-12-14 12:00:00,22.66537775,30.867918,216.4735185095236,99.67966760357082,-193.80814075952358,-68.81174958904445
2020-12-14 12:15:00,22.66537775,22.519104,139.8210697894165,181.1764354743138,-117.1556920394165,-158.65733147040754
2020-12-14 12:30:00,33.665377750000005,31.979918,108.17409841390092,128.67518858678355,-74.50872066390092,-96.69527106053843
2020-12-14 12:45:00,33.665377750000005,35.6981,103.97818669024173,107.32323434353175,-70.31280894024172,-71.62513329983058
2020-12-14 13:00:00,25.760424023,32.260098,127.54215017274528,102.90237553082025,-101.78172614974528,-70.64227802715814
2020-12-14 13:15:00,18.760424023,17.575024,102.45464237686112,114.29237539517416,-83.69421835386112,-96.71735174405111
2020-12-14 13:30:00,18.760424023,18.726755,74.1576674229309,97.41860012571382,-55.3972433999309,-78.69184498350191
2020-12-14 13:45:00,51.760424023,50.721058,86.0096596856599,77.88315768468328,-34.2492356626599,-27.16209979283758
2020-12-14 14:00:00,47.468621767,52.655144,62.64219456185589,74.30351638900314,-15.173572794855886,-21.648372651210167
2020-12-14 14:15:00,59.468621767,61.14323,38.926774068200565,61.03025413919525,20.541847698799437,0.11297629903717166
2020-12-14 14:30:00,86.468621767,85.32124,14.16349750030788,45.71650877782239,72.30512426669212,39.60473450831042
2020-12-14 14:45:00,66.468621767,70.04316,9.310178995901271,26.321501912528703,57.158442771098734,43.72165757233458
2020-12-14 15:00:00,57.065475214,53.465794,6.042247527012407,19.26906179086605,51.023227686987596,34.19673181875309
2020-12-14 15:15:00,36.065475214,37.09778,2.4587457684825,16.010035464347304,33.6067294455175,21.087742855965196
2020-12-14 15:30:00,27.065475214000003,28.197311,0.4691548950524438,12.248765776664548,26.59632031894756,15.94854562470264
2020-12-14 15:45:00,48.065475214,44.36237,0.0,10.647172869283306,48.065475214,33.715196668070206
2020-12-14 16:00:00,53.236843384,45.396698,0.0,5.011085507254096,53.236843384,40.38561249079278
2020-12-14 16:15:00,42.236843384,40.907295,0.0,4.61810938784764,42.236843384,36.28918583920314
2020-12-14 16:30:00,32.236843384,32.89965,0.0,4.420820069014016,32.236843384,28.478830504716452
2020-12-14 16:45:00,43.236843384,41.76183,0.0,3.4525275386666303,43.236843384,38.309301837554074
2020-12-14 17:00:00,65.239245308,48.54398,0.0,1.3302747451639272,65.239245308,47.213704899611464
2020-12-14 17:15:00,70.239245308,62.73197,0.0,1.1128884983506167,70.239245308,61.61908324237204
2020-12-14 17:30:00,59.239245308,52.787033,0.0,0.938573782012221,59.239245308,51.84845929904247
2020-12-14 17:45:00,66.239245308,56.706898,0.0,0.7042325602040912,66.239245308,56.00266517539161
2020-12-14 18:00:00,63.610297671,61.3535,0.0,-0.5711526721613157,63.610297671,61.924653038372256
2020-12-14 18:15:00,54.610297671,50.176098,0.0,-0.7567823983987988,54.610297671,50.932880268271845
2020-12-14 18:30:00,67.610297671,57.55925,0.0,-0.6698255058563102,67.610297671,58.229075383786
2020-12-14 18:45:00,64.610297671,56.22371,0.0,-0.8375867099279787,64.610297671,57.06129581637329
2020-12-14 19:00:00,43.822028363,41.271866,0.0,-0.8919584686414456,43.822028363,42.16382431336801
2020-12-14 19:15:00,31.822028363000005,32.075188,0.0,-0.847607541162856,31.822028363000005,32.92279522426833
2020-12-14 19:30:00,31.822028363000005,32.021984,0.0,-0.769927213043169,31.822028363000005,32.791911313384965
2020-12-14 19:45:00,31.822028363000005,31.78998,0.0,-0.7390136605784355,31.822028363000005,32.52899359527082
2020-12-14 20:00:00,42.876195417000005,39.271904,0.0,-0.6278700188706515,42.876195417000005,39.89977401056987
2020-12-14 20:15:00,42.876195417000005,40.649284,0.0,-0.6394994118952485,42.876195417000005,41.28878377468822
2020-12-14 20:30:00,42.876195417000005,40.862938,0.0,-0.6323317311011724,42.876195417000005,41.49526965834727
2020-12-14 20:45:00,42.876195417000005,40.681248,0.0,-0.6227294632715054,42.876195417000005,41.303977174453145
2020-12-14 21:00:00,33.960755698,38.22749,0.0,-0.5338968361413406,33.960755698,38.761386307576885
2020-12-14 21:15:00,33.960755698,32.3754,0.0,-0.5157995244849573,33.960755698,32.891200067697845
2020-12-14 21:30:00,33.960755698,32.346058,0.0,-0.46271672239374084,33.960755698,32.80877461423945
2020-12-14 21:45:00,35.960755698,33.987274,0.0,-0.38213651326524023,35.960755698,34.36941068318711
2020-12-14 22:00:00,35.04211848599999,29.435799,0.0,-0.364189244653745,35.04211848599999,29.799987889673275
2020-12-14 22:15:00,32.04211848599999,28.168402,0.0,-0.3691352266998261,32.04211848599999,28.537536944839474
2020-12-14 22:30:00,24.042118485999996,23.28029,0.0,-0.33603077882593013,24.042118485999996,23.616321382463624
2020-12-14 22:45:00,24.042118485999996,23.044945,0.0,-0.27930842302625714,24.042118485999996,23.32425318620985
2020-12-14 23:00:00,23.870499720999998,20.839336,0.0,-0.28867004164474885,23.870499720999998,21.12800643690842
2020-12-14 23:15:00,34.870499721,30.70795,0.0,-0.29540382538719634,34.870499721,31.003354417428213
2020-12-14 23:30:00,34.870499721,31.841747,0.0,-0.2822213088513347,34.870499721,32.12396859278688
2020-12-14 23:45:00,34.870499721,31.841747,0.0,-0.2762730015553202,34.870499721,32.118020285490864
2020-12-15 00:00:00,37.229153075,30.503103,0.0,-0.8471637677546219,37.229153075,31.35026702398021
2020-12-15 00:15:00,37.229153075,30.67865,0.0,-0.7575667691397011,37.229153075,31.43621667148345
2020-12-15 00:30:00,34.229153075,29.016018,0.0,-0.78134193132244,34.229153075,29.7973598451408
2020-12-15 00:45:00,26.229153075,23.771126,0.0,-0.8007353374151861,26.229153075,24.571861130872218
2020-12-15 01:00:00,24.244825293,21.020414,0.0,0.31711543083884564,24.244825293,20.703298921578146
2020-12-15 01:15:00,19.244825293,14.487419,0.0,0.03723088300368793,19.244825293,14.450188245414282
2020-12-15 01:30:00,13.244825293000002,11.925826,0.0,-0.2646987528785366,13.244825293000002,12.190524825571408
2020-12-15 01:45:00,13.244825293000002,11.610826,0.0,-0.5350513963808964,13.244825293000002,12.145876935016151
2020-12-15 02:00:00,12.803034689999999,11.945775,0.0,0.3893973937041427,12.803034689999999,11.556377638339315
2020-12-15 02:15:00,12.803034689999999,11.996083,0.0,0.13564054214135346,12.803034689999999,11.860442717441167
2020-12-15 02:30:00,12.803034689999999,11.996083,0.0,-0.1562306537129522,12.803034689999999,12.152313913295473
2020-12-15 02:45:00,12.803034689999999,11.996083,0.0,-0.15715275645964077,12.803034689999999,12.153236016042161
2020-12-15 03:00:00,12.037470935000004,12.012805,0.0,-0.39664006092454784,12.037470935000004,12.409445045970935
2020-12-15 03:15:00,12.037470935000004,11.305783,0.0,-0.4216743683565919,12.037470935000004,11.727457640146143
2020-12-15 03:30:00,12.037470935000004,11.305783,0.0,-0.43486451308184215,12.037470935000004,11.740647784871394
2020-12-15 03:45:00,12.037470935000004,11.305783,0.0,-0.4471739594128855,12.037470935000004,11.752957231202437
2020-12-15 04:00:00,9.352863687999998,11.975874,0.0,-0.23459292174483093,9.352863687999998,12.210466868888386
2020-12-15 04:15:00,9.352863687999998,9.725741,0.0,-0.2518161464172223,9.352863687999998,9.977557532830797
2020-12-15 04:30:00,9.352863687999998,9.725741,0.0,-0.1655093704110363,9.352863687999998,9.891250756824611
2020-12-15 04:45:00,9.352863687999998,9.725741,0.0,-0.09962917538028837,9.352863687999998,9.825370561793862
2020-12-15 05:00:00,8.639843724999999,9.710288,0.0,1.7837728102936783,8.639843724999999,7.926515237496849
2020-12-15 05:15:00,8.639843724999999,8.691057,0.0,1.893986417318291,8.639843724999999,6.797070787881904
2020-12-15 05:30:00,8.639843724999999,8.691057,0.0,1.9797276111730828,8.639843724999999,6.711329594027113
2020-12-15 05:45:00,8.639843724999999,8.691057,0.0,2.1117725837844614,8.639843724999999,6.579284621415734
2020-12-15 06:00:00,12.821904065000004,10.396278,0.0,6.859209713215319,12.821904065000004,3.5370686681323376
2020-12-15 06:15:00,12.821904065000004,12.523112,0.0,7.4907178004436,12.821904065000004,5.032394496614505
2020-12-15 06:30:00,12.821904065000004,12.523112,0.0,7.784622313586621,12.821904065000004,4.738489983471484
2020-12-15 06:45:00,12.821904065000004,12.523112,0.0,8.118660191005446,12.821904065000004,4.404452106052659
2020-12-15 07:00:00,16.851271184,17.578835,0.0,14.546604598256922,16.851271184,3.0322299354344846
2020-12-15 07:15:00,16.851271184,17.561178,0.0,15.221952036697349,16.851271184,2.339226170700112
2020-12-15 07:30:00,16.851271184,17.576632,1.3935570895376646,15.535379565026213,15.457714094462338,2.0412519809942946
2020-12-15 07:45:00,16.851271184,17.576632,3.6622080417914438,17.054900089146496,13.189063142208557,0.5217314568740115
2020-12-15 08:00:00,25.777628689999993,21.25129,11.735506703439984,19.78393966732912,14.042121986560009,1.467349700346663
2020-12-15 08:15:00,25.777628689999993,25.90004,17.964346074858565,28.177611563404042,7.8132826151414285,-2.2775718905524798
2020-12-15 08:30:00,25.777628689999993,25.864233,21.013457201257207,34.98353630516852,4.764171488742786,-9.119303288200747
2020-12-15 08:45:00,25.777628689999993,25.612211,36.13102606274495,40.570234362452005,-10.353397372744958,-14.958023135035013
2020-12-15 09:00:00,33.905363118,25.612686,36.237976855347355,49.891997234420046,-2.3326137373473586,-24.279311077193483
2020-12-15 09:15:00,33.905363118,32.287792,36.749413258739374,53.88634845242207,-2.844050140739377,-21.598556246611523
2020-12-15 09:30:00,33.905363118,32.287792,39.07973789531206,56.41164048754479,-5.17437477731206,-24.12384828173424
2020-12-15 09:45:00,55.905363118,45.366325,43.35601764222255,58.13997772140221,12.54934547577745,-12.773652342984242
2020-12-15 10:00:00,64.01688224499999,48.89446,45.64138562986936,51.956128928501954,18.37549661513063,-3.061670157750001
2020-12-15 10:15:00,64.01688224499999,56.045616,27.882966634425415,55.88278233199621,36.133915610574576,0.16283381790613305
2020-12-15 10:30:00,44.816882245,40.398712,46.42678957432165,49.06361618767796,-1.6099073293216506,-8.664904029474833
2020-12-15 10:45:00,42.01688224499999,39.954582,60.24889362796721,69.61432556704108,-18.232011382967222,-29.65974335268561
2020-12-15 11:00:00,32.327571254999995,39.862015,52.47840645662625,71.52754801861752,-20.150835201626258,-31.66553324810971
2020-12-15 11:15:00,32.327571254999995,31.956259,59.557138341149,66.15337662815024,-27.229567086149004,-34.19711785434653
2020-12-15 11:30:00,32.327571254999995,31.969816,79.20218231367487,73.52290387733416,-46.87461105867487,-41.553087669448416
2020-12-15 11:45:00,43.327571254999995,40.2459,102.95300984571934,86.8138274484908,-59.62543859071934,-46.567928248051345
2020-12-15 12:00:00,40.378699828,38.889954,93.75552638360612,95.62813289255331,-53.37682655560612,-56.73817927927206
2020-12-15 12:15:00,44.378699828,36.580276,105.35558955943327,91.76192138356295,-60.97688973143327,-55.18164489430514
2020-12-15 12:30:00,40.378699828,35.451794,78.88969086143432,99.97771031460763,-38.510991033434316,-64.52591664395334
2020-12-15 12:45:00,40.378699828,35.997833,54.4491108465865,82.45887802759096,-14.070411018586498,-46.46104477563783
2020-12-15 13:00:00,40.36947892900001,35.66992,53.80391075529621,60.14413759885028,-13.434431826296198,-24.47421572385028
2020-12-15 13:15:00,30.96947892900003,28.267054,56.782083928862015,59.503504590387884,-25.812604999861986,-31.236450986261907
2020-12-15 13:30:00,29.369478929000007,27.760473,63.68019239041328,62.782443476109954,-34.31071346141327,-35.02197022476718
2020-12-15 13:45:00,29.369478929000007,26.889076,51.72614304832721,63.72516721164739,-22.356664119327203,-36.83609097873723
2020-12-15 14:00:00,27.42418157299999,27.476501,42.917985126236516,48.65682777363429,-15.493803553236525,-21.18032630879054
2020-12-15 14:15:00,27.42418157299999,26.978636,36.289664301648706,43.23380346867628,-8.865482728648715,-16.25516768071241
2020-12-15 14:30:00,27.42418157299999,28.413874,23.097416514448447,39.52986559160402,4.326765058551544,-11.11599191911867
2020-12-15 14:45:00,27.42418157299999,27.243975,11.520909435476156,29.97113363588646,15.903272137523835,-2.7271589502175146
2020-12-15 15:00:00,29.959206506999987,26.381247,8.034088730123571,19.13563296340716,21.925117776876416,7.2456136033653
2020-12-15 15:15:00,29.959206506999987,27.883995,3.1521627712354405,15.45937893764251,26.807043735764545,12.424616118509833
2020-12-15 15:30:00,29.959206506999987,27.73158,0.4856286317612258,11.851581677237133,29.47357787523876,15.879999057015796
2020-12-15 15:45:00,29.959206506999987,27.880362,0.0,8.57271839708927,29.959206506999987,19.307643159917568
2020-12-15 16:00:00,42.42603599799999,41.035778,0.0,5.078284930225473,42.42603599799999,35.957493115428825
2020-12-15 16:15:00,42.42603599799999,43.222473,0.0,3.987343207076681,42.42603599799999,39.235129937454566
2020-12-15 16:30:00,53.42603599799999,54.422787,0.0,4.160364259081406,53.42603599799999,50.26242245356508
2020-12-15 16:45:00,47.42603599799999,52.851242,0.0,3.0141703138409177,47.42603599799999,49.837071751588766
2020-12-15 17:00:00,44.67213609200001,46.811176,0.0,1.066856008182719,44.67213609200001,45.74432029186611
2020-12-15 17:15:00,46.67213609200001,51.4424,0.0,0.8248163257158873,46.67213609200001,50.61758556027044
2020-12-15 17:30:00,44.67213609200001,45.322697,0.0,0.3491442195468143,44.67213609200001,44.9735524662442
2020-12-15 17:45:00,44.67213609200001,45.079655,0.0,0.20748997758937449,44.67213609200001,44.87216471601414
2020-12-15 18:00:00,53.018577177,59.262016,0.0,-0.3415916983417616,53.018577177,59.60360799472848
2020-12-15 18:15:00,44.018577177,46.92312,0.0,-0.47242175809112397,44.018577177,47.39554034939972
2020-12-15 18:30:00,42.018577177,41.496143,0.0,-0.5452230717284713,42.018577177,42.041366412792925
2020-12-15 18:45:00,71.018577177,68.11301,0.0,-0.2887478133402147,71.018577177,68.40175440513708
2020-12-15 19:00:00,74.21523353900001,70.74505,0.0,-0.69050183479128,74.21523353900001,71.4355503577405
2020-12-15 19:15:00,85.21523353900001,79.25718,0.0,-0.6983771550008157,85.21523353900001,79.95555641525472
2020-12-15 19:30:00,73.21523353900001,72.2307,0.0,-0.790857652962191,73.21523353900001,73.02155528479813
2020-12-15 19:45:00,103.21523353900001,87.20722,0.0,-0.8926607443148981,103.21523353900001,88.09988272917818
2020-12-15 20:00:00,81.72766647499999,80.390076,0.0,-1.0009216483846108,81.72766647499999,81.39099733197835
2020-12-15 20:15:00,86.72766647499999,71.879654,0.0,-0.9557283286887063,86.72766647499999,72.83538225935277
2020-12-15 20:30:00,62.527666475000004,56.161324,0.0,-0.8985850918679726,62.527666475000004,57.05990863923125
2020-12-15 20:45:00,58.72766647499999,48.744568,0.0,-0.7524312093665638,58.72766647499999,49.49699908046031
2020-12-15 21:00:00,43.832116064000004,40.58675,0.0,-0.6808119413347572,43.832116064000004,41.26756197185234
2020-12-15 21:15:00,24.832116064000008,24.377455,0.0,-0.6381970281776425,24.832116064000008,25.015651785868073
2020-12-15 21:30:00,24.832116064000008,24.263544,0.0,-0.6437206528545413,24.832116064000008,24.907264735496142
2020-12-15 21:45:00,35.832116064000004,32.9686,0.0,-0.6245415181808954,35.832116064000004,33.59314274498754
2020-12-15 22:00:00,31.280272905,29.893885,0.0,-0.6610860638125821,31.280272905,30.55497072262606
2020-12-15 22:15:00,33.280272905000004,30.890442,0.0,-0.6584481371909315,33.280272905000004,31.54889003172218
2020-12-15 22:30:00,44.280272905000004,37.68044,0.0,-0.6407274614062973,44.280272905000004,38.32116645676763
2020-12-15 22:45:00,44.280272905000004,39.37742,0.0,-0.6377156987751117,44.280272905000004,40.01513421684152
2020-12-15 23:00:00,38.46249631,36.64185,0.0,-0.7211125285955503,38.46249631,37.36296204641781
2020-12-15 23:15:00,38.46249631,35.66381,0.0,-0.7271099964826134,38.46249631,36.39092072646308
2020-12-15 23:30:00,33.46249631,29.819214,0.0,-0.7044872297248893,33.46249631,30.52370109691239
2020-12-15 23:45:00,21.46249631,18.964659,0.0,-0.6137925148626692,21.46249631,19.578451252045287
2020-12-16 00:00:00,10.775489999,11.47061,0.0,-1.089755003526606,10.775489999,12.560364668443597
2020-12-16 00:15:00,10.775489999,10.352066,0.0,-0.9942759991654039,10.775489999,11.346342039204467
2020-12-16 00:30:00,10.775489999,10.255189,0.0,-0.9645965071473334,10.775489999,11.2197854491029
2020-12-16 00:45:00,10.775489999,10.312789,0.0,-0.9160648523276144,10.775489999,11.228853815645486
2020-12-16 01:00:00,10.616596751000001,8.889723,0.0,-0.90620778241943,10.616596751000001,9.79593060651611
2020-12-16 01:15:00,10.616596751000001,10.187971,0.0,-0.9348172818293242,10.616596751000001,11.12278839694163
2020-12-16 01:30:00,10.616596751000001,10.187971,0.0,-0.9328675594968568,10.616596751000001,11.120838674609162
2020-12-16 01:45:00,10.616596751000001,10.2416,0.0,-0.9366415841560328,10.616596751000001,11.178241620777127
2020-12-16 02:00:00,11.909419945999996,10.57655,0.0,-0.4546162442207492,11.909419945999996,11.031165774250047
2020-12-16 02:15:00,11.909419945999996,11.632299,0.0,-0.4524286784118604,11.909419945999996,12.084728101629635
2020-12-16 02:30:00,11.909419945999996,11.632299,0.0,-0.4662016738753759,11.909419945999996,12.09850109709315
2020-12-16 02:45:00,11.909419945999996,11.632299,0.0,-0.47547194222499123,11.909419945999996,12.107771365442765
2020-12-16 03:00:00,11.003113234,11.325372,0.0,-0.5689411051373902,11.003113234,11.894312847385926
2020-12-16 03:15:00,11.003113234,10.237982,0.0,-0.5649766825926142,11.003113234,10.802958478857263
2020-12-16 03:30:00,11.003113234,10.200895,0.0,-0.5376893199027243,11.003113234,10.738584629350967
2020-12-16 03:45:00,11.003113234,10.064398,0.0,-0.5087609796770948,11.003113234,10.573158791566744
2020-12-16 04:00:00,8.772098063,10.7947235,0.0,-0.28724649322567875,8.772098063,11.081970003967866
2020-12-16 04:15:00,8.772098063,8.982982,0.0,-0.3144255028967341,8.772098063,9.297407184720464
2020-12-16 04:30:00,8.772098063,8.982982,0.0,-0.2946881475461015,8.772098063,9.277669829369833
2020-12-16 04:45:00,19.772098063,18.691662,0.0,-0.2560743499425425,19.772098063,18.94773618465934
2020-12-16 05:00:00,18.411709705,16.820326,0.0,1.7896786555014845,18.411709705,15.030647195938945
2020-12-16 05:15:00,8.411709705,8.985173,0.0,1.7397881718811234,8.411709705,7.245385053521709
2020-12-16 05:30:00,8.411709705,9.049986,0.0,1.2747645963092946,8.411709705,7.775221289310823
2020-12-16 05:45:00,8.411709705,8.783454,0.0,4.350905865640922,8.411709705,4.432548075704293
2020-12-16 06:00:00,14.671901585000004,10.986614,0.0,11.452766503871091,14.671901585000004,-0.4661522765761692
2020-12-16 06:15:00,14.671901585000004,14.450259,0.0,8.898750015077118,14.671901585000004,5.551509193602081
2020-12-16 06:30:00,14.671901585000004,14.450259,0.0,8.949019996919402,14.671901585000004,5.501239211759797
2020-12-16 06:45:00,14.671901585000004,14.450259,0.0,9.007157685123406,14.671901585000004,5.443101523555793
2020-12-16 07:00:00,24.525946304000005,19.302351,0.0,14.378748487015311,24.525946304000005,4.923602510909493
2020-12-16 07:15:00,24.525946304000005,23.989382,0.0,15.676590540802406,24.525946304000005,8.312791249358726
2020-12-16 07:30:00,24.525946304000005,23.989382,1.397885369747715,15.795884580693958,23.12806093425229,8.193497209467175
2020-12-16 07:45:00,24.525946304000005,23.989382,4.805378458289888,17.224959513905862,19.720567845710118,6.764422276255271
2020-12-16 08:00:00,51.71983187400001,34.98746,14.645929233673085,21.3827030853412,37.07390264032692,13.604758004746692
2020-12-16 08:15:00,51.71983187400001,45.714447,27.465097282816863,31.74691526952122,24.254734591183144,13.967531751963154
2020-12-16 08:30:00,48.71983187400001,43.868015,31.581573551076723,44.52674595423164,17.138258322923285,-0.6587306649250024
2020-12-16 08:45:00,40.71983187400001,39.47584,43.21045606221778,51.225591559204915,-2.4906241882177724,-11.749750036988118
2020-12-16 09:00:00,29.777981776000004,37.822945,58.297893848676985,65.12528956801475,-28.51991207267698,-27.30234492690147
2020-12-16 09:15:00,29.777981776000004,29.434816,84.34437030867593,78.58077121309051,-54.56638853267593,-49.14595485261688
2020-12-16 09:30:00,40.777981776000004,37.75657,73.86861419685629,100.92425466783418,-33.09063242085628,-63.16768575914277
2020-12-16 09:45:00,51.777981776000004,45.71508,72.06282895840194,92.63469408291044,-20.284847182401933,-46.919613821679974
2020-12-16 10:00:00,48.845567843000005,45.59613,96.81371371249453,88.31231799875923,-47.96814586949453,-42.71618762766548
2020-12-16 10:15:00,37.845567843000005,35.62439,67.94019869942913,112.17848761806144,-30.094630856429127,-76.55409796962394
2020-12-16 10:30:00,33.845567843000005,33.912807,63.12843965057312,92.74088735058277,-29.282871807573116,-58.82807988598316
2020-12-16 10:45:00,26.845567843000005,28.393534,67.72768662069302,93.56707070927203,-40.882118777693016,-65.17353700260699
2020-12-16 11:00:00,21.158039831000007,25.7647,63.73544968011464,90.48117564858732,-42.57740984911463,-64.71647571267424
2020-12-16 11:15:00,21.158039831000007,21.832092,65.52411291511856,89.2801023645762,-44.366073084118554,-67.44801007941994
2020-12-16 11:30:00,21.158039831000007,21.882402,68.11099195059958,92.30150255529011,-46.95295211959957,-70.41910013524617
2020-12-16 11:45:00,21.158039831000007,21.710634,53.83093431214798,95.45378063247553,-32.67289448114798,-73.74314640090815
2020-12-16 12:00:00,24.456630690999994,20.614653,60.35436146348358,79.9995901312816,-35.897730772483584,-59.3849374976146
2020-12-16 12:15:00,24.456630690999994,22.841614,50.22739540617239,83.59391009173726,-25.770764715172398,-60.75229632220601
2020-12-16 12:30:00,24.456630690999994,22.753536,39.05842722854579,76.17980887947063,-14.601796537545795,-53.42627265510539
2020-12-16 12:45:00,24.456630690999994,22.900787,34.924382492511945,66.90139051124096,-10.467751801511952,-44.00060315772534
2020-12-16 13:00:00,20.85255988300001,23.460451,25.574105462427546,54.23071349808973,-4.721545579427538,-30.770262371991095
2020-12-16 13:15:00,20.85255988300001,21.090734,33.059556339277044,47.34311924820501,-12.206996456277036,-26.252384766393483
2020-12-16 13:30:00,31.85255988300001,28.602571,29.952814513869285,48.665009133452514,1.8997453691307236,-20.062437646025757
2020-12-16 13:45:00,31.85255988300001,30.852146,23.800601571989638,42.6607162391164,8.05195831101037,-11.808570090434756
2020-12-16 14:00:00,36.972753466000015,32.21935,22.703389898888354,33.36878624049887,14.269363567111661,-1.1494373330281675
2020-12-16 14:15:00,34.972753466000015,30.772575,15.273009878756328,28.90568568365439,19.699743587243688,1.8668896947635787
2020-12-16 14:30:00,25.972753466000015,23.65355,11.289516731163435,21.53354957362906,14.68323673483658,2.119999620706878
2020-12-16 14:45:00,34.972753466000015,30.697327,8.628229273512515,19.153688360503953,26.344524192487498,11.543638299652297
2020-12-16 15:00:00,50.08494502600001,40.257923,5.929034100560081,11.396652310182112,44.155910925439926,28.86127081603859
2020-12-16 15:15:00,50.08494502600001,43.25653,2.059923927673797,8.570760859339593,48.02502109832621,34.68576990237916
2020-12-16 15:30:00,50.08494502600001,42.963634,1.0354203527699095,7.187028030628644,49.049524673230096,35.77660646033815
2020-12-16 15:45:00,39.484945025999984,35.35196,0.0,5.5943456195035655,39.484945025999984,29.75761360901206
2020-12-16 16:00:00,26.33719131200001,28.56538,0.0,2.1157811714166277,26.33719131200001,26.44959892501892
2020-12-16 16:15:00,26.33719131200001,26.112745,0.0,2.0453305572079907,26.33719131200001,24.06741472782619
2020-12-16 16:30:00,26.33719131200001,26.189423,0.0,1.7775499088574511,26.33719131200001,24.411872698564423
2020-12-16 16:45:00,26.33719131200001,26.104797,0.0,1.8180328237795704,26.33719131200001,24.28676453950168
2020-12-16 17:00:00,42.48568930200001,35.58447,0.0,0.6220892680686,42.48568930200001,34.962379573484135
2020-12-16 17:15:00,53.48568930200001,47.844597,0.0,0.3410274591188881,53.48568930200001,47.50356940367408
2020-12-16 17:30:00,53.48568930200001,48.521324,0.0,0.2853492443861637,53.48568930200001,48.23597491332868
2020-12-16 17:45:00,59.48568930200001,53.441135,0.0,0.30682206126079314,59.48568930200001,53.134313345233345
2020-12-16 18:00:00,65.255726958,53.920628,0.0,-0.6907849233519922,65.255726958,54.61141251734613
2020-12-16 18:15:00,59.255726958000004,49.46636,0.0,-0.9014426378737045,59.255726958000004,50.36780082268816
2020-12-16 18:30:00,68.255726958,58.227337,0.0,-0.9648604553165622,68.255726958,59.19219733886148
2020-12-16 18:45:00,51.255726958000004,44.4327,0.0,-1.1120917141625002,51.255726958000004,45.54479282500235
2020-12-16 19:00:00,42.88697263200001,41.69209,0.0,-1.0093201292879384,42.88697263200001,42.70140921009848
2020-12-16 19:15:00,53.88697263200001,48.71296,0.0,-1.050904051478489,53.88697263200001,49.76386334102927
2020-12-16 19:30:00,53.88697263200001,49.051907,0.0,-1.0776305468392051,53.88697263200001,50.12953713253256
2020-12-16 19:45:00,41.88697263200001,41.685265,0.0,-1.1491412667435759,41.88697263200001,42.83440585414592
2020-12-16 20:00:00,28.903069148,32.140648,0.0,-0.8917754700594404,28.903069148,33.03242335824304
2020-12-16 20:15:00,28.903069148,30.818192,0.0,-0.8455474201375984,28.903069148,31.66373894845791
2020-12-16 20:30:00,28.903069148,28.949095,0.0,-0.7575800720109306,28.903069148,29.7066748443498
2020-12-16 20:45:00,28.903069148,28.992844,0.0,-0.7322107087482898,28.903069148,29.725054336677978
2020-12-16 21:00:00,23.827772030000002,26.447662,0.0,-0.663117396578529,23.827772030000002,27.110779750094153
2020-12-16 21:15:00,34.827772030000006,37.792103,0.0,-0.6418580326128512,34.827772030000006,38.433960846333555
2020-12-16 21:30:00,38.827772030000006,41.925182,0.0,-0.6763674196303963,38.827772030000006,42.60154976215969
2020-12-16 21:45:00,34.827772030000006,38.195633,0.0,-0.639107571694317,34.827772030000006,38.83474050626463
2020-12-16 22:00:00,43.994412285,48.9889,0.0,-0.6517479757042636,43.994412285,49.64064720666129
2020-12-16 22:15:00,43.994412285,50.852222,0.0,-0.6001891592221887,43.994412285,51.45241160184914
2020-12-16 22:30:00,38.994412285,42.09938,0.0,-0.5095125224165208,38.994412285,42.608893015580584
2020-12-16 22:45:00,32.994412285,37.069504,0.0,-0.42223383055603947,32.994412285,37.491737614735726
2020-12-16 23:00:00,19.979590402,26.765226,0.0,-0.4113076934332415,19.979590402,27.176534057568983
2020-12-16 23:15:00,13.979590402000001,13.407578,0.0,-0.3676313231932201,13.979590402000001,13.775209791515975
2020-12-16 23:30:00,13.979590402000001,14.0496645,0.0,-0.35545979134043926,13.979590402000001,14.405124288715928
2020-12-16 23:45:00,13.979590402000001,14.247441,0.0,-0.32770471526281775,13.979590402000001,14.5751460070719
2020-12-17 00:00:00,8.475639978999997,9.02186,0.0,-0.7792396481183143,8.475639978999997,9.801099770798979
2020-12-17 00:15:00,8.475639978999997,7.8041334,0.0,-0.7436256500762567,8.475639978999997,8.547759065298425
2020-12-17 00:30:00,19.475639978999997,22.78439,0.0,-0.7395797343747034,19.475639978999997,23.523969230224314
2020-12-17 00:45:00,16.475639978999997,19.874279,0.0,-0.7299182845358195,16.475639978999997,20.604197306752617
2020-12-17 01:00:00,7.289109061000001,7.8243794,0.0,-0.8502407707968597,7.289109061000001,8.674620214919175
2020-12-17 01:15:00,7.289109061000001,6.9508777,0.0,-0.8633242739774022,7.289109061000001,7.814201940450791
2020-12-17 01:30:00,7.289109061000001,6.90057,0.0,-0.8254222243261121,7.289109061000001,7.725992140097596
2020-12-17 01:45:00,7.289109061000001,7.004506,0.0,-0.8299974449639907,7.289109061000001,7.83450355610901
2020-12-17 02:00:00,5.707832848000001,7.339457,0.0,-0.49234827340818754,5.707832848000001,7.831805308472885
2020-12-17 02:15:00,5.707832848000001,5.9300523,0.0,-0.5245776174715299,5.707832848000001,6.454629897897555
2020-12-17 02:30:00,5.707832848000001,5.9300523,0.0,-0.54262131000871,5.707832848000001,6.472673590434735
2020-12-17 02:45:00,5.707832848000001,5.9300523,0.0,-0.5606605176216056,5.707832848000001,6.490712798047631
2020-12-17 03:00:00,6.736519865999999,5.946774,0.0,-0.3005347626242393,6.736519865999999,6.247308768514132
2020-12-17 03:15:00,6.736519865999999,6.57173,0.0,-0.29736390613118957,6.736519865999999,6.869094043002527
2020-12-17 03:30:00,6.736519865999999,6.57173,0.0,-0.29649154305169223,6.736519865999999,6.86822167992303
2020-12-17 03:45:00,6.736519865999999,6.57173,0.0,-0.29432353728807403,6.736519865999999,6.866053674159412
2020-12-17 04:00:00,8.852407773,7.253731,0.0,0.2398832322382115,8.852407773,7.01384754168757
2020-12-17 04:15:00,8.852407773,9.029007,0.0,0.28520388378925954,8.852407773,8.743803074218553
2020-12-17 04:30:00,8.852407773,9.013554,0.0,0.29443852133367165,8.852407773,8.719115098051095
2020-12-17 04:45:00,8.852407773,8.967292,0.0,0.5625801213044771,8.852407773,8.404711710665739
2020-12-17 05:00:00,8.400103405000001,8.967292,0.0,4.455831431985936,8.400103405000001,4.511460399984279
2020-12-17 05:15:00,8.400103405000001,8.669688,0.0,3.894472938048463,8.400103405000001,4.775215286744018
2020-12-17 05:30:00,8.400103405000001,8.669688,0.0,3.8825842357972884,8.400103405000001,4.787103988995192
2020-12-17 05:45:00,8.400103405000001,8.669688,0.0,3.865039343424937,8.400103405000001,4.804648881367544
2020-12-17 06:00:00,8.503259810999998,10.424427,0.0,13.859897848264534,8.503259810999998,-3.435470815793831
2020-12-17 06:15:00,8.503259810999998,9.294675,0.0,13.943771518741436,8.503259810999998,-4.649096645389385
2020-12-17 06:30:00,8.503259810999998,9.294675,0.0,14.00255667715915,8.503259810999998,-4.7078818038070995
2020-12-17 06:45:00,8.503259810999998,9.473749,0.0,11.485237012242361,8.503259810999998,-2.01148785147576
2020-12-17 07:00:00,23.67869077099999,15.197637,0.0,17.211712925412165,23.67869077099999,-2.014076321103083
2020-12-17 07:15:00,23.67869077099999,24.004707,0.0,19.44448647707926,23.67869077099999,4.560220859346522
2020-12-17 07:30:00,23.67869077099999,24.004707,0.4690438899849458,19.318411278606966,23.209646881015043,4.686296057818815
2020-12-17 07:45:00,23.67869077099999,24.17719,1.9412569418183343,20.427268679672427,21.737433829181654,3.749922100967222
2020-12-17 08:00:00,38.962965297000004,30.172338,5.512478993038974,27.97630333630237,33.45048630396103,2.1960351494154047
2020-12-17 08:15:00,38.962965297000004,38.869415,8.75237556387243,32.99017443121262,30.210589733127573,5.879240851990502
2020-12-17 08:30:00,38.962965297000004,39.1071,14.340082262039385,34.854448445131666,24.62288303496062,4.252652995298021
2020-12-17 08:45:00,49.962965297000004,53.141552,17.30053718236888,40.49498102414945,32.662428114631126,12.646570947286094
2020-12-17 09:00:00,38.949070244,50.703205,23.00280472341185,36.274694296176875,15.946265520588149,14.428510812465703
2020-12-17 09:15:00,49.949070244,58.16153,19.113033074582333,41.701479511163015,30.836037169417665,16.46005002985261
2020-12-17 09:30:00,44.949070244,53.906017,25.297635584314065,40.26948387025021,19.651434659685933,13.636533433216584
2020-12-17 09:45:00,49.949070244,58.495872,33.2325649746124,52.64066650659849,16.716505269387596,5.855205990960101
2020-12-17 10:00:00,40.180390552000006,45.85506,43.01002930111105,54.069338837611966,-2.829638749111041,-8.214278260219388
2020-12-17 10:15:00,50.180390552000006,57.089603,32.83020504882414,63.432322567007965,17.350185503175865,-6.3427191429356995
2020-12-17 10:30:00,35.180390552000006,36.72163,70.76857736743861,59.118450200102565,-35.588186815438604,-22.396820103667018
2020-12-17 10:45:00,28.180390552000002,27.157082,99.57865406510905,95.66393865504241,-71.39826351310904,-68.50685705103851
2020-12-17 11:00:00,23.605470026000003,25.379618,129.84934843455756,113.19508893454605,-106.24387840855755,-87.81547124350601
2020-12-17 11:15:00,23.605470026000003,23.005753,177.19123236207503,139.5670432121749,-153.58576233607502,-116.56129064869833
2020-12-17 11:30:00,34.605470026000006,37.444733,213.5319798722926,180.05366312166805,-178.9265098462926,-142.60893045565243
2020-12-17 11:45:00,45.605470026000006,48.51317,213.0178114103151,205.4338483110891,-167.41234138431508,-156.92067997612816
2020-12-17 12:00:00,51.97318320999999,55.229668,247.06021858949924,193.398344447437,-195.08703537949924,-138.1686767838628
2020-12-17 12:15:00,40.97318320999999,44.304676,233.59459631551192,212.69551604940978,-192.62141310551192,-168.39083999350157
2020-12-17 12:30:00,29.97318320999999,32.154278,233.50840435373777,210.2530240267397,-203.53522114373777,-178.09874622522602
2020-12-17 12:45:00,25.97318320999999,24.910603,210.80544022838137,212.69223757074752,-184.83225701838137,-187.78163500116744
2020-12-17 13:00:00,27.11725713199999,24.033127,192.96322456304705,187.5708184101953,-165.84596743104706,-163.5376915791406
2020-12-17 13:15:00,27.11725713199999,25.363714,157.96202381242995,181.23711415357252,-130.84476668042996,-155.87339993543287
2020-12-17 13:30:00,38.11725713199999,42.12358,141.12094088460876,165.0851961542223,-103.00368375260877,-122.96161522160511
2020-12-17 13:45:00,29.11725713199999,30.561157,146.12553447592146,151.15838910542175,-117.00827734392146,-120.59723187885925
2020-12-17 14:00:00,26.62109449799999,26.66928,113.95694338462836,137.59798575677155,-87.33584888662837,-110.92870665826081
2020-12-17 14:15:00,26.62109449799999,25.500458,95.9680737847573,117.90774851584348,-69.3469792867573,-92.4072907521716
2020-12-17 14:30:00,26.62109449799999,25.59978,61.41280190637951,101.37758836871541,-34.791707408379516,-75.77780923968709
2020-12-17 14:45:00,37.62109449799999,42.443066,47.868476584424315,78.74888968104433,-10.247382086424324,-36.305824037733785
2020-12-17 15:00:00,48.825481196,56.436443,25.115108059360736,53.50257155312754,23.710373136639262,2.933871775729884
2020-12-17 15:15:00,48.825481196,56.08131,10.91015362279219,35.50313549592745,37.915327573207804,20.578174776289345
2020-12-17 15:30:00,48.825481196,56.415867,1.9205863792046434,24.231009118841474,46.904894816795355,32.18485773296517
2020-12-17 15:45:00,41.62548119600001,48.44757,0.0,16.172456103151035,41.62548119600001,32.275114697630215
2020-12-17 16:00:00,50.895641753999996,55.583317,0.0,7.1446347032433914,50.895641753999996,48.438682099735125
2020-12-17 16:15:00,47.895641753999996,54.847187,0.0,4.8524010268240225,47.895641753999996,49.9947860154123
2020-12-17 16:30:00,39.895641753999996,46.105625,0.0,3.6191053257823382,39.895641753999996,42.486519826805555
2020-12-17 16:45:00,49.895641753999996,55.896294,0.0,3.49339301888792,49.895641753999996,52.4029006212488
2020-12-17 17:00:00,44.50819089400001,51.51467,0.0,0.44713064257938206,44.50819089400001,51.06754068310421
2020-12-17 17:15:00,40.50819089400001,48.151833,0.0,-0.06104023823325655,40.50819089400001,48.21287281879966
2020-12-17 17:30:00,40.50819089400001,49.197227,0.0,-0.22482329160059422,40.50819089400001,49.42205076962794
2020-12-17 17:45:00,32.50819089400001,36.343967,0.0,-0.6910513451682504,32.50819089400001,37.03501878291239
2020-12-17 18:00:00,38.233200275,35.37992,0.0,-1.0713258898469276,38.233200275,36.45124684931958
2020-12-17 18:15:00,38.233200275,39.22664,0.0,-1.108693019065952,38.233200275,40.335331813011265
2020-12-17 18:30:00,60.233200275,59.720116,0.0,-1.128779712388801,60.233200275,60.84889537400989
2020-12-17 18:45:00,60.233200275,63.937473,0.0,-1.1380346120013956,60.233200275,65.07550790912053
2020-12-17 19:00:00,51.09032780899997,57.951332,0.0,-1.042081037663979,51.09032780899997,58.99341312994913
2020-12-17 19:15:00,34.690327808999996,32.157803,0.0,-0.8975703312920223,34.690327808999996,33.05537291307913
2020-12-17 19:30:00,34.690327808999996,34.01162,0.0,-0.7968916373906608,34.690327808999996,34.80851120526175
2020-12-17 19:45:00,34.690327808999996,33.859203,0.0,-0.7452858335568734,34.690327808999996,34.60448917217992
2020-12-17 20:00:00,27.107727039999993,33.258102,0.0,-0.607444865410126,27.107727039999993,33.86554728240231
2020-12-17 20:15:00,27.107727039999993,27.420755,0.0,-0.6749323795074506,27.107727039999993,28.09568776585999
2020-12-17 20:30:00,27.107727039999993,27.414673,0.0,-0.6605207493670157,27.107727039999993,28.075193600929516
2020-12-17 20:45:00,27.107727039999993,27.227686,0.0,-0.5782171554848282,27.107727039999993,27.805903083829556
2020-12-17 21:00:00,24.437140704,24.910435,0.0,-0.4520996020116864,24.437140704,25.362534324912076
2020-12-17 21:15:00,24.437140704,23.643545,0.0,-0.45764035240241185,24.437140704,24.101185503159247
2020-12-17 21:30:00,24.437140704,23.643545,0.0,-0.43191396636794466,24.437140704,24.07545911712478
2020-12-17 21:45:00,24.437140704,23.643545,0.0,-0.3825734072426129,24.437140704,24.02611855799945
2020-12-17 22:00:00,32.58474059299999,40.350636,0.0,-0.45917706478458264,32.58474059299999,40.80981259334904
2020-12-17 22:15:00,29.584740592999996,33.463238,0.0,-0.41529871488311365,29.584740592999996,33.878536477334286
2020-12-17 22:30:00,32.58474059299999,39.405006,0.0,-0.36971718927961306,32.58474059299999,39.77472359797102
2020-12-17 22:45:00,32.58474059299999,37.737766,0.0,-0.2851915782147546,32.58474059299999,38.0229578440839
2020-12-17 23:00:00,40.29104614,43.01435,0.0,-0.358630023897928,40.29104614,43.37298091501121
2020-12-17 23:15:00,32.29104614,36.986668,0.0,-0.252138350830161,32.29104614,37.2388059838868
2020-12-17 23:30:00,29.29104614,33.76107,0.0,-0.21371288076548567,29.29104614,33.97478313223033
2020-12-17 23:45:00,24.29104614,27.946623,0.0,-0.16526301913519348,24.29104614,28.111885867645935
2020-12-18 00:00:00,13.211021211000006,13.284976,0.0,-0.7753904550307996,13.211021211000006,14.060366460585
2020-12-18 00:15:00,13.211021211000006,11.5798,0.0,-0.7249251640120945,13.211021211000006,12.304724816111705
2020-12-18 00:30:00,13.211021211000006,11.673187,0.9681722179245248,-0.7743296978458335,12.24284899307548,12.44751695370521
2020-12-18 00:45:00,13.211021211000006,11.745477,0.8922436295600339,-0.7525908782550089,12.318777581439972,12.498067600972295
2020-12-18 01:00:00,9.666493166,10.270592,0.0,-0.8038818544685952,9.666493166,11.07447359030844
2020-12-18 01:15:00,9.666493166,8.77615,0.0,-0.8652830169727973,9.666493166,9.641432766728657
2020-12-18 01:30:00,9.666493166,8.70598,0.0,-0.8719452667751081,9.666493166,9.57792556767843
2020-12-18 01:45:00,9.666493166,8.759609,0.0,-0.8772320577595539,9.666493166,9.636841280171664
2020-12-18 02:00:00,22.082011971,25.498768,0.0,-0.46937033636626346,22.082011971,25.968138189149467
2020-12-18 02:15:00,22.082011971,30.309734,0.0,-0.22670304758654247,22.082011971,30.536437392068965
2020-12-18 02:30:00,22.082011971,30.204924,0.0,-0.2639380299452433,22.082011971,30.468861659705986
2020-12-18 02:45:00,22.082011971,30.36025,0.0,-0.2713355806933616,22.082011971,30.63158605371582
2020-12-18 03:00:00,18.826672719999998,21.965265,0.0,1.2002246882269754,18.826672719999998,20.765040585820877
2020-12-18 03:15:00,10.82667272,10.869445,0.0,0.7952691426090474,10.82667272,10.074175704497886
2020-12-18 03:30:00,10.82667272,9.653459,0.0,0.5025919465068104,10.82667272,9.15086664876907
2020-12-18 03:45:00,10.82667272,9.653459,0.0,0.4982531416258532,10.82667272,9.155205453650026
2020-12-18 04:00:00,10.882407762000001,10.691613,0.0,1.1331637671055494,10.882407762000001,9.55844943022111
2020-12-18 04:15:00,10.882407762000001,10.730083,0.0,0.21520138770306818,10.882407762000001,10.514882077873104
2020-12-18 04:30:00,10.882407762000001,10.730083,0.0,0.21369875028038698,10.882407762000001,10.516384715295786
2020-12-18 04:45:00,10.882407762000001,10.730083,0.0,0.21142780403620776,10.882407762000001,10.518655661539965
2020-12-18 05:00:00,8.519260664,10.496978,0.0,3.675414781987324,8.519260664,6.821563024103984
2020-12-18 05:15:00,8.519260664,8.428655,0.0,3.904815233374006,8.519260664,4.523839437341326
2020-12-18 05:30:00,8.519260664,8.428655,0.0,3.8261925279683817,8.519260664,4.60246214274695
2020-12-18 05:45:00,8.519260664,8.428655,0.0,3.746713107982801,8.519260664,4.681941562732531
2020-12-18 06:00:00,14.004010713999994,9.63548,0.0,12.632779043257763,14.004010713999994,-2.9972991161947746
2020-12-18 06:15:00,14.004010713999994,13.807563,0.0,13.43998070806596,14.004010713999994,0.36758211999800494
2020-12-18 06:30:00,14.004010713999994,13.807563,0.0,13.434089719505893,14.004010713999994,0.3734731085580716
2020-12-18 06:45:00,14.004010713999994,13.894466,0.0,13.491881050083506,14.004010713999994,0.4025853500629779
2020-12-18 07:00:00,27.678068946000007,20.162094,0.0,22.592854354676383,27.678068946000007,-2.430760238465446
2020-12-18 07:15:00,27.678068946000007,28.898376,0.9019148197468722,23.646247866123208,26.776154126253136,5.252128598720542
2020-12-18 07:30:00,27.678068946000007,28.898376,1.5210602766325363,24.092170224039947,26.15700866936747,4.806206240803803
2020-12-18 07:45:00,27.678068946000007,28.478035,3.413985001587066,24.407278777231088,24.264083944412942,4.070756195913443
2020-12-18 08:00:00,43.295119598999996,36.02131,8.934689610041898,30.313459004525228,34.360429988958096,5.707849894400553
2020-12-18 08:15:00,43.295119598999996,42.592495,18.15897557331111,37.28165349173313,25.136144025688886,5.310841472866478
2020-12-18 08:30:00,43.295119598999996,42.78791,31.603247085066233,46.343718808481285,11.691872513933763,-3.5558083470555033
2020-12-18 08:45:00,43.295119598999996,43.024868,52.76010229906363,59.386845558955855,-9.464982700063636,-16.361977547481246
2020-12-18 09:00:00,28.652933962000006,38.787987,50.593527053239185,75.14567964251307,-21.94059309123918,-36.35769288714198
2020-12-18 09:15:00,28.652933962000006,27.983686,53.11735740940422,76.53273476758984,-24.464423447404215,-48.54904832044629
2020-12-18 09:30:00,28.652933962000006,27.85649,57.04615665634265,82.31954148199222,-28.393222694342647,-54.46305230047366
2020-12-18 09:45:00,28.652933962000006,27.922981,59.78959031256254,89.21294069350621,-31.136656350562532,-61.28995943129918
2020-12-18 10:00:00,28.779283556999992,27.811638,51.791074370645966,84.37537890008021,-23.011790813645973,-56.56374102166224
2020-12-18 10:15:00,39.77928355699999,46.159653,50.51469924580462,74.9128707412709,-10.735415688804629,-28.753218031309956
2020-12-18 10:30:00,39.77928355699999,46.19063,35.91652421808181,72.6445696585701,3.862759338918181,-26.453937792115028
2020-12-18 10:45:00,39.77928355699999,45.66262,35.586514507614176,65.60390563147078,4.1927690493858165,-19.941285087037187
2020-12-18 11:00:00,40.00342895399999,37.012974,36.13971269421328,62.64730216205487,3.863716259786713,-25.63432837665448
2020-12-18 11:15:00,32.00342895399999,29.931503,32.89207721708666,66.35272816318852,-0.8886482630866652,-36.42122486729008
2020-12-18 11:30:00,32.00342895399999,29.419203,43.117695388689405,65.41213482794257,-11.114266434689412,-35.992932023377136
2020-12-18 11:45:00,43.00342895399999,44.585354,38.733841439231924,67.53950550703858,4.2695875147680695,-22.954151655720224
2020-12-18 12:00:00,32.893174628,37.554443,60.29624661425067,57.47386508946104,-27.403071986250673,-19.919421730086043
2020-12-18 12:15:00,28.893174627999997,27.229214,68.70396370618496,79.01295916987308,-39.81078907818497,-51.783745455273475
2020-12-18 12:30:00,28.893174627999997,27.893318,60.67988730629328,87.49788046957431,-31.786712678293284,-59.60456229330478
2020-12-18 12:45:00,28.893174627999997,27.814632,39.654406140549746,78.8195589981901,-10.761231512549749,-51.00492658241862
2020-12-18 13:00:00,22.895158232,27.246,49.65064132345851,57.54878728837708,-26.75548309145851,-30.302786998460085
2020-12-18 13:15:00,22.895158232,22.236757,39.74239648755666,63.97395472737702,-16.84723825555666,-41.73719744893464
2020-12-18 13:30:00,22.895158232,22.27766,44.85165172695113,53.99188657305669,-21.956493494951133,-31.714226203183642
2020-12-18 13:45:00,22.895158232,22.27766,40.78724167423481,55.095461632107074,-17.892083442234807,-32.81780126223403
2020-12-18 14:00:00,21.411154666000005,21.903868,27.96263037030901,43.75799286164366,-6.551475704309006,-21.85412514008604
2020-12-18 14:15:00,21.411154666000005,20.4456,18.841878411189317,33.738833987764046,2.5692762548106884,-13.293233478120491
2020-12-18 14:30:00,21.411154666000005,20.4456,12.464984929675952,26.544160829643733,8.946169736324054,-6.098560320000178
2020-12-18 14:45:00,32.411154666,34.971012,8.756256493211923,19.406765973304513,23.65489817278808,15.564246142174003
2020-12-18 15:00:00,36.446211634,34.7726,7.679092412511985,10.811526749114881,28.767119221488016,23.96107151748668
2020-12-18 15:15:00,36.446211634,37.91463,3.7938527245003373,8.934379050689714,32.65235890949966,28.980251839202865
2020-12-18 15:30:00,36.446211634,37.077087,1.382985732060076,6.59651403544726,35.06322590193992,30.48057336689649
2020-12-18 15:45:00,25.446211634,25.769506,0.0,4.26505754631171,25.446211634,21.504448908156064
2020-12-18 16:00:00,28.381742820000003,25.600555,0.0,1.5192754805670114,28.381742820000003,24.081279939354864
2020-12-18 16:15:00,28.381742820000003,27.875591,0.0,1.1444080227846616,28.381742820000003,26.731183255291512
2020-12-18 16:30:00,28.381742820000003,27.927776,0.0,0.867179684529474,28.381742820000003,27.060596652140447
2020-12-18 16:45:00,39.38174282,40.3581,0.0,1.2294585809506104,39.38174282,39.12864231016267
2020-12-18 17:00:00,39.590628736,37.26409,0.0,-0.35570922387496495,39.590628736,37.619800715574186
2020-12-18 17:15:00,55.590628736,56.58438,0.0,-0.015147660783614403,55.590628736,56.59952876429924
2020-12-18 17:30:00,62.19062873600002,66.94337,0.0,0.008252306558964473,62.19062873600002,66.93511469783557
2020-12-18 17:45:00,66.590628736,67.95625,0.0,-0.29446285446833287,66.590628736,68.25071590622615
2020-12-18 18:00:00,81.50672895699999,84.3221,0.0,-0.9974765457839566,81.50672895699999,85.31957432410427
2020-12-18 18:15:00,72.50672895699999,71.54961,0.0,-1.1083795889576118,72.50672895699999,72.6579859121998
2020-12-18 18:30:00,81.50672895699999,79.31653,0.0,-1.1317245274585224,81.50672895699999,80.44825284777102
2020-12-18 18:45:00,72.50672895699999,73.4463,0.0,-1.1376687179618097,72.50672895699999,74.58396540985635
2020-12-18 19:00:00,56.54070570899999,61.73891,0.0,-1.0419828895607184,56.54070570899999,62.78089356460955
2020-12-18 19:15:00,56.54070570899999,56.623158,0.0,-0.930448083676395,56.54070570899999,57.5536055848971
2020-12-18 19:30:00,54.54070570899999,54.72595,0.0,-0.836458078558569,54.54070570899999,55.562406412298806
2020-12-18 19:45:00,39.54070570899999,39.228718,0.0,-0.7718238495517556,39.54070570899999,40.000541653506836
2020-12-18 20:00:00,32.824632007999995,32.47457,0.0,-0.6678762314847698,32.824632007999995,33.14244745951211
2020-12-18 20:15:00,42.824632007999995,41.009884,0.0,-0.6663997978589996,42.824632007999995,41.676283678474235
2020-12-18 20:30:00,64.824632008,62.936188,0.0,-0.7027321622005341,64.824632008,63.63891990634116
2020-12-18 20:45:00,54.824632007999995,56.001743,0.0,-0.696774274997595,54.824632007999995,56.698517591647985
2020-12-18 21:00:00,49.184371496,52.81866,0.0,-0.5880449006144214,49.184371496,53.406705636698405
2020-12-18 21:15:00,49.184371496,51.325928,0.0,-0.5479673501646217,49.184371496,51.87389508453962
2020-12-18 21:30:00,49.184371496,51.67217,0.0,-0.42707179509942883,49.184371496,52.09924052678888
2020-12-18 21:45:00,60.184371496,61.42256,0.0,-0.5322529764482226,60.184371496,61.95481462195603
2020-12-18 22:00:00,69.617479769,73.10103,0.0,-0.6908582604212469,69.617479769,73.79188670280406
2020-12-18 22:15:00,54.617479769,58.542393,0.0,-0.5180115056429982,54.617479769,59.060404236355886
2020-12-18 22:30:00,36.617479769,38.19846,0.0,-0.4133386566505656,36.617479769,38.61179828189471
2020-12-18 22:45:00,36.617479769,34.65943,0.0,-0.30842244257288265,36.617479769,34.967853900092415
2020-12-18 23:00:00,55.31633252,52.79697,0.0,-0.506103962874728,55.31633252,53.303074330306366
2020-12-18 23:15:00,47.31633252,48.05863,0.0,-0.4461873316376429,47.31633252,48.5048192286103
2020-12-18 23:30:00,44.31633252,43.13731,0.0,-0.4921219204227515,44.31633252,43.629431948498926
2020-12-18 23:45:00,36.31633252,35.49397,0.0,-0.42772058420898873,36.31633252,35.92168954783204
2020-12-19 00:00:00,25.603478995000003,23.678988,0.0,-1.1592547256813779,25.603478995000003,24.838242228733137
2020-12-19 00:15:00,17.603478995000003,15.988043,0.0,-1.1620166216756447,17.603478995000003,17.150059453096542
2020-12-19 00:30:00,14.603478995000003,13.4813385,0.0,-1.194337489782522,14.603478995000003,14.675675990759085
2020-12-19 00:45:00,14.603478995000003,13.319221,0.0,-1.1716514824062978,14.603478995000003,14.490872025314012
2020-12-19 01:00:00,11.607235012999999,12.089345,0.0,-1.2846204557319316,11.607235012999999,13.373965434064452
2020-12-19 01:15:00,11.607235012999999,10.501202,0.0,-1.3349119818280988,11.607235012999999,11.836113611466772
2020-12-19 01:30:00,11.607235012999999,10.501202,0.0,-1.3419870096533613,11.607235012999999,11.843188639292034
2020-12-19 01:45:00,11.607235012999999,10.554831,0.0,-1.3434489299152466,11.607235012999999,11.898279481062708
2020-12-19 02:00:00,11.345580960999998,10.876187,0.0,-0.16680998420935744,11.345580960999998,11.042997308733284
2020-12-19 02:15:00,11.345580960999998,10.808031,0.0,-0.21913528225315837,11.345580960999998,11.02716636440648
2020-12-19 02:30:00,11.345580960999998,10.906682,0.0,-0.1946540420454791,11.345580960999998,11.101336056510812
2020-12-19 02:45:00,11.345580960999998,10.906682,0.0,-0.20632653011815016,11.345580960999998,11.113008544583483
2020-12-19 03:00:00,10.548963464,10.923404,0.0,0.5017485483696803,10.548963464,10.42165519155952
2020-12-19 03:15:00,10.548963464,10.372862,0.0,0.4199395361081998,10.548963464,9.952922326074418
2020-12-19 03:30:00,10.548963464,10.372862,0.0,0.40039909451429956,10.548963464,9.972462767668318
2020-12-19 03:45:00,10.548963464,10.372862,0.0,0.4049515383040355,10.548963464,9.967910323878582
2020-12-19 04:00:00,8.021416808,11.0177765,0.0,1.3947709043877898,8.021416808,9.623005584870022
2020-12-19 04:15:00,8.021416808,8.84991,0.0,1.377929744294633,8.021416808,7.471980038115035
2020-12-19 04:30:00,8.021416808,8.84991,0.0,1.398537376732687,8.021416808,7.451372405676981
2020-12-19 04:45:00,8.021416808,8.84991,0.0,1.4230627313026218,8.021416808,7.426847051107046
2020-12-19 05:00:00,8.248658263000001,8.84991,0.0,2.8922614051164928,8.248658263000001,5.957648377293175
2020-12-19 05:15:00,8.248658263000001,9.012047,0.0,2.9512966341791116,8.248658263000001,6.060750179785732
2020-12-19 05:30:00,8.248658263000001,9.012047,0.0,3.002247742855989,8.248658263000001,6.009799071108855
2020-12-19 05:45:00,8.248658263000001,9.012047,0.0,3.0500470613932924,8.248658263000001,5.961999752571551
2020-12-19 06:00:00,16.728743684999998,11.257407,0.0,7.714822918182876,16.728743684999998,3.542584270232651
2020-12-19 06:15:00,16.728743684999998,16.975437,0.0,8.42791433569306,16.728743684999998,8.54752282861358
2020-12-19 06:30:00,16.728743684999998,17.012524,0.0,8.736375724642913,16.728743684999998,8.276147926480133
2020-12-19 06:45:00,16.728743684999998,17.012524,0.0,9.043829992944124,16.728743684999998,7.968693658178923
2020-12-19 07:00:00,30.334484295999992,26.490993,0.0,18.315482579496926,30.334484295999992,8.175510920258933
2020-12-19 07:15:00,30.334484295999992,29.491438,0.0,18.360563614211625,30.334484295999992,11.13087429777568
2020-12-19 07:30:00,30.334484295999992,29.165497,0.8589865131633952,18.86318197104987,29.475497782836598,10.302314855122006
2020-12-19 07:45:00,30.334484295999992,29.144016,1.0164837095100119,21.09061298118007,29.31800058648998,8.053403284689072
2020-12-19 08:00:00,42.87920655599997,37.010174,2.241387451076664,25.31162421453134,40.63781910492331,11.698549583076083
2020-12-19 08:15:00,53.87920655599997,53.556942,4.006003428443881,27.3099233776329,49.87320312755609,26.247018608451086
2020-12-19 08:30:00,64.87920655599997,67.93443,5.801745724561983,28.12754612086342,59.07746083143799,39.806886862535016
2020-12-19 08:45:00,58.87920655599997,61.871162,6.7362537566690275,29.387894599280003,52.14295279933094,32.48326781527078
2020-12-19 09:00:00,37.79476126300001,45.270966,7.331003497862886,29.33072472998829,30.463757765137125,15.940240846183585
2020-12-19 09:15:00,31.79476126300001,32.515438,8.73928912859239,37.73567894984514,23.05547213440762,-5.220240870011153
2020-12-19 09:30:00,31.79476126300001,32.065018,9.870601777244346,44.18316505806827,21.924159485755663,-12.118147357872957
2020-12-19 09:45:00,31.79476126300001,32.495373,10.199287833223801,44.61130270389117,21.595473429776206,-12.115929931674373
2020-12-19 10:00:00,24.39620441200001,31.336939,11.570866260760491,42.6308438645082,12.825338151239519,-11.293905006475974
2020-12-19 10:15:00,24.39620441200001,25.029554,14.575101285826017,46.17885063311306,9.821103126173993,-21.149296266047628
2020-12-19 10:30:00,24.39620441200001,24.98421,13.683042191735792,51.106296398368386,10.713162220264218,-26.12208733769944
2020-12-19 10:45:00,24.39620441200001,25.08487,16.87961530706803,51.20930116939252,7.516589104931981,-26.124431784626893
2020-12-19 11:00:00,22.608070550999994,24.778158,20.019984017113035,50.84113705394884,2.5880865338869583,-26.06297886608263
2020-12-19 11:15:00,22.608070550999994,23.441643,23.29500795949677,53.0945914977551,-0.6869374084967745,-29.65294873652463
2020-12-19 11:30:00,22.608070550999994,23.516268,20.27171752441211,55.32790985216869,2.336353026587883,-31.81164207567943
2020-12-19 11:45:00,22.608070550999994,23.441643,27.47435139759592,53.022314386173825,-4.866280846595927,-29.580671624943356
2020-12-19 12:00:00,27.581656288000012,21.769812,30.091260123595536,52.523835926722725,-2.5096038355955237,-30.754024296473702
2020-12-19 12:15:00,27.581656288000012,27.638033,33.17574334426271,53.16429678290923,-5.594087056262701,-25.526263869701225
2020-12-19 12:30:00,27.581656288000012,27.649,47.4010690038692,54.530095000725844,-19.81941271586919,-26.881094832879164
2020-12-19 12:45:00,27.581656288000012,27.666544,37.63803639752251,63.20290916220188,-10.0563801095225,-35.53636520163059
2020-12-19 13:00:00,18.968365018,27.57605,28.241010179888708,46.848878539080395,-9.272645161888708,-19.272828734392895
2020-12-19 13:15:00,29.968365018,30.827057,23.90149862611908,41.14322804981785,6.066866391880922,-10.316171165052225
2020-12-19 13:30:00,29.968365018,31.078037,19.85099814069392,35.478123874539,10.117366877306079,-4.400086612576111
2020-12-19 13:45:00,29.968365018,31.15852,10.074643464981575,30.96065797062961,19.893721553018423,0.1978617742434352
2020-12-19 14:00:00,20.374573098999996,23.575516,3.2782451591179482,20.6877997673796,17.09632793988205,2.887715979690711
2020-12-19 14:15:00,15.374573098999997,16.66663,11.765995402601849,15.779840101556884,3.6085776963981484,0.8867896897028817
2020-12-19 14:30:00,15.374573098999997,17.111847,8.41851287694709,18.134555820335116,6.956060222052907,-1.022708896506991
2020-12-19 14:45:00,15.374573098999997,17.030659,7.084255790485967,14.104033430019989,8.29031730851403,2.9266252919038394
2020-12-19 15:00:00,14.037483757,17.397036,3.566844370803502,8.360820977409336,10.470639386196499,9.036214621345547
2020-12-19 15:15:00,25.037483757,27.145857,1.848406285076487,7.10261242002493,23.189077471923515,20.043244437274875
2020-12-19 15:30:00,25.037483757,27.78096,0.8447096816723911,5.6115758849110025,24.19277407532761,22.16938419809681
2020-12-19 15:45:00,18.037483757,17.839552,0.0,4.735875207120893,18.037483757,13.103676718538287
2020-12-19 16:00:00,35.951904897999995,27.686623,0.0,2.2068363354321248,35.951904897999995,25.47978628419678
2020-12-19 16:15:00,26.951904897999995,29.549953,0.0,0.9768659048977452,26.951904897999995,28.573087555795613
2020-12-19 16:30:00,26.951904897999995,26.536282,0.0,0.5945844155757464,26.951904897999995,25.941697170117614
2020-12-19 16:45:00,26.951904897999995,26.48567,0.0,0.42084002289475186,26.951904897999995,26.06483006682693
2020-12-19 17:00:00,32.647802573999996,29.443827,0.0,-0.6888798896676153,32.647802573999996,30.132706565082653
2020-12-19 17:15:00,32.647802573999996,33.15496,0.0,-0.9122206461251309,32.647802573999996,34.06718127844935
2020-12-19 17:30:00,32.647802573999996,33.629353,0.0,-0.7404149822130669,32.647802573999996,34.369767551793146
2020-12-19 17:45:00,32.647802573999996,33.662167,0.0,-0.8570986594531301,32.647802573999996,34.51926525491211
2020-12-19 18:00:00,58.59103074800001,56.95996,0.0,-1.3680024205906731,58.59103074800001,58.32796335809067
2020-12-19 18:15:00,59.59103074800001,62.44688,0.0,-1.3367978576044068,59.59103074800001,63.78367819818058
2020-12-19 18:30:00,78.59103074800001,84.19851,0.0,-1.4122751209781415,78.59103074800001,85.61078433728673
2020-12-19 18:45:00,70.59103074800001,73.63548,0.0,-1.3733514199039005,70.59103074800001,75.00883420798984
2020-12-19 19:00:00,71.838697136,73.06561,0.0,-1.2145596629894149,71.838697136,74.28017245595817
2020-12-19 19:15:00,65.838697136,67.797775,0.0,-1.1998176393471356,65.838697136,68.99759290790182
2020-12-19 19:30:00,59.83869713599999,62.242,0.0,-0.9774685521814767,59.83869713599999,63.21946913201546
2020-12-19 19:45:00,54.83869713599999,59.7735,0.0,-0.9233090150356303,54.83869713599999,60.69680755019188
2020-12-19 20:00:00,47.189360449999995,53.842617,0.0,-0.7583702664740485,47.189360449999995,54.600987301386155
2020-12-19 20:15:00,42.189360449999995,42.310673,0.0,-0.7514844230089422,42.189360449999995,43.062157183018705
2020-12-19 20:30:00,60.78936045000002,60.790024,0.0,-0.8731205507914616,60.78936045000002,61.6631443545024
2020-12-19 20:45:00,51.189360449999995,53.476936,0.0,-0.7629532471702262,51.189360449999995,54.239889587502255
2020-12-19 21:00:00,47.503794333,50.07381,0.0,-0.7052748190599792,47.503794333,50.77908539645256
2020-12-19 21:15:00,37.503794333,36.898567,0.0,-0.6439726875661257,37.503794333,37.54253988727316
2020-12-19 21:30:00,37.503794333,36.059097,0.0,-0.5380856359215197,37.503794333,36.59718292596058
2020-12-19 21:45:00,29.503794333000002,30.324947,0.0,-0.5779225459172973,29.503794333000002,30.90286990309503
2020-12-19 22:00:00,26.391713022999994,25.928673,0.0,-0.6238308889619005,26.391713022999994,26.552503679489245
2020-12-19 22:15:00,26.391713022999994,24.878714,0.0,-0.543139245937133,26.391713022999994,25.42185285372522
2020-12-19 22:30:00,26.391713022999994,24.604513,0.0,-0.3837240237017997,26.391713022999994,24.98823719203676
2020-12-19 22:45:00,26.391713022999994,24.830915,0.0,-0.3820359823983682,26.391713022999994,25.212951433448172
2020-12-19 23:00:00,18.051371175000003,22.134796,0.0,-0.5718335880031474,18.051371175000003,22.706629730581273
2020-12-19 23:15:00,18.051371175000003,18.748762,0.0,-0.5109760055160609,18.051371175000003,19.259738136253365
2020-12-19 23:30:00,40.051371175,41.42125,0.0,-0.581696713158988,40.051371175,42.00294610280743
2020-12-19 23:45:00,40.051371175,40.816483,0.0,-0.4102083031248124,40.051371175,41.226690847070124
2020-12-20 00:00:00,46.38826434400001,44.44359,0.0,-1.1162241130441801,46.38826434400001,45.55981236988012
2020-12-20 00:15:00,61.38826434400001,59.618885,0.0,-1.0671933012775545,61.38826434400001,60.68607834156076
2020-12-20 00:30:00,57.38826434400001,59.265423,0.0,-0.8835140724543012,57.38826434400001,60.148936893499226
2020-12-20 00:45:00,47.38826434400001,51.178596,0.0,-0.9822051198932683,47.38826434400001,52.1608016164753
2020-12-20 01:00:00,45.249162611,47.097557,0.0,0.5729725127787128,45.249162611,46.52458455509238
2020-12-20 01:15:00,41.249162611,45.29211,0.0,0.9347771570274109,41.249162611,44.35733328608782
2020-12-20 01:30:00,34.249162611,35.019657,0.0,0.3450625191773121,34.249162611,34.674594615832454
2020-12-20 01:45:00,34.249162611,33.167603,0.0,-0.3678749170262502,34.249162611,33.53547745608875
2020-12-20 02:00:00,34.47044398499999,33.448082,0.0,2.0857482985312528,34.47044398499999,31.36233367168359
2020-12-20 02:15:00,14.270443984999998,13.975994,0.0,1.1242977902469091,14.270443984999998,12.851696319860512
2020-12-20 02:30:00,14.270443984999998,13.217105,0.0,0.8535889921697873,14.270443984999998,12.363515919634413
2020-12-20 02:45:00,14.270443984999998,13.217105,0.0,0.8593936116137212,14.270443984999998,12.357711300190479
2020-12-20 03:00:00,13.677399302000001,13.270107,0.0,2.2865735821811297,13.677399302000001,10.983533687105979
2020-12-20 03:15:00,13.677399302000001,13.107907,0.0,1.0533743415375971,13.677399302000001,12.054532953689453
2020-12-20 03:30:00,13.677399302000001,13.116163,0.0,1.046378634835155,13.677399302000001,12.069784618949026
2020-12-20 03:45:00,13.677399302000001,13.088501,0.0,1.0384423072768305,13.677399302000001,12.050058669285669
2020-12-20 04:00:00,12.357549936000002,13.611517,0.0,1.961300186074694,12.357549936000002,11.650216766439954
2020-12-20 04:15:00,12.357549936000002,12.498495,0.0,1.88144347436387,12.357549936000002,10.617051627564841
2020-12-20 04:30:00,12.357549936000002,12.498495,0.0,1.8214753029562836,12.357549936000002,10.677019798972427
2020-12-20 04:45:00,12.357549936000002,12.498495,0.0,1.7833097726762617,12.357549936000002,10.71518532925245
2020-12-20 05:00:00,9.511933526999995,12.486585,0.0,2.875043903610388,9.511933526999995,9.611540759780725
2020-12-20 05:15:00,9.511933526999995,9.664555,0.0,2.842775832702002,9.511933526999995,6.8217787632452636
2020-12-20 05:30:00,9.511933526999995,9.664555,0.0,2.8816120863310566,9.511933526999995,6.782942509616209
2020-12-20 05:45:00,9.511933526999995,9.664555,0.0,2.937099260033179,9.511933526999995,6.727455335914087
2020-12-20 06:00:00,14.594816403,12.104867,0.0,6.119915059853668,14.594816403,5.98495192165268
2020-12-20 06:15:00,14.594816403,15.892179,0.0,6.412976618926213,14.594816403,9.479201916535214
2020-12-20 06:30:00,14.594816403,15.892179,0.0,6.571189992794047,14.594816403,9.32098854266738
2020-12-20 06:45:00,14.594816403,15.892179,0.0,6.7802089943871895,14.594816403,9.111969541074236
2020-12-20 07:00:00,28.204240268999996,24.957848,0.0,12.798256020921873,28.204240268999996,12.159591574292971
2020-12-20 07:15:00,28.204240268999996,29.713156,0.0,13.355884688442158,28.204240268999996,16.3572710580178
2020-12-20 07:30:00,28.204240268999996,29.713156,0.4725759601804252,13.856270858454284,27.73166430881957,15.856884888005677
2020-12-20 07:45:00,28.204240268999996,29.713156,1.9657202408821226,14.87027365936388,26.238520028117872,14.842882087096081
2020-12-20 08:00:00,45.096916715,34.470848,5.538256085718475,21.33490777804868,39.558660629281526,13.135940305447413
2020-12-20 08:15:00,45.096916715,44.215572,16.85410153904861,25.41876410826329,28.24281517595139,18.796808248914445
2020-12-20 08:30:00,45.096916715,44.732315,43.72840357205708,37.03557689531492,1.3685131429429163,7.6967381681616445
2020-12-20 08:45:00,45.096916715,44.377342,89.58324052422275,62.67484813657641,-44.486323809222746,-18.297505912455314
2020-12-20 09:00:00,36.217870592000004,42.25794,94.80419819837935,101.37268753016954,-58.58632760637935,-59.11474914515978
2020-12-20 09:15:00,36.217870592000004,36.383377,104.14511461200586,109.83890998927895,-67.92724402000584,-73.45553291408363
2020-12-20 09:30:00,36.217870592000004,36.46456,48.17830914502536,121.49510860729711,-11.960438553025355,-85.03054714489477
2020-12-20 09:45:00,36.217870592000004,36.46456,54.98098329153629,81.91842167727728,-18.763112699536286,-45.453860214874936
2020-12-20 10:00:00,35.891646247999994,34.04318,48.8814011017305,82.41920886200715,-12.98975485373051,-48.376030303657544
2020-12-20 10:15:00,35.891646247999994,34.34012,50.06005877111406,80.48532839828648,-14.168412523114064,-46.14520999008336
2020-12-20 10:30:00,35.891646247999994,34.34012,38.588083526553696,80.48707533571076,-2.6964372785537023,-46.14695692750763
2020-12-20 10:45:00,35.891646247999994,34.634712,36.66883166181658,73.64571514725387,-0.7771854138165892,-39.011002928015586
2020-12-20 11:00:00,25.542010743,34.403725,44.48285845717796,66.17621919359888,-18.940847714177963,-31.772494523188726
2020-12-20 11:15:00,25.542010743,25.793022,37.84600479041521,74.52675476548758,-12.303994047415209,-48.73373260972586
2020-12-20 11:30:00,25.542010743,25.645771,31.122967734116486,70.1913476164459,-5.580956991116487,-44.54557658983457
2020-12-20 11:45:00,25.542010743,25.645771,44.405891793691396,66.15108622085316,-18.863881050691397,-40.50531519424183
2020-12-20 12:00:00,34.806889974000015,34.906487,34.34309917782928,68.69245568527423,0.46379079617073415,-33.78596917404376
2020-12-20 12:15:00,34.806889974000015,35.69541,33.09671022619621,58.79845950038197,1.7101797478038065,-23.103047818253067
2020-12-20 12:30:00,34.806889974000015,35.624374,30.728473877525538,56.68611120547631,4.078416096474477,-21.06173681582787
2020-12-20 12:45:00,34.806889974000015,35.279778,39.17301507991872,53.68103779472963,-4.366125105918705,-18.401260267874164
2020-12-20 13:00:00,29.095867865,34.068626,56.001717429264644,51.33953049063646,-26.905849564264646,-17.27090408682787
2020-12-20 13:15:00,29.095867865,29.823103,33.90681310624728,58.47673547677324,-4.810945241247278,-28.653632525723438
2020-12-20 13:30:00,29.095867865,29.793053,35.42054555512827,43.652436824977244,-6.324677690128272,-13.8593841516374
2020-12-20 13:45:00,21.095867865,21.594986,36.79664933506062,42.46191694585623,-15.700781470060623,-20.86693098394217
2020-12-20 14:00:00,16.124862123,18.556143,21.21675075879533,38.29908513657277,-5.091888635795332,-19.742942329565935
2020-12-20 14:15:00,20.124862123,18.667812,11.47576862441812,28.33388073491134,8.64909349858188,-9.66606838749923
2020-12-20 14:30:00,16.124862123,17.044054,10.676392546161454,23.782352491731547,5.448469576838546,-6.738298460359477
2020-12-20 14:45:00,29.124862123,27.879387,6.741519250789197,22.462824874746307,22.383342872210804,5.416562027109162
2020-12-20 15:00:00,40.924267539999995,38.19969,4.876386539643864,14.1392846538334,36.04788100035613,24.060407118627538
2020-12-20 15:15:00,53.924267539999995,48.669624,3.4517066881453227,9.510128855987686,50.472560851854674,39.15949547262559
2020-12-20 15:30:00,62.924267539999995,54.544655,1.5173890191926978,8.369073163446327,61.4068785208073,46.175581682745076
2020-12-20 15:45:00,45.52426754000002,48.015835,0.0,5.512150983849407,45.52426754000002,42.5036838245002
2020-12-20 16:00:00,44.643995818,43.734585,0.0,2.367445461793575,44.643995818,41.36713934655604
2020-12-20 16:15:00,36.44399581800001,38.98668,0.0,1.8044679128191303,36.44399581800001,37.18221116432931
2020-12-20 16:30:00,33.643995818,33.395763,0.0,1.1981092142644867,33.643995818,32.19765418295231
2020-12-20 16:45:00,33.643995818,35.719692,0.0,1.5721620581585674,33.643995818,34.14753017206604
2020-12-20 17:00:00,35.76189876800001,29.637012,0.0,-0.10876425376710686,35.76189876800001,29.74577673545656
2020-12-20 17:15:00,31.76189876800001,33.69146,0.0,-0.19687682639550552,31.76189876800001,33.88833648215722
2020-12-20 17:30:00,42.76189876800001,43.144073,0.0,-0.25707311386779097,42.76189876800001,43.401146600195915
2020-12-20 17:45:00,53.76189876800001,55.313477,0.0,-0.31749759734773797,53.76189876800001,55.63097415984774
2020-12-20 18:00:00,52.642735672,58.89402,0.0,-1.1366405150809706,52.642735672,60.030660595647376
2020-12-20 18:15:00,52.642735672,54.959682,0.0,-1.1041743817475043,52.642735672,56.063856846347115
2020-12-20 18:30:00,52.642735672,54.49062,0.0,-1.2244803662364037,52.642735672,55.715100025660234
2020-12-20 18:45:00,52.642735672,53.71348,0.0,-1.2470310135185487,52.642735672,54.96051291659472
2020-12-20 19:00:00,45.734822012,45.239788,0.0,-1.282867760738335,45.734822012,46.522655816158256
2020-12-20 19:15:00,42.734822012,40.071514,0.0,-1.2489003964182723,42.734822012,41.32041452605694
2020-12-20 19:30:00,53.734822012,51.893547,0.0,-1.2140566497276284,53.734822012,53.1076037078331
2020-12-20 19:45:00,53.734822012,51.07912,0.0,-1.109017184805901,53.734822012,52.18813782079223
2020-12-20 20:00:00,61.853623890000016,56.89345,0.0,-1.0173412269467077,61.853623890000016,57.91079291762053
2020-12-20 20:15:00,61.853623890000016,55.30447,0.0,-1.024413412334142,61.853623890000016,56.32888347459
2020-12-20 20:30:00,52.853623890000016,51.770138,0.0,-1.0208222314414828,52.853623890000016,52.79096001830672
2020-12-20 20:45:00,42.853623890000016,42.36467,0.0,-0.8974378004878726,42.853623890000016,43.26210760029256
2020-12-20 21:00:00,29.69439042999999,26.57254,0.0,-0.7482415017185541,29.69439042999999,27.320781784921678
2020-12-20 21:15:00,27.69439042999999,27.341438,0.0,-0.701099378447606,27.69439042999999,28.042537671904636
2020-12-20 21:30:00,27.69439042999999,27.090082,0.0,-0.7144903265992283,27.69439042999999,27.80457249517833
2020-12-20 21:45:00,68.69439043,62.097404,0.0,-0.8594835685225056,68.69439043,62.956888048502975
2020-12-20 22:00:00,67.28291215099999,62.075542,0.0,-0.8635033267645095,67.28291215099999,62.93904577671568
2020-12-20 22:15:00,78.28291215099999,75.36377,0.0,-0.9273427777853299,78.28291215099999,76.29111230903533
2020-12-20 22:30:00,63.082912151,62.980648,0.0,-0.8643962971195115,63.082912151,63.845044337891
2020-12-20 22:45:00,40.28291215099999,39.19095,0.0,-0.5491864066880129,40.28291215099999,39.74013489301614
2020-12-20 23:00:00,25.83142388700003,25.349117,0.0,-0.6512913604235663,25.83142388700003,26.0004086394763
2020-12-20 23:15:00,19.23142388700001,18.83039,0.0,-0.6240783647566089,19.23142388700001,19.45446929493239
2020-12-20 23:30:00,41.231423887000005,41.614063,0.0,-0.9477189642124336,41.231423887000005,42.56178222715189
2020-12-20 23:45:00,39.231423887000005,38.147594,0.0,-0.9082274703321725,39.231423887000005,39.05582192223647
2020-12-21 00:00:00,21.612135275000004,22.31135,0.0,-0.2323912273779466,21.612135275000004,22.54374109615236
2020-12-21 00:15:00,21.812135274999992,21.281883,0.0,-0.43441693304620366,21.812135274999992,21.716300172792298
2020-12-21 00:30:00,21.612135275000004,20.149569,0.0,-0.12231000435834816,21.612135275000004,20.271878562097605
2020-12-21 00:45:00,21.612135275000004,20.324831,0.0,-0.5919640037972808,21.612135275000004,20.916795012708413
2020-12-21 01:00:00,19.305953299000002,19.018425,0.0,0.76098186686671,19.305953299000002,18.257443120926258
2020-12-21 01:15:00,19.305953299000002,19.267767,0.0,0.6071376345210603,19.305953299000002,18.66062931799359
2020-12-21 01:30:00,12.305953299,11.40614,0.0,0.24998593269531788,12.305953299,11.156154394758296
2020-12-21 01:45:00,8.305953299,9.298824,0.0,-0.1190601676102957,8.305953299,9.41788447791303
2020-12-21 02:00:00,12.179178492999997,8.659876,0.0,0.6583225978112627,12.179178492999997,8.001553271939715
2020-12-21 02:15:00,12.179178492999997,11.718329,0.0,0.34680478793941993,12.179178492999997,11.371524641687046
2020-12-21 02:30:00,12.179178492999997,11.768638,0.0,0.06748634923995567,12.179178492999997,11.701151307925572
2020-12-21 02:45:00,12.179178492999997,11.768638,0.0,-0.08841084560989032,12.179178492999997,11.857048502775418
2020-12-21 03:00:00,11.259406527000001,11.785359,0.0,-0.16894049258068755,11.259406527000001,11.954299875210083
2020-12-21 03:15:00,11.259406527000001,11.216871,0.0,-0.17642171563224196,11.259406527000001,11.393292977228922
2020-12-21 03:30:00,11.259406527000001,11.216871,0.0,-0.15424247875970132,11.259406527000001,11.371113740356382
2020-12-21 03:45:00,11.259406527000001,11.216871,0.0,-0.11228509761252703,11.259406527000001,11.329156359209207
2020-12-21 04:00:00,10.222534482999999,11.394224,0.0,-0.05854775837908488,10.222534482999999,11.452771925249202
2020-12-21 04:15:00,10.222534482999999,10.477016,0.0,-0.06037986569325782,10.222534482999999,10.537396314667868
2020-12-21 04:30:00,10.222534482999999,10.477016,0.0,-0.005969985981871706,10.222534482999999,10.482986434956482
2020-12-21 04:45:00,10.222534482999999,10.477016,0.0,0.08282653129941131,10.222534482999999,10.394189917675199
2020-12-21 05:00:00,9.069901671999997,10.461563,0.0,1.763594087423547,9.069901671999997,8.697969022928016
2020-12-21 05:15:00,9.069901671999997,9.007237,0.0,1.903321241194261,9.069901671999997,7.103916193192946
2020-12-21 05:30:00,9.069901671999997,9.007237,0.0,2.0159075239779787,9.069901671999997,6.991329910409228
2020-12-21 05:45:00,20.069901671999997,19.356022,0.0,2.0053880344858177,20.069901671999997,17.350633846617697
2020-12-21 06:00:00,25.67125591,21.83328,0.0,6.641601216193204,25.67125591,15.191679347161287
2020-12-21 06:15:00,25.67125591,25.670362,0.0,7.459024590692129,25.67125591,18.21133788184205
2020-12-21 06:30:00,17.67125591,15.873518,0.0,7.603720123723263,17.67125591,8.269797866389041
2020-12-21 06:45:00,14.671255910000001,14.832015,0.0,9.842546878728637,14.671255910000001,4.989468158807984
2020-12-21 07:00:00,22.977409742000003,24.898422,0.0,16.63434138029665,22.977409742000003,8.264080860914287
2020-12-21 07:15:00,22.977409742000003,23.91537,0.0,18.494869058638574,22.977409742000003,5.420501882523535
2020-12-21 07:30:00,22.977409742000003,23.820518,0.0,16.80242123852856,22.977409742000003,7.018097255123784
2020-12-21 07:45:00,22.977409742000003,23.753948,0.9405635670085037,16.48653089957319,22.0368461749915,7.2674173120967325
2020-12-21 08:00:00,36.89316878999999,30.37906,2.2702389936676024,20.01413669429845,34.622929796332386,10.364924050940807
2020-12-21 08:15:00,36.89316878999999,37.712322,4.77004952655116,24.133908365057913,32.12311926344883,13.57841387004951
2020-12-21 08:30:00,36.89316878999999,37.59483,6.774779402860964,27.563151792852835,30.118389387139025,10.031677766473337
2020-12-21 08:45:00,47.89316878999999,45.476315,5.24718812310308,27.586460031445434,42.64598066689691,17.8898545132323
2020-12-21 09:00:00,55.33345348200002,45.106182,6.454892790680831,25.576206817305014,48.87856069131919,19.529975281083658
2020-12-21 09:15:00,54.33345348200002,49.521576,11.645287849717684,30.127062022138404,42.688165632282335,19.39451390559597
2020-12-21 09:30:00,44.33345348200002,42.267216,17.3875520241897,37.73141875428709,26.94590145781032,4.5357969744726745
2020-12-21 09:45:00,44.33345348200002,42.1567,17.204571614863855,45.801686679889976,27.128881867136162,-3.644986545612632
2020-12-21 10:00:00,39.94483315300001,42.159763,21.420802281124292,39.69241226680426,18.52403087187572,2.4673510693773792
2020-12-21 10:15:00,39.94483315300001,38.64707,34.46154275021434,43.48400248998675,5.48329040278567,-4.836930651607844
2020-12-21 10:30:00,39.94483315300001,38.49874,59.52071876225538,53.324146584220436,-19.575885609255366,-14.825405434318093
2020-12-21 10:45:00,39.94483315300001,38.19523,55.388958150837595,73.0627822415351,-15.444124997837584,-34.86755366487495
2020-12-21 11:00:00,38.765569539,36.909946,30.116104740094013,62.26266739134161,8.649464798905985,-25.352720949691218
2020-12-21 11:15:00,38.765569539,37.02079,76.25265298162891,47.90194221934672,-37.487083442628915,-10.881152119249066
2020-12-21 11:30:00,49.765569539,44.94228,93.97576277648947,80.68139939428846,-44.21019323748948,-35.739119578614634
2020-12-21 11:45:00,60.765569539,58.433105,73.28599732405767,92.8069094948456,-12.520427785057677,-34.3738040260956
2020-12-21 12:00:00,64.238975563,55.36647,136.00342720936868,73.16394025888854,-71.76445164636868,-17.797469921974482
2020-12-21 12:15:00,59.238975563,54.26592,141.78688355839327,116.94961753868289,-82.54790799539327,-62.68369880699343
2020-12-21 12:30:00,57.238975563,55.758625,21.87682945693837,120.03832918639931,35.36214610606163,-64.27970415588173
2020-12-21 12:45:00,48.238975563,43.529663,18.8040183661153,41.58527666357405,29.434957196884696,1.9443864223634506
2020-12-21 13:00:00,44.548631354,41.061947,60.08661931462186,37.9399826094972,-15.537987960621862,3.1219642593992845
2020-12-21 13:15:00,37.548631354,34.880695,19.737720127951167,61.13225574763846,17.810911226048834,-26.251560404620882
2020-12-21 13:30:00,70.54863135400001,59.112633,26.084505753680098,35.318823824247545,44.46412560031991,23.7938089272173
2020-12-21 13:45:00,40.548631354,38.98803,40.25428137597185,38.316515814242784,0.2943499780281513,0.6715136657376846
2020-12-21 14:00:00,32.87493499199999,35.106934,51.9238906597091,45.045854767058046,-19.04895566770911,-9.938921173308046
2020-12-21 14:15:00,44.87493499199999,40.202736,38.163583865887944,52.242337965536294,6.711351126112049,-12.039602064657387
2020-12-21 14:30:00,32.87493499199999,30.46517,23.978563231152293,41.390764871895016,8.8963717608477,-10.925594965278805
2020-12-21 14:45:00,65.874934992,56.09824,26.071847291621648,33.1614452998832,39.80308770037834,22.936794598798443
2020-12-21 15:00:00,40.692850953000004,43.75516,10.207851831686346,23.63691415154037,30.484999121313656,20.11824713386002
2020-12-21 15:15:00,62.692850953000004,56.51455,4.077676014920523,15.648537574617261,58.615174938079484,40.86601168075383
2020-12-21 15:30:00,73.692850953,67.201324,2.9903166021486434,11.638638239132144,70.70253435085137,55.56268622375848
2020-12-21 15:45:00,67.692850953,65.342964,0.0,8.091747042024755,67.692850953,57.251217130338524
2020-12-21 16:00:00,52.571281346000006,53.16218,0.0,5.024451141849552,52.571281346000006,48.13773071239849
2020-12-21 16:15:00,40.571281346000006,40.95987,0.0,3.3039023997033423,40.571281346000006,37.655966985062285
2020-12-21 16:30:00,61.571281346000006,56.121933,0.0,3.215499260682119,61.571281346000006,52.906433722716315
2020-12-21 16:45:00,51.571281346000006,52.729225,0.0,2.616449520773961,51.571281346000006,50.112775637917444
2020-12-21 17:00:00,52.734249543,53.11332,0.0,1.4474012270799088,52.734249543,51.66591816989275
2020-12-21 17:15:00,52.734249543,54.99325,0.0,1.5252282878625776,52.734249543,53.468023512674534
2020-12-21 17:30:00,52.734249543,53.930798,0.0,0.7185906056351009,52.734249543,53.2122069712692
2020-12-21 17:45:00,48.734249543,47.334396,0.0,0.6462823493072855,48.734249543,46.6881140129974
2020-12-21 18:00:00,37.95800078,32.14656,0.0,-0.29883304672996325,37.95800078,32.44539371567527
2020-12-21 18:15:00,37.95800078,38.128872,0.0,-0.4764902045128522,37.95800078,38.60536212223746
2020-12-21 18:30:00,37.95800078,37.879337,0.0,-0.5195259224658272,37.95800078,38.39886323325684
2020-12-21 18:45:00,48.95800078,46.30646,0.0,-0.5674012650596981,48.95800078,46.873862599288216
2020-12-21 19:00:00,38.62689864399999,45.53882,0.0,-0.80821043768949,38.62689864399999,46.34702879706449
2020-12-21 19:15:00,49.62689864399999,51.746174,0.0,-0.7557779573713815,49.62689864399999,52.50195181601396
2020-12-21 19:30:00,43.62689864399999,44.948864,0.0,-0.7700675243081384,43.62689864399999,45.718931507462436
2020-12-21 19:45:00,38.62689864399999,39.605415,0.0,-0.7103660800576207,38.62689864399999,40.3157814242959
2020-12-21 20:00:00,32.146042142000006,32.219143,0.0,-0.6749821906479802,32.146042142000006,32.89412510446634
2020-12-21 20:15:00,27.146042142000006,28.750624,0.0,-0.613261270860579,27.146042142000006,29.36388497386351
2020-12-21 20:30:00,27.146042142000006,27.122887,0.0,-0.5563592227263828,27.146042142000006,27.679245880441226
2020-12-21 20:45:00,27.146042142000006,26.993689,0.0,-0.4984238546114287,27.146042142000006,27.49211243798545
2020-12-21 21:00:00,39.857392136000016,35.58909,0.0,-0.42627753015233083,39.857392136000016,36.01536597009374
2020-12-21 21:15:00,39.857392136000016,37.18379,0.0,-0.3950042723359789,39.857392136000016,37.57879257189653
2020-12-21 21:30:00,36.857392136000016,35.62192,0.0,-0.36824979165430627,36.857392136000016,35.99017133096095
2020-12-21 21:45:00,28.857392136000012,28.544952,0.0,-0.44524163949707785,28.857392136000012,28.990194032075202
2020-12-21 22:00:00,20.890981008000004,27.166689,0.0,-0.42581411871296126,20.890981008000004,27.592503037780343
2020-12-21 22:15:00,20.890981008000004,22.255972,0.0,-0.42808966918074376,20.890981008000004,22.68406157775008
2020-12-21 22:30:00,20.890981008000004,21.402311,0.0,-0.3360751341146432,20.890981008000004,21.738386459187886
2020-12-21 22:45:00,20.890981008000004,21.315508,0.0,-0.21302369474765215,20.890981008000004,21.528531583541596
2020-12-21 23:00:00,14.907382663,18.022974,0.0,-0.2776432059884445,14.907382663,18.30061722027067
2020-12-21 23:15:00,14.907382663,14.957249,0.0,-0.2747812991195949,14.907382663,15.232029986863736
2020-12-21 23:30:00,14.907382663,14.965692,0.0,-0.3296158429825119,14.907382663,15.295307409449798
2020-12-21 23:45:00,14.907382663,14.813276,0.0,-0.29445360182443914,14.907382663,15.107729892717995
2020-12-22 00:00:00,13.295216313000001,10.610188,0.0,-0.8721154387387468,13.295216313000001,11.482302969256326
2020-12-22 00:15:00,13.295216313000001,11.642394,0.0,-0.8379220475372896,13.295216313000001,12.480316113394224
2020-12-22 00:30:00,13.295216313000001,11.642394,0.0,-0.8018753010994316,13.295216313000001,12.444269366956366
2020-12-22 00:45:00,24.295216313,21.993195,0.0,-0.7741956594118796,24.295216313,22.767390239490005
2020-12-22 01:00:00,21.921043108999996,22.67931,0.0,-0.5774595908024064,21.921043108999996,23.25676943577311
2020-12-22 01:15:00,18.921043108999996,18.440153,0.0,-0.709728087237207,18.921043108999996,19.14988120918545
2020-12-22 01:30:00,10.921043108999998,10.964781,0.0,-0.7254222933607891,10.921043108999998,11.690203100855907
2020-12-22 01:45:00,10.921043108999998,9.692446,0.0,-0.6616267963951233,10.921043108999998,10.354072551400007
2020-12-22 02:00:00,11.585162902999999,10.17447,0.0,0.3443093169311763,11.585162902999999,9.830160630883766
2020-12-22 02:15:00,11.585162902999999,10.74368,0.0,0.2107826832966574,11.585162902999999,10.53289731700852
2020-12-22 02:30:00,11.585162902999999,10.74368,0.0,-0.12661516506613701,11.585162902999999,10.870295165371314
2020-12-22 02:45:00,11.585162902999999,10.74368,0.0,-0.1284523667914651,11.585162902999999,10.872132367096642
2020-12-22 03:00:00,11.807245588,10.760402,0.0,-0.031176859609394758,11.807245588,10.791578585378439
2020-12-22 03:15:00,11.807245588,11.26561,0.0,-0.023729140012952787,11.807245588,11.289338881223891
2020-12-22 03:30:00,11.807245588,11.26561,0.0,-0.01612421567773048,11.807245588,11.281733956888669
2020-12-22 03:45:00,11.807245588,11.26561,0.0,0.0004006417212697455,11.807245588,11.265209099489669
2020-12-22 04:00:00,11.477123392,11.947611,0.0,0.23340981051544307,11.477123392,11.714201044587096
2020-12-22 04:15:00,11.477123392,11.375113,0.0,0.26921161789535375,11.477123392,11.105900915673983
2020-12-22 04:30:00,11.477123392,11.375113,0.0,0.3181068734236526,11.477123392,11.057005660145684
2020-12-22 04:45:00,11.477123392,11.375113,0.0,0.40132001024725994,11.477123392,10.973792523322077
2020-12-22 05:00:00,9.944394846,11.359659,0.0,2.354762722743449,9.944394846,9.00489647220284
2020-12-22 05:15:00,9.944394846,10.148952,0.0,2.4461391891343296,9.944394846,7.702812341322213
2020-12-22 05:30:00,9.944394846,10.148952,0.0,2.559722240099079,9.944394846,7.589229290357464
2020-12-22 05:45:00,9.944394846,10.148952,0.0,2.692758581049665,9.944394846,7.456192949406878
2020-12-22 06:00:00,13.157867192999996,12.456912,0.0,7.4707090127781965,13.157867192999996,4.986203027932253
2020-12-22 06:15:00,13.157867192999996,13.197135,0.0,8.068696363733666,13.157867192999996,5.128438607884986
2020-12-22 06:30:00,13.157867192999996,13.341107,0.0,8.196418090624965,13.157867192999996,5.144689277844273
2020-12-22 06:45:00,13.157867192999996,13.341107,0.0,8.462808611449175,13.157867192999996,4.8782987570200635
2020-12-22 07:00:00,19.546694887999998,18.534527,0.0,14.502639528727405,19.546694887999998,4.031887296223767
2020-12-22 07:15:00,19.546694887999998,20.13443,0.0,15.7074953410679,19.546694887999998,4.426934590572724
2020-12-22 07:30:00,19.546694887999998,20.13443,1.0892582211191386,16.050723097582374,18.45743666688086,4.083706834058251
2020-12-22 07:45:00,19.546694887999998,20.278402,1.7649194897589418,17.216715629946663,17.781775398241056,3.0616866985445483
2020-12-22 08:00:00,31.380623306,25.717972,7.348930700421782,19.578835808327852,24.03169260557822,6.13913599342996
2020-12-22 08:15:00,31.380623306,32.244358,13.617256339225989,26.53146888025219,17.76336696677401,5.712889182491949
2020-12-22 08:30:00,31.380623306,32.226383,20.52658792859318,33.08051977651234,10.85403537740682,-0.8541365672838239
2020-12-22 08:45:00,42.380623306000004,42.75754,17.797460563426224,38.453219834203765,24.58316274257378,4.304321822290376
2020-12-22 09:00:00,45.648066304000004,42.476116,16.36902375107074,34.66289034524046,29.279042552929265,7.813225835179459
2020-12-22 09:15:00,56.648066304000004,55.575405,27.04957819300715,34.72328356343813,29.598488110992854,20.85212155741148
2020-12-22 09:30:00,45.648066304000004,43.421467,45.951228826488716,45.528959062702775,-0.3031625224887122,-2.107492235310197
2020-12-22 09:45:00,49.648066304000004,51.94101,40.139876274392556,62.912933128102146,9.508190029607448,-10.971923606617771
2020-12-22 10:00:00,48.90598054699999,44.440605,50.85480978738302,50.93464525019195,-1.9488292403830272,-6.49404008661773
2020-12-22 10:15:00,70.90598054699998,69.10858,66.77564391156254,59.5110160145362,4.130336635437445,9.597565528432547
2020-12-22 10:30:00,61.705980547,66.76468,62.52607384310053,72.80331855709524,-0.8200932961005236,-6.038639602017113
2020-12-22 10:45:00,59.90598054699999,61.192745,33.517875813318,72.28358555859663,26.388104733681992,-11.090840349856393
2020-12-22 11:00:00,58.828686123000004,60.86295,27.270201880156794,46.739589278554035,31.55848424284321,14.123360092783855
2020-12-22 11:15:00,45.22868612299998,45.8369,47.30735345230392,44.55504152124588,-2.07866732930394,1.2818572824650545
2020-12-22 11:30:00,36.828686123000004,35.82668,67.55880851674262,64.10963844524899,-30.73012239374261,-28.282959215512662
2020-12-22 11:45:00,36.828686123000004,36.00931,44.75400521967637,81.34499626001423,-7.925319096676368,-45.33568458398884
2020-12-22 12:00:00,38.093453662,35.80397,49.88677788938851,57.68285406821094,-11.79332422738851,-21.87888373129688
2020-12-22 12:15:00,46.49345366199998,45.89763,61.37793783316472,62.135368000537085,-14.884484171164743,-16.237739216357397
2020-12-22 12:30:00,38.093453662,36.257374,56.88695423090393,71.27157942395684,-18.79350056890393,-35.014205614142384
2020-12-22 12:45:00,38.093453662,37.110653,56.00127726968866,69.14536929465834,-17.907823607688655,-32.03471637107435
2020-12-22 13:00:00,34.64643570999999,37.294643,37.06207017283187,59.78098917212121,-2.415634462831882,-22.4863457700216
2020-12-22 13:15:00,34.64643570999999,33.333992,26.804687823150218,47.54321470799877,7.841747886849774,-14.20922270360424
2020-12-22 13:30:00,34.64643570999999,33.33283,39.36398905419217,39.77542417605116,-4.717553344192176,-6.442595654322645
2020-12-22 13:45:00,34.64643570999999,33.270607,20.057397190971756,45.93518653483192,14.589038519028236,-12.664579540203015
2020-12-22 14:00:00,31.969455645999993,32.913578,24.392038006336016,28.421891222683787,7.577417639663977,4.491686810763479
2020-12-22 14:15:00,31.969455645999993,31.044172,14.585646454774864,27.03034120504452,17.38380919122513,4.013831081942783
2020-12-22 14:30:00,42.96945564599999,41.09236,15.34429287982574,22.401311257202334,27.625162766174252,18.69105019299298
2020-12-22 14:45:00,42.96945564599999,41.995735,8.575503616418645,18.683904817775474,34.39395202958135,23.311830350681557
2020-12-22 15:00:00,41.520341486999996,41.639435,7.745222153823197,12.83001663507805,33.7751193331768,28.809418179375076
2020-12-22 15:15:00,33.520341486999996,33.534393,5.285529274743732,10.163766186422025,28.234812212256266,23.37062712412485
2020-12-22 15:30:00,30.520341486999992,31.411013,0.558552663476179,7.857275655329861,29.961788823523815,23.55373699420627
2020-12-22 15:45:00,30.520341486999992,30.347818,0.9241877762313073,6.190005762095864,29.596153710768686,24.157812612537924
2020-12-22 16:00:00,30.319049252,31.303877,0.0,3.723490798381543,30.319049252,27.58038607844951
2020-12-22 16:15:00,30.319049252,31.129473,0.0,3.4633222058024113,30.319049252,27.666150526741532
2020-12-22 16:30:00,30.319049252,31.496431,0.0,3.1530476720908878,30.319049252,28.34338367861712
2020-12-22 16:45:00,30.319049252,30.921938,0.0,2.646376218516508,30.319049252,28.275561723988375
2020-12-22 17:00:00,39.732842867,42.935917,0.0,1.1784962217033081,39.732842867,41.75742067893146
2020-12-22 17:15:00,39.732842867,41.644096,0.0,0.8984931666969967,39.732842867,40.745603207814725
2020-12-22 17:30:00,39.732842867,41.539284,0.0,0.6446547250332512,39.732842867,40.89462902740816
2020-12-22 17:45:00,30.732842867000002,30.432346,0.0,0.3137579771917459,30.732842867000002,30.118588366802395
2020-12-22 18:00:00,45.701433435999995,45.194946,0.0,-0.2356885601400701,45.701433435999995,45.43063484920257
2020-12-22 18:15:00,56.701433435999995,56.295258,0.0,-0.3213157110736865,56.701433435999995,56.61657327943306
2020-12-22 18:30:00,56.701433435999995,56.584045,0.0,-0.4500037915541838,56.701433435999995,57.03404920171043
2020-12-22 18:45:00,52.701433435999995,55.565346,0.0,-0.3872697837434248,52.701433435999995,55.952615547903584
2020-12-22 19:00:00,40.71797965499999,44.631462,0.0,-0.7423949018762875,40.71797965499999,45.37385699904426
2020-12-22 19:15:00,62.71797965499999,61.981693,0.0,-0.6883906822129272,62.71797965499999,62.67008395003519
2020-12-22 19:30:00,52.71797965499999,54.777256,0.0,-0.8180600533469252,52.71797965499999,55.59531606530982
2020-12-22 19:45:00,69.717979655,68.7506,0.0,-0.6825268528035969,69.717979655,69.43312957497156
2020-12-22 20:00:00,47.692370048,45.40942,0.0,-0.7956643498915553,47.692370048,46.20508436331929
2020-12-22 20:15:00,41.692370048,38.46712,0.0,-0.6379109348130544,41.692370048,39.105032059080635
2020-12-22 20:30:00,41.692370048,38.96502,0.0,-0.5882525819048104,41.692370048,39.55327180797903
2020-12-22 20:45:00,41.692370048,38.946625,0.0,-0.5214727826871332,41.692370048,39.46809753854651
2020-12-22 21:00:00,32.252802001999996,36.896103,0.0,-0.5132545358598676,32.252802001999996,37.4093574411333
2020-12-22 21:15:00,25.252802002,26.1807,0.0,-0.4412337915034438,25.252802002,26.621934093627466
2020-12-22 21:30:00,25.252802002,24.865356,0.0,-0.4212686553904287,25.252802002,25.286625100702928
2020-12-22 21:45:00,25.252802002,24.815187,0.0,-0.4135539240965268,25.252802002,25.22874137832016
2020-12-22 22:00:00,26.461796256000007,23.728111,0.0,-0.41568861179319605,26.461796256000007,24.14379987888304
2020-12-22 22:15:00,26.461796256000007,24.577177,0.0,-0.40448706814738167,26.461796256000007,24.981664115876875
2020-12-22 22:30:00,37.46179625600001,33.935196,0.0,-0.43805065679269106,37.46179625600001,34.37324657964425
2020-12-22 22:45:00,48.46179625600001,44.533997,0.0,-0.4466017052082939,48.46179625600001,44.980598287239545
2020-12-22 23:00:00,41.521173711,44.26988,0.0,-0.5106815874340064,41.521173711,44.78055997488518
2020-12-22 23:15:00,63.521173711,62.137604,0.0,-0.5584465416113683,63.521173711,62.69605030137699
2020-12-22 23:30:00,63.521173711,69.524025,0.0,-0.5416858650795834,63.521173711,70.06571082845849
2020-12-22 23:45:00,69.521173711,71.57408,0.0,-0.5278925732272476,69.521173711,72.10197399412569
2020-12-23 00:00:00,42.37718581,46.29714,0.0,-0.13353757917477183,42.37718581,46.4306757932861
2020-12-23 00:15:00,22.37718581,24.810316,0.0,-0.4764407281446942,22.37718581,25.286756813960125
2020-12-23 00:30:00,22.37718581,19.950966,0.0,-0.7235389144028989,22.37718581,20.674504795750554
2020-12-23 00:45:00,18.37718581,17.914106,0.0,-0.6289210374677651,18.37718581,18.54302740648632
2020-12-23 01:00:00,7.3027461539999985,10.007737,0.0,0.16813175688647675,7.3027461539999985,9.839605402842528
2020-12-23 01:15:00,7.3027461539999985,7.026892,0.0,-0.6454127713689221,7.3027461539999985,7.672304956580104
2020-12-23 01:30:00,7.3027461539999985,7.026892,0.0,-0.7698401217950589,7.3027461539999985,7.79673230700624
2020-12-23 01:45:00,7.3027461539999985,7.1308284,0.0,-0.8317389477419496,7.3027461539999985,7.962567328326666
2020-12-23 02:00:00,7.227693448999999,7.4657793,0.0,-0.25834713609891324,7.227693448999999,7.724126440603308
2020-12-23 02:15:00,7.227693448999999,7.3887157,0.0,-0.26401274783251794,7.227693448999999,7.6527284918510725
2020-12-23 02:30:00,7.227693448999999,7.3887157,0.0,-0.2785412960550452,7.227693448999999,7.6672570400736
2020-12-23 02:45:00,7.227693448999999,7.3887157,0.0,-0.30292711897054503,7.227693448999999,7.6916428629891
2020-12-23 03:00:00,10.084776217000003,7.4054375,0.0,-0.3486769885352504,10.084776217000003,7.754114458017672
2020-12-23 03:15:00,10.084776217000003,9.917043,0.0,-0.3285991746053717,10.084776217000003,10.245641906844142
2020-12-23 03:30:00,10.084776217000003,9.887698,0.0,-0.3187907762103538,10.084776217000003,10.206488949733304
2020-12-23 03:45:00,10.084776217000003,9.847204,0.0,-0.2768716024278738,10.084776217000003,10.124075810801898
2020-12-23 04:00:00,12.375960860999998,10.529205,0.0,0.10046820814174573,12.375960860999998,10.42873711412388
2020-12-23 04:15:00,12.375960860999998,12.587342,0.0,0.15764446259866183,12.375960860999998,12.429697799669405
2020-12-23 04:30:00,12.375960860999998,12.587342,0.0,0.1647105634720364,12.375960860999998,12.42263169879603
2020-12-23 04:45:00,12.375960860999998,12.646009,0.0,0.1420974859246832,12.375960860999998,12.503911959265746
2020-12-23 05:00:00,13.471779248999995,12.646009,0.0,2.101834677389402,13.471779248999995,10.544174767801028
2020-12-23 05:15:00,13.471779248999995,13.608767,0.0,3.2021539443406586,13.471779248999995,10.406612611445475
2020-12-23 05:30:00,13.471779248999995,13.608767,0.0,3.301907668236254,13.471779248999995,10.306858887549879
2020-12-23 05:45:00,13.471779248999995,13.608767,0.0,3.4028835461149542,13.471779248999995,10.20588300967118
2020-12-23 06:00:00,20.553853782999994,15.982486,0.0,10.34266244102013,20.553853782999994,5.63982333015907
2020-12-23 06:15:00,20.553853782999994,20.052849,0.0,11.205875218143257,20.553853782999994,8.846973597774712
2020-12-23 06:30:00,20.553853782999994,20.052849,0.0,11.28642594717883,20.553853782999994,8.766422868739138
2020-12-23 06:45:00,20.553853782999994,20.052849,0.0,11.526034974392209,20.553853782999994,8.52681384152576
2020-12-23 07:00:00,28.868315538000004,26.257744,0.0,17.707029988858952,28.868315538000004,8.550713846590266
2020-12-23 07:15:00,28.868315538000004,28.17024,0.0,19.282624447796742,28.868315538000004,8.887615954424938
2020-12-23 07:30:00,28.868315538000004,28.17024,0.474387127990141,19.475733666569383,28.393928410009863,8.694506735652297
2020-12-23 07:45:00,28.868315538000004,28.17024,0.9163456910054634,20.13298035637706,27.95196984699454,8.037260045844619
2020-12-23 08:00:00,35.379589622,34.07326,4.040823214021502,21.847525595779405,31.338766407978497,12.225735665206923
2020-12-23 08:15:00,35.379589622,35.320526,7.024404364325474,25.88716636549499,28.355185257674524,9.433359757551884
2020-12-23 08:30:00,35.379589622,35.484978,13.44662349173825,30.060261471720434,21.932966130261747,5.424716250447535
2020-12-23 08:45:00,35.379589622,35.224068,25.470949946139545,38.19886960251007,9.908639675860453,-2.974801914521791
2020-12-23 09:00:00,58.474438557,51.778713,20.106623207502423,43.43544377737278,38.367815349497576,8.343269448945577
2020-12-23 09:15:00,94.474438557,85.05467,10.093677320175713,44.804873832693744,84.38076123682428,40.249798408517194
2020-12-23 09:30:00,80.474438557,72.63769,12.61643587434707,35.068921692155456,67.85800268265292,37.56876599095001
2020-12-23 09:45:00,65.474438557,59.98391,14.957242739875786,37.12865880414229,50.51719581712421,22.855250802791303
2020-12-23 10:00:00,45.88010314,39.49583,35.42682108560735,38.05520273643694,10.453282054392652,1.4406277994517325
2020-12-23 10:15:00,37.88010314,37.043545,45.82820927371235,67.09920926765342,-7.948106133712351,-30.055664498366312
2020-12-23 10:30:00,37.88010314,37.821754,63.12158909966602,71.35058276485856,-25.241485959666015,-33.52882830929215
2020-12-23 10:45:00,37.88010314,37.691723,94.80027893392015,84.89984307288313,-56.92017579392015,-47.20812020301008
2020-12-23 11:00:00,30.62194956300001,36.724087,81.41638440461617,102.9231564801587,-50.79443484161616,-66.19906971868409
2020-12-23 11:15:00,30.62194956300001,29.417835,82.01247161545582,96.20825744621457,-51.390522052455815,-66.79042221061887
2020-12-23 11:30:00,30.62194956300001,29.417835,80.16972567626142,98.54260902455431,-49.54777611326141,-69.1247737889586
2020-12-23 11:45:00,30.62194956300001,29.417835,91.75880074463579,100.19142335994516,-61.136851181635784,-70.77358812434946
2020-12-23 12:00:00,32.920332312000006,29.810993,91.4343919875416,102.76285614212853,-58.514059675541596,-72.95186294754845
2020-12-23 12:15:00,32.920332312000006,31.114208,68.50566842787066,102.14798348752355,-35.58533611587065,-71.033775266088
2020-12-23 12:30:00,43.920332312000006,40.781933,50.565498592891146,85.4880921849166,-6.645166280891139,-44.70615935410605
2020-12-23 12:45:00,43.920332312000006,40.843853,55.2700043155109,69.67751546123911,-11.349672003510896,-28.83366246441294
2020-12-23 13:00:00,33.04159322900002,32.570477,42.32195514961266,64.1103010970891,-9.280361920612641,-31.539824565106684
2020-12-23 13:15:00,32.24159322900001,30.550774,34.34759101423863,57.56607710557171,-2.105997785238621,-27.01530348496624
2020-12-23 13:30:00,54.24159322900001,48.8248,22.244311472517662,47.64858243994652,31.997281756482348,1.176216144037852
2020-12-23 13:45:00,54.24159322900001,49.55197,14.29748092410517,35.98824787643132,39.944112304894844,13.563723559115552
2020-12-23 14:00:00,36.910754241999996,34.870766,11.03992228548517,25.903596515641574,25.870831956514827,8.967169170393582
2020-12-23 14:15:00,32.910754241999996,32.476307,10.389897527357098,24.05286680303285,22.520856714642896,8.423440112250354
2020-12-23 14:30:00,32.910754241999996,30.871294,11.079785473584632,20.41149521802698,21.830968768415364,10.459798803579464
2020-12-23 14:45:00,32.910754241999996,30.89857,12.246504724387675,18.894718521392047,20.66424951761232,12.003850585663617
2020-12-23 15:00:00,30.210065784999994,31.097433,8.004435054181537,14.404920029935894,22.205630730818456,16.692513060274067
2020-12-23 15:15:00,30.210065784999994,29.92605,3.7659919552786363,11.902802099434325,26.444073829721358,18.0232480867229
2020-12-23 15:30:00,30.210065784999994,29.92605,1.4044057243818302,9.007636116082287,28.805660060618163,20.918414070074938
2020-12-23 15:45:00,41.210065785,40.696323,1.0223973086349063,6.996571778694377,40.18766847636509,33.699751616081016
2020-12-23 16:00:00,38.419934419,32.748753,0.0,3.257836318809269,38.419934419,29.490916275184873
2020-12-23 16:15:00,35.419934419,35.967,0.0,2.711736207092656,35.419934419,33.25526284686242
2020-12-23 16:30:00,46.419934419,45.63029,0.0,2.5838324983513266,46.419934419,43.046458486756094
2020-12-23 16:45:00,57.419934419,52.915173,0.0,1.9382647622689761,57.419934419,50.97690781463532
2020-12-23 17:00:00,72.40492106999999,60.39162,0.0,0.5996630759024278,72.40492106999999,59.7919575600839
2020-12-23 17:15:00,72.40492106999999,66.94324,0.0,0.4778351029056357,72.40492106999999,66.46540220178187
2020-12-23 17:30:00,89.40492106999999,76.747765,0.0,0.37341444950624314,89.40492106999999,76.3743501378961
2020-12-23 17:45:00,109.40492106999999,99.70542,0.0,0.36804157218225775,109.40492106999999,99.33737987557164
2020-12-23 18:00:00,98.21958219,101.3133,0.0,-0.9293124952894419,98.21958219,102.24261358171522
2020-12-23 18:15:00,63.21958219,67.04677,0.0,-1.0767272178033744,63.21958219,68.12349540627994
2020-12-23 18:30:00,47.21958219,44.041256,0.0,-1.1115107083877431,47.21958219,45.152766659315475
2020-12-23 18:45:00,38.21958219,37.782436,0.0,-1.1233238281820919,38.21958219,38.905760199031704
2020-12-23 19:00:00,43.56204450900001,45.84771,0.0,-1.0245230010903716,43.56204450900001,46.87223265685209
2020-12-23 19:15:00,43.56204450900001,41.964775,0.0,-1.1663807895487155,43.56204450900001,43.13115587499794
2020-12-23 19:30:00,43.56204450900001,42.299904,0.0,-1.146634825967177,43.56204450900001,43.44653869559608
2020-12-23 19:45:00,43.56204450900001,42.30952,0.0,-1.1463247390760563,43.56204450900001,43.455845460511604
2020-12-23 20:00:00,47.026804799999994,41.54268,0.0,-0.9547372610474155,47.026804799999994,42.497416094055225
2020-12-23 20:15:00,43.026804799999994,40.697796,0.0,-0.8889860368713346,43.026804799999994,41.58678190479126
2020-12-23 20:30:00,36.026804799999994,35.528885,0.0,-0.8608602288167982,36.026804799999994,36.38974511651211
2020-12-23 20:45:00,36.026804799999994,35.901413,0.0,-0.8517587427793575,36.026804799999994,36.75317170664655
2020-12-23 21:00:00,27.860542243999998,33.1861,0.0,-0.7498599539868432,27.860542243999998,33.93595996009036
2020-12-23 21:15:00,38.860542244,36.73213,0.0,-0.7607149685981894,38.860542244,37.49284311190873
2020-12-23 21:30:00,38.860542244,36.82918,0.0,-0.731423758597857,38.860542244,37.560605429740434
2020-12-23 21:45:00,49.860542244,45.777008,0.0,-0.667560732936992,49.860542244,46.444568789577616
2020-12-23 22:00:00,41.467221701,36.9039,0.0,-0.639800914314404,41.467221701,37.54370106079878
2020-12-23 22:15:00,32.467221701,30.232653,0.0,-0.5625035200270886,32.467221701,30.79515618421166
2020-12-23 22:30:00,26.467221701,26.22486,0.0,-0.5534680389221293,26.467221701,26.77832727659303
2020-12-23 22:45:00,26.467221701,24.652763,0.0,-0.5068447423136685,26.467221701,25.159608109012886
2020-12-23 23:00:00,17.717546891999994,21.496305,0.0,-0.5658344363924012,17.717546891999994,22.062139902090642
2020-12-23 23:15:00,17.717546891999994,18.342865,0.0,-0.6475689556949461,17.717546891999994,18.990433945929322
2020-12-23 23:30:00,17.717546891999994,18.311195,0.0,-0.6325436933609893,17.717546891999994,18.943739066896146
2020-12-23 23:45:00,17.717546891999994,18.591898,0.0,-0.6250157630530718,17.717546891999994,19.21691372753061
2020-12-24 00:00:00,12.132798325999994,12.423265,0.0,-1.0085058298609075,12.132798325999994,13.431771287014229
2020-12-24 00:15:00,12.132798325999994,10.941862,0.0,-0.8943899992039795,12.132798325999994,11.836252105527223
2020-12-24 00:30:00,12.132798325999994,11.054802,0.0,-0.9153113140650869,12.132798325999994,11.970113254983056
2020-12-24 00:45:00,12.132798325999994,11.209743,0.0,-0.8689898154981864,12.132798325999994,12.07873236157973
2020-12-24 01:00:00,8.178188681000002,9.63786,0.0,-0.8894538929034425,8.178188681000002,10.527314191060182
2020-12-24 01:15:00,8.178188681000002,7.6698,0.0,-0.8732090715153059,8.178188681000002,8.543008876202807
2020-12-24 01:30:00,8.178188681000002,7.6698,0.0,-0.8737058119782378,8.178188681000002,8.543505616665739
2020-12-24 01:45:00,8.178188681000002,7.7234282,0.0,-0.8792380062936643,8.178188681000002,8.602666255652796
2020-12-24 02:00:00,10.356819184,8.031889,0.0,-0.45546737946737814,10.356819184,8.487356341259371
2020-12-24 02:15:00,10.356819184,9.559076,0.0,-0.45386014306772815,10.356819184,10.01293645227183
2020-12-24 02:30:00,10.356819184,9.559076,0.0,-0.4743905626730395,10.356819184,10.033466871877142
2020-12-24 02:45:00,10.356819184,9.559076,0.0,-0.4945862876885353,10.356819184,10.053662596892638
2020-12-24 03:00:00,10.143755320000002,9.979989,0.0,-0.18752598072427162,10.143755320000002,10.16751503254312
2020-12-24 03:15:00,10.143755320000002,9.9112625,0.0,-0.18204200470043752,10.143755320000002,10.09330451690747
2020-12-24 03:30:00,10.143755320000002,9.9112625,0.0,-0.1730448324320798,10.143755320000002,10.084307344639111
2020-12-24 03:45:00,10.143755320000002,9.8561535,0.0,-0.16181704057823432,10.143755320000002,10.017970528737415
2020-12-24 04:00:00,12.612872310999999,10.538155,0.0,0.3601785832082046,12.612872310999999,10.177976018842577
2020-12-24 04:15:00,12.612872310999999,12.557856,0.0,0.44073447822615985,12.612872310999999,12.117121127852942
2020-12-24 04:30:00,12.612872310999999,12.557856,0.0,0.45431217040676397,12.612872310999999,12.103543435672337
2020-12-24 04:45:00,12.612872310999999,12.557856,0.0,0.4681289334228874,12.612872310999999,12.089726672656214
2020-12-24 05:00:00,11.608174773000005,12.881505,0.0,4.423375372910422,11.608174773000005,8.458129639601786
2020-12-24 05:15:00,11.608174773000005,11.669275,0.0,4.374755938015019,11.608174773000005,7.294519345798458
2020-12-24 05:30:00,11.608174773000005,11.669275,0.0,4.379039243493993,11.608174773000005,7.290236040319484
2020-12-24 05:45:00,11.608174773000005,11.669275,0.0,4.439671644168507,11.608174773000005,7.22960363964497
2020-12-24 06:00:00,16.807233029,14.445348,0.0,15.236226888129343,16.807233029,-0.7908791021796358
2020-12-24 06:15:00,16.807233029,18.09184,0.0,15.837979362912138,16.807233029,2.2538613811064163
2020-12-24 06:30:00,16.807233029,18.09184,0.0,15.730114852171562,16.807233029,2.3617258918469926
2020-12-24 06:45:00,16.807233029,18.09184,0.0,15.682359172741563,16.807233029,2.4094815712769915
2020-12-24 07:00:00,24.54734710999999,27.418358,0.0,22.313726021878693,24.54734710999999,5.1046318272424
2020-12-24 07:15:00,24.54734710999999,25.156435,0.0,23.72381712757116,24.54734710999999,1.4326178852462235
2020-12-24 07:30:00,24.54734710999999,25.156435,0.41419463482526714,23.585339555128503,24.13315247517472,1.5710954576888803
2020-12-24 07:45:00,24.54734710999999,25.156435,2.1054845882082476,23.899459157344335,22.44186252179174,1.2569758554730477
2020-12-24 08:00:00,35.28100600600001,30.81159,4.96891803747073,26.49504483855613,30.312087968529283,4.316545356146019
2020-12-24 08:15:00,35.28100600600001,35.87061,10.860621070782534,31.01920563428641,24.420384935217477,4.851403649160854
2020-12-24 08:30:00,35.28100600600001,36.075005,19.654071816607072,37.328873618715036,15.62693418939294,-1.2538690410783175
2020-12-24 08:45:00,35.28100600600001,36.099617,29.967914249516472,44.11624925959824,5.313091756483541,-8.01663225520371
2020-12-24 09:00:00,49.833476234,41.849174,31.204992271598147,49.989315780413236,18.628483962401855,-8.140141280901517
2020-12-24 09:15:00,60.833476234,53.59152,32.42333079405113,59.28859798598666,28.41014543994887,-5.697079583887053
2020-12-24 09:30:00,60.833476234,53.461597,31.54231495042652,58.63314129866241,29.291161283573484,-5.171543856035456
2020-12-24 09:45:00,50.833476234,46.396255,19.591552264314828,56.793128166686124,31.241923969685175,-10.396872673522061
2020-12-24 10:00:00,30.284375922,36.683155,13.784597104226174,43.468482700585774,16.499778817773823,-6.785327640771321
2020-12-24 10:15:00,41.284375921999995,38.762955,21.863531429397007,41.937805020781205,19.42084449260299,-3.1748503088671427
2020-12-24 10:30:00,48.284375921999995,41.24142,21.33768748841155,47.29941401540019,26.946688433588445,-6.057993269550579
2020-12-24 10:45:00,37.284375921999995,34.65632,30.93550977152388,48.55384303402387,6.348866150476116,-13.89752436947309
2020-12-24 11:00:00,32.613150537,29.095552,63.64006773328314,58.17237027920187,-31.026917196283136,-29.076817834743864
2020-12-24 11:15:00,32.613150537,30.399292,38.06863999743937,82.54746430887857,-5.455489460439367,-52.148172316691074
2020-12-24 11:30:00,32.613150537,30.72589,26.17479140676029,64.5770989128109,6.438359130239714,-33.85120970687828
2020-12-24 11:45:00,32.613150537,30.691837,25.648615917752753,58.95435692008634,6.9645346192472495,-28.262519609295325
2020-12-24 12:00:00,37.287157418,30.92268,28.32717504383544,53.21641841262942,8.95998237416456,-22.293738511506376
2020-12-24 12:15:00,37.287157418,35.28839,22.612562396964144,53.28784346331565,14.674595021035856,-17.999452350034403
2020-12-24 12:30:00,37.287157418,35.287735,18.352193100489515,48.35575292136337,18.934964317510484,-13.068017936011806
2020-12-24 12:45:00,37.287157418,35.30571,14.371395930759308,44.48892002103109,22.915761487240694,-9.183210182163904
2020-12-24 13:00:00,29.236253505000008,35.442085,13.547511225272467,32.67661656366505,15.68874227972754,2.7654687024482314
2020-12-24 13:15:00,29.236253505000008,28.970106,12.682035400990012,31.137858326364256,16.554218104009998,-2.1677522014863264
2020-12-24 13:30:00,51.23625350500001,42.784527,15.304335277141602,26.730736127866187,35.931918227858404,16.053790697084985
2020-12-24 13:45:00,44.23625350500001,38.283463,22.29347093853222,23.701249788160975,21.942782566467788,14.582212736253087
2020-12-24 14:00:00,48.315856202000006,42.188805,18.9518151539663,23.76027932994433,29.364041048033705,18.428525296520515
2020-12-24 14:15:00,48.315856202000006,41.47629,12.1316460245925,21.103236390181586,36.18421017740751,20.373055266312555
2020-12-24 14:30:00,38.315856202000006,36.928215,8.242125894200186,15.096059446044752,30.07373030779982,21.832155580810717
2020-12-24 14:45:00,27.315856202000003,27.963144,6.263163670297906,14.005929107810104,21.052692531702096,13.95721519455806
2020-12-24 15:00:00,26.853569708,26.157015,2.8750573948376386,8.869518293964639,23.97851231316236,17.28749655283712
2020-12-24 15:15:00,26.853569708,25.98673,0.9382386601179198,6.57453102895878,25.915331047882077,19.412199546602743
2020-12-24 15:30:00,37.853569707999995,34.060738,0.45935670693805714,5.8969533709821915,37.394213001061935,28.16378423888109
2020-12-24 15:45:00,37.853569707999995,36.05712,0.0,4.768846166157858,37.853569707999995,31.28827511069761
2020-12-24 16:00:00,33.33787853400001,34.923866,0.0,2.2155884665331094,33.33787853400001,32.70827780543955
2020-12-24 16:15:00,26.537878533999997,27.748034,0.0,1.8848828757596037,26.537878533999997,25.863150647799966
2020-12-24 16:30:00,26.537878533999997,27.235312,0.0,1.2738991543070997,26.537878533999997,25.961412353871612
2020-12-24 16:45:00,37.537878534,35.356594,0.0,1.2223578909627006,37.537878534,34.13423619473066
2020-12-24 17:00:00,47.168997192999996,42.58695,0.0,-0.18818627127643162,47.168997192999996,42.77513466605182
2020-12-24 17:15:00,58.168997192999996,49.159645,0.0,-0.20086438604740053,58.168997192999996,49.360509466613806
2020-12-24 17:30:00,51.168997192999996,48.816864,0.0,-0.4760626346057918,51.168997192999996,49.292926648277664
2020-12-24 17:45:00,52.168997192999996,47.75766,0.0,-0.6223527526533285,52.168997192999996,48.3800126647627
2020-12-24 18:00:00,46.226224113,41.71503,0.0,-1.1314781099373858,46.226224113,42.8465087801034
2020-12-24 18:15:00,40.226224113,41.199883,0.0,-1.0649932296697662,40.226224113,42.264875736993986
2020-12-24 18:30:00,32.226224113,32.792603,0.5238334901819426,-1.0366183719056297,31.702390622818058,33.82922091096813
2020-12-24 18:45:00,32.226224113,32.036507,0.0,-0.9905286123842273,32.226224113,33.027035265216256
2020-12-24 19:00:00,27.735987681999994,31.450342,0.0,-0.8563191836327501,27.735987681999994,32.306661361977476
2020-12-24 19:15:00,27.735987681999994,28.688461,0.0,-0.8060330588112282,27.735987681999994,29.494494362522165
2020-12-24 19:30:00,27.735987681999994,28.719048,0.0,-0.8040038436941251,27.735987681999994,29.523051390080845
2020-12-24 19:45:00,27.735987681999994,28.719048,0.0,-0.7674807651840584,27.735987681999994,29.486528311570776
2020-12-24 20:00:00,27.942031652999997,28.679356,0.0,-0.6530360614458842,27.942031652999997,29.332391682783776
2020-12-24 20:15:00,27.942031652999997,28.650637,0.0,-0.6191816702730871,27.942031652999997,29.26981834324672
2020-12-24 20:30:00,27.942031652999997,28.650637,0.0,-0.5831997595968154,27.942031652999997,29.23383643257045
2020-12-24 20:45:00,27.942031652999997,28.650637,0.0,-0.5469887254767399,27.942031652999997,29.197625398450374
2020-12-24 21:00:00,25.01442406700001,25.324707,0.0,-0.4135679045446895,25.01442406700001,25.73827493579469
2020-12-24 21:15:00,25.01442406700001,23.59553,0.0,-0.3981740797991452,25.01442406700001,23.99370363607356
2020-12-24 21:30:00,25.01442406700001,23.59553,0.0,-0.34476463280709624,25.01442406700001,23.94029418908151
2020-12-24 21:45:00,25.01442406700001,23.59553,0.0,-0.3212561758770561,25.01442406700001,23.91678573215147
2020-12-24 22:00:00,30.782451612000003,31.848705,0.0,-0.3413585297437979,30.782451612000003,32.19006382149185
2020-12-24 22:15:00,30.782451612000003,31.539669,0.0,-0.24361656115010633,30.782451612000003,31.78328559801534
2020-12-24 22:30:00,30.782451612000003,31.475073,0.0,-0.20686312268503138,30.782451612000003,31.681935983402806
2020-12-24 22:45:00,22.782451612000003,21.869732,0.0,-0.12851111467008025,22.782451612000003,21.99824301774625
2020-12-24 23:00:00,18.407676114,16.66899,0.0,-0.17338919242178108,18.407676114,16.842378373940335
2020-12-24 23:15:00,18.407676114,17.665642,0.0,-0.15575477923725523,18.407676114,17.821396563905225
2020-12-24 23:30:00,18.407676114,17.665642,0.0,-0.13629325975766726,18.407676114,17.801935044425637
2020-12-24 23:45:00,29.407676114,27.047235,0.0,-0.24451796384247715,29.407676114,27.291753452734078
2020-12-25 00:00:00,24.024172215999997,24.956139,0.0,-0.6940032820628917,24.024172215999997,25.650141892902734
2020-12-25 00:15:00,24.024172215999997,24.170563,0.0,-0.6586151608051224,24.024172215999997,24.829177904945748
2020-12-25 00:30:00,19.024172215999997,21.163143,0.0,-0.6601595245583908,19.024172215999997,21.823302682517376
2020-12-25 00:45:00,13.024172215999998,12.200656,0.0,-0.6444857395230709,13.024172215999998,12.845141676717896
2020-12-25 01:00:00,9.185582904000002,10.292815,0.0,-0.737954523320652,9.185582904000002,11.030769731755711
2020-12-25 01:15:00,20.185582904,18.715265,0.0,-0.6570331886058699,20.185582904,19.37229846265372
2020-12-25 01:30:00,20.185582904,18.962244,0.0,-0.6830050318463236,20.185582904,19.6452490656598
2020-12-25 01:45:00,20.185582904,18.205896,0.0,-0.7013845432645748,20.185582904,18.90728092082805
2020-12-25 02:00:00,19.383296493000003,18.411924,0.0,-0.02444496815298358,19.383296493000003,18.4363693303356
2020-12-25 02:15:00,16.383296493000003,17.868607,0.0,0.3815380698188119,16.383296493000003,17.487068497564
2020-12-25 02:30:00,8.383296493000001,8.938869,0.0,0.2472304891559397,8.383296493000001,8.69163898716242
2020-12-25 02:45:00,8.383296493000001,8.181457,0.0,0.06971561669713544,8.383296493000001,8.111740949159799
2020-12-25 03:00:00,10.117358844,8.2091465,0.0,0.7954259926462325,10.117358844,7.4137205069875565
2020-12-25 03:15:00,10.117358844,9.674713,0.0,0.6059656961251098,10.117358844,9.068747438640516
2020-12-25 03:30:00,10.117358844,9.674713,0.0,0.10150592771258615,10.117358844,9.57320720705304
2020-12-25 03:45:00,10.117358844,9.674713,0.0,0.09509752208881739,10.117358844,9.579615612676808
2020-12-25 04:00:00,10.207216464999997,10.608504,0.0,0.6697012813165414,10.207216464999997,9.93880301403258
2020-12-25 04:15:00,10.207216464999997,10.572854,0.0,0.6545296005781446,10.207216464999997,9.918324441475079
2020-12-25 04:30:00,10.207216464999997,10.572854,0.0,0.64373562292623,10.207216464999997,9.929118419126993
2020-12-25 04:45:00,10.207216464999997,10.572854,0.0,0.6404799726292517,10.207216464999997,9.932374069423972
2020-12-25 05:00:00,9.847129012999998,10.249205,0.0,4.396578325453926,9.847129012999998,5.852626310166191
2020-12-25 05:15:00,9.847129012999998,9.758079,0.0,4.305802432531987,9.847129012999998,5.45227614260229
2020-12-25 05:30:00,9.847129012999998,9.758079,0.0,4.27257511141665,9.847129012999998,5.485503463717627
2020-12-25 05:45:00,9.847129012999998,9.742625,0.0,4.262980231627035,9.847129012999998,5.479645004884196
2020-12-25 06:00:00,11.096685928,11.666362,0.0,15.057664403733224,11.096685928,-3.391302594956368
2020-12-25 06:15:00,11.096685928,11.918105,0.0,15.207068317648579,11.096685928,-3.288963192221333
2020-12-25 06:30:00,11.096685928,11.918105,0.0,15.115936002301833,11.096685928,-3.197830876874587
2020-12-25 06:45:00,11.096685928,11.918105,0.0,15.095699930155,11.096685928,-3.177594804727754
2020-12-25 07:00:00,20.595605710999994,18.562157,0.0,21.685523776437968,20.595605710999994,-3.1233670991918743
2020-12-25 07:15:00,20.595605710999994,22.504276,0.0,22.509074277232326,20.595605710999994,-0.004798001597560386
2020-12-25 07:30:00,20.595605710999994,22.504276,0.0,22.414294131935545,20.595605710999994,0.08998214369922053
2020-12-25 07:45:00,20.595605710999994,22.504276,0.0,22.327698488288092,20.595605710999994,0.17657778734667318
2020-12-25 08:00:00,29.897881832000007,29.409262,1.2099964232368658,25.243459254245835,28.68788540876314,4.165802449245376
2020-12-25 08:15:00,29.897881832000007,31.444992,2.749598440616324,27.007451335194766,27.148283391383682,4.437540730234922
2020-12-25 08:30:00,29.897881832000007,31.588966,5.157900059258792,29.635822573658196,24.739981772741213,1.9531437959707105
2020-12-25 08:45:00,29.897881832000007,31.696648,9.651909066533047,33.24007691121771,20.24597276546696,-1.5434292671747443
2020-12-25 09:00:00,29.953512172000007,28.771765,9.928249944328604,38.6388847572749,20.025262227671405,-9.867120002025878
2020-12-25 09:15:00,29.953512172000007,29.397287,13.996729529850864,40.94847770556894,15.956782642149143,-11.551190336794527
2020-12-25 09:30:00,29.953512172000007,29.421251,13.76284492587769,46.16879059748632,16.190667246122317,-16.74753930048925
2020-12-25 09:45:00,29.953512172000007,29.07593,17.65009789528121,48.262511914335235,12.303414276718797,-19.186582272611602
2020-12-25 10:00:00,41.89274056000002,28.475178,34.58617489251731,48.37987487068635,7.306565667482708,-19.904697105793772
2020-12-25 10:15:00,41.89274056000002,38.252758,48.22168711355999,59.91670106089772,-6.328946553559966,-21.663943034774675
2020-12-25 10:30:00,52.89274056000002,47.228523,36.742367014324,66.72244484867355,16.15037354567602,-19.493921594279016
2020-12-25 10:45:00,52.89274056000002,47.950672,12.880350721817921,58.074748011876395,40.0123898381821,-10.124075862218191
2020-12-25 11:00:00,46.81956846100001,47.67843,16.047871397802144,38.02914518344674,30.771697063197866,9.649283466455607
2020-12-25 11:15:00,43.81956846100001,41.58468,15.72136045621198,43.75174281839448,28.098208004788027,-2.1670641684921392
2020-12-25 11:30:00,35.81956846100001,34.512154,17.015106517560326,44.988253654078605,18.804461943439684,-10.476100028590324
2020-12-25 11:45:00,57.81956846100001,52.379066,30.428959936883597,41.44125406151894,27.390608524116413,10.937812405766216
2020-12-25 12:00:00,36.725309462,40.609734,28.323765773597703,44.77887979849895,8.401543688402295,-4.16914621695598
2020-12-25 12:15:00,28.725309462,29.240553,16.577820577997663,49.79011840768422,12.147488884002335,-20.54956550546254
2020-12-25 12:30:00,28.725309462,28.787422,28.688986075855375,45.11647623809317,0.03632338614462327,-16.32905405791739
2020-12-25 12:45:00,28.725309462,28.758705,21.467094546128973,49.572058612919804,7.258214915871026,-20.813353473759648
2020-12-25 13:00:00,25.158667289999993,27.611479,28.373430206365953,40.023431903573396,-3.2147629163659595,-12.411953098031404
2020-12-25 13:15:00,25.158667289999993,24.890938,36.32096198570839,44.143983906046856,-11.162294695708393,-19.253046100871074
2020-12-25 13:30:00,25.158667289999993,24.748251,29.24517316375287,47.278909974307425,-4.086505873752877,-22.530659013003714
2020-12-25 13:45:00,25.158667289999993,24.892223,33.16316806663551,41.67998291762885,-8.004500776635513,-16.78775955947455
2020-12-25 14:00:00,18.519929553999997,23.941113,24.357334558126272,34.55735389593641,-5.837405004126275,-10.616241377625862
2020-12-25 14:15:00,18.519929553999997,17.985895,13.176572113194249,27.79601629728092,5.3433574408057485,-9.81012114042057
2020-12-25 14:30:00,18.519929553999997,17.985895,8.888235904474508,20.235604126309013,9.63169364952549,-2.249708969448662
2020-12-25 14:45:00,18.519929553999997,18.5205,3.1923547271497092,17.898043394841302,15.327574826850288,0.6224567882641665
2020-12-25 15:00:00,34.131038675,26.985592,2.725256627706316,9.70601505327482,31.405782047293684,17.279576835152916
2020-12-25 15:15:00,34.131038675,33.426094,1.880847616855571,7.574166530982256,32.25019105814443,25.851927524193524
2020-12-25 15:30:00,34.131038675,33.426094,0.8975512991706553,5.98292360319432,33.23348737582934,27.443170451981462
2020-12-25 15:45:00,34.131038675,33.287426,0.0,4.417776042759624,34.131038675,28.869649952113424
2020-12-25 16:00:00,24.68158673699999,23.826633,0.0,1.1739325558654556,24.68158673699999,22.652700897503685
2020-12-25 16:15:00,24.68158673699999,23.728226,0.0,1.1486218264953143,24.68158673699999,22.579603881512497
2020-12-25 16:30:00,24.68158673699999,23.728226,0.0,0.8967721079295837,24.68158673699999,22.83145360007823
2020-12-25 16:45:00,24.68158673699999,23.871008,0.0,0.6878957341118984,24.68158673699999,23.183112185199626
2020-12-25 17:00:00,27.90240555099999,25.135382,0.0,-0.3702512243423498,27.90240555099999,25.50563292295075
2020-12-25 17:15:00,38.90240555099999,38.13492,0.0,-0.2554634701047763,38.90240555099999,38.390381682995404
2020-12-25 17:30:00,44.90240555099999,46.72941,0.0,-0.20005513326339497,44.90240555099999,46.929463397423554
2020-12-25 17:45:00,33.90240555099999,35.45564,0.0,-0.4527627292692077,33.90240555099999,35.90840161476726
2020-12-25 18:00:00,49.73578811300001,53.253544,0.0,-0.6767664980259475,49.73578811300001,53.930310351785714
2020-12-25 18:15:00,60.73578811300001,65.454994,0.0,-0.7335590582528023,60.73578811300001,66.18855325991296
2020-12-25 18:30:00,60.73578811300001,62.760685,0.0,-0.8949108536396483,60.73578811300001,63.65559582068067
2020-12-25 18:45:00,63.335788113000035,65.71629,0.0,-0.9522352748980022,63.335788113000035,66.66852860985894
2020-12-25 19:00:00,56.673783709000006,60.569527,0.0,-0.9591007834911675,56.673783709000006,61.52862745585445
2020-12-25 19:15:00,32.673783709000006,33.351616,0.0,-0.7442711116906412,32.673783709000006,34.09588701745236
2020-12-25 19:30:00,24.673783709000006,23.960167,0.0,-0.6749003828248422,24.673783709000006,24.635067313977185
2020-12-25 19:45:00,24.673783709000006,23.359222,0.0,-0.631923919721639,24.673783709000006,23.991146331831015
2020-12-25 20:00:00,21.054904278,23.144424,0.0,-0.45933714014564153,21.054904278,23.603761578622205
2020-12-25 20:15:00,21.054904278,21.21968,0.0,-0.5773305201167666,21.054904278,21.79701130624958
2020-12-25 20:30:00,21.054904278,21.209757,0.0,-0.6310643324488218,21.054904278,21.84082118364511
2020-12-25 20:45:00,31.054904278,30.127491,0.0,-0.6179285493568712,31.054904278,30.745419546671325
2020-12-25 21:00:00,22.368653217999995,20.320372,0.0,-0.4334046324308779,22.368653217999995,20.753776260238496
2020-12-25 21:15:00,22.368653217999995,21.554968,0.0,-0.421124523019759,22.368653217999995,21.976092403268783
2020-12-25 21:30:00,22.368653217999995,21.563225,0.0,-0.3834520058129761,22.368653217999995,21.946676798293446
2020-12-25 21:45:00,22.368653217999995,21.612755,0.0,-0.31066476066045035,22.368653217999995,21.923419582437795
2020-12-25 22:00:00,44.894592453,43.64897,0.0,-0.5886928991468113,44.894592453,44.237664456764
2020-12-25 22:15:00,40.894592453,38.520992,0.0,-0.42996516548513697,40.894592453,38.95095744453787
2020-12-25 22:30:00,33.894592453,30.991035,0.0,-0.28886233038586895,33.894592453,31.27989779181165
2020-12-25 22:45:00,33.894592453,32.47155,0.0,-0.2206828258767991,33.894592453,32.69223281366977
2020-12-25 23:00:00,50.219776702000004,44.371677,0.0,-0.39093927204042445,50.219776702000004,44.76261667072207
2020-12-25 23:15:00,51.219776702000004,47.634987,0.0,-0.3951588060209953,51.219776702000004,48.0301456834624
2020-12-25 23:30:00,73.219776702,72.87032,0.0,-0.6811609821405106,73.219776702,73.55148416329286
2020-12-25 23:45:00,65.219776702,65.37263,0.0,-0.5130084939505571,65.219776702,65.88563575225133
2020-12-26 00:00:00,62.89926111,54.818996,0.0,-0.05117262814113588,62.89926111,54.8701690575845
2020-12-26 00:15:00,54.89926111,52.031284,0.0,-0.29414072172355354,54.89926111,52.32542505399894
2020-12-26 00:30:00,37.89926111,38.594887,0.0,-0.17022953194343693,37.89926111,38.76511631172859
2020-12-26 00:45:00,26.899261109999998,27.831398,0.0,-0.9381416287454619,26.899261109999998,28.76953963899937
2020-12-26 01:00:00,22.097608878,22.595255,0.0,0.4769979451919867,22.097608878,22.118256952879303
2020-12-26 01:15:00,22.097608878,19.898117,0.0,0.017302125622523756,22.097608878,19.880814939807163
2020-12-26 01:30:00,22.097608878,19.95695,0.0,-0.6621280646133353,22.097608878,20.619077298622123
2020-12-26 01:45:00,20.097608878,18.397558,0.0,-1.0151756231224267,20.097608878,19.4127338354027
2020-12-26 02:00:00,12.844332175999996,11.379369,0.0,0.7247101537107142,12.844332175999996,10.654658628332744
2020-12-26 02:15:00,12.844332175999996,11.833577,0.0,0.5677002158119774,12.844332175999996,11.265876940254918
2020-12-26 02:30:00,12.844332175999996,11.833577,0.0,0.5454124110792521,12.844332175999996,11.288164744987643
2020-12-26 02:45:00,12.844332175999996,11.883885,0.0,0.46359450521735723,12.844332175999996,11.4202908783886
2020-12-26 03:00:00,12.950602125,12.071503,0.0,1.0524169441699387,12.950602125,11.019085741376937
2020-12-26 03:15:00,12.950602125,12.039863,0.0,1.0251409754831053,12.950602125,11.01472165726836
2020-12-26 03:30:00,12.950602125,12.010518,0.0,0.9432938133031862,12.950602125,11.06722426073246
2020-12-26 03:45:00,12.950602125,11.970024,0.0,0.8750600850422686,12.950602125,11.094964023844451
2020-12-26 04:00:00,11.626936335,12.652025,0.0,1.9572803450346665,11.626936335,10.694744877743654
2020-12-26 04:15:00,11.626936335,11.404145,0.0,1.9353356412345697,11.626936335,9.468809599549122
2020-12-26 04:30:00,11.626936335,11.404145,0.0,1.9436415283804305,11.626936335,9.460503712403261
2020-12-26 04:45:00,11.626936335,11.333976,0.0,1.9688547405599923,11.626936335,9.36512105137116
2020-12-26 05:00:00,10.798421500999998,11.322065,0.0,3.728860947998426,10.798421500999998,7.593204405395129
2020-12-26 05:15:00,10.798421500999998,10.803164,0.0,3.7833168392108374,10.798421500999998,7.019846689231546
2020-12-26 05:30:00,10.798421500999998,10.78771,0.0,3.871790931380409,10.798421500999998,6.915919258438927
2020-12-26 05:45:00,10.798421500999998,10.741448,0.0,3.9932588514261553,10.798421500999998,6.74818955097863
2020-12-26 06:00:00,30.800904022,22.564653,0.0,9.444166361555107,30.800904022,13.120487035051339
2020-12-26 06:15:00,23.800904022,21.662214,0.0,9.701309851512438,23.800904022,11.960904427662367
2020-12-26 06:30:00,19.800904022,19.113417,0.0,9.904486940654447,19.800904022,9.208929731098483
2020-12-26 06:45:00,19.800904022,17.730558,0.0,10.42193470813607,19.800904022,7.308623687249673
2020-12-26 07:00:00,25.203073831999998,24.85269,0.0,23.01040319559588,25.203073831999998,1.8422865474461112
2020-12-26 07:15:00,25.203073831999998,25.754305,0.0,21.516521660634815,25.203073831999998,4.2377832252294425
2020-12-26 07:30:00,25.203073831999998,25.754305,0.0,20.655031459205983,25.203073831999998,5.099273426658275
2020-12-26 07:45:00,25.203073831999998,25.754305,0.9687024186828745,21.019616294383177,24.234371413317124,4.734688591481081
2020-12-26 08:00:00,36.707525354,30.909048,4.950486833149659,25.23631057355449,31.757038520850337,5.672737506889845
2020-12-26 08:15:00,36.707525354,37.050957,11.454264767329263,29.647929300158314,25.253260586670734,7.403027425915905
2020-12-26 08:30:00,36.707525354,37.408474,17.82584715772949,37.076898401687785,18.881678196270506,0.3315755668180742
2020-12-26 08:45:00,47.707525354,45.09563,26.0342763814299,43.67293606889348,21.673248972570097,1.4226945768584756
2020-12-26 09:00:00,41.948847759,43.28338,46.73643386179617,47.38522567828572,-4.787586102796169,-4.101847077211502
2020-12-26 09:15:00,36.948847759,35.449104,170.15254831069242,71.72517498851707,-133.2037005516924,-36.27607067943504
2020-12-26 09:30:00,30.948847759,30.19517,112.00588191728458,174.89178340132597,-81.05703415828458,-144.69661395247343
2020-12-26 09:45:00,30.948847759,29.994545,52.793317900475216,136.99165308511073,-21.844470141475217,-106.99710810220057
2020-12-26 10:00:00,39.921383102,30.00245,28.352583745219455,85.79707430036453,11.568799356780545,-55.794623357371364
2020-12-26 10:15:00,39.921383102,37.193943,123.00736867019829,76.44359326816185,-83.08598556819828,-39.24965024448021
2020-12-26 10:30:00,39.921383102,37.12208,213.4947170962519,150.59079515643745,-173.5733339942519,-113.46871339984565
2020-12-26 10:45:00,39.921383102,36.869953,236.14753083736812,211.49610891971045,-196.22614773536813,-174.62615576419287
2020-12-26 11:00:00,36.84920902,36.709366,208.48947919457368,211.30504443713767,-171.6402701745737,-174.5956785924111
2020-12-26 11:15:00,36.84920902,35.331085,219.2054987503472,207.3030665836299,-182.3562897303472,-171.9719813785518
2020-12-26 11:30:00,36.84920902,35.47506,209.73463574949383,222.5580521550741,-172.88542672949382,-187.08299264579676
2020-12-26 11:45:00,36.84920902,35.541126,211.53679925505182,222.8027334646953,-174.6875902350518,-187.2616072134746
2020-12-26 12:00:00,36.618089608999995,36.322887,195.23104710861355,207.4847607210159,-158.61295749961357,-171.1618733003616
2020-12-26 12:15:00,47.618089608999995,44.039864,91.82966074543496,199.69950798542226,-44.21157113643497,-155.65964439899648
2020-12-26 12:30:00,58.618089608999995,55.02783,88.54177002369023,129.67746693494473,-29.92368041469024,-74.649638718392
2020-12-26 12:45:00,57.618089608999995,53.5787,98.29370808528586,124.08830161810943,-40.67561847628586,-70.50960059882232
2020-12-26 13:00:00,37.865145577999996,40.52459,55.49482368052049,116.91010334034229,-17.629678102520494,-76.38551380176807
2020-12-26 13:15:00,27.865145577999993,28.611198,38.82663632142535,87.72143356217859,-10.961490743425355,-59.11023513688562
2020-12-26 13:30:00,27.865145577999993,27.859158,25.453701742477197,75.53125421790618,2.411443835522796,-47.67209665565032
2020-12-26 13:45:00,27.865145577999993,27.871134,19.032888652185445,65.0054064432131,8.832256925814548,-37.134272638891815
2020-12-26 14:00:00,26.911047860000007,26.174183,23.32304783553642,49.39949479598103,3.588000024463586,-23.225311904135324
2020-12-26 14:15:00,26.911047860000007,24.7426,20.315714284534103,48.82883561199739,6.595333575465904,-24.086236124692704
2020-12-26 14:30:00,37.91104786000001,35.12952,17.32722558865015,41.54642098539274,20.58382227134986,-6.416900569132977
2020-12-26 14:45:00,30.911047860000007,29.96576,8.879815511533762,32.51689964715575,22.031232348466247,-2.5511403698120034
2020-12-26 15:00:00,25.714437928999992,25.524094,11.582381197339519,16.411759994003575,14.132056731660473,9.112333633926113
2020-12-26 15:15:00,47.71443792899999,45.48423,16.287009506944635,15.764096792666882,31.427428422055357,29.720133248837023
2020-12-26 15:30:00,25.714437928999992,25.653322,8.366561169487987,9.344145575584715,17.347876759512005,16.309176644263918
2020-12-26 15:45:00,25.714437928999992,24.921246,0.9743970314744991,6.279040246318256,24.740040897525493,18.642205328632915
2020-12-26 16:00:00,25.507942768000003,26.181072,0.0,2.221635802737495,25.507942768000003,23.959436432369927
2020-12-26 16:15:00,25.507942768000003,26.037687,0.0,0.9911913242742391,25.507942768000003,25.046495977361502
2020-12-26 16:30:00,25.507942768000003,26.090107,0.0,1.066935077128936,25.507942768000003,25.023171886982393
2020-12-26 16:45:00,25.507942768000003,26.090107,0.0,0.5496956367896136,25.507942768000003,25.540411327321713
2020-12-26 17:00:00,39.99311937099999,35.906876,0.0,-0.46967930913327216,39.99311937099999,36.37655491948483
2020-12-26 17:15:00,50.99311937099999,49.915085,0.0,-0.6505235432725885,50.99311937099999,50.56560838213978
2020-12-26 17:30:00,61.99311937099999,56.51139,0.0,-0.7376536777195276,61.99311937099999,57.249044363754685
2020-12-26 17:45:00,72.99311937099999,63.226894,0.0,-0.6957721140168732,72.99311937099999,63.922666492678985
2020-12-26 18:00:00,61.62180118900001,67.051865,0.0,-1.185102174534097,61.62180118900001,68.23696679855753
2020-12-26 18:15:00,47.62180118900001,49.588493,0.0,-1.2504414478640689,47.62180118900001,50.83893479503204
2020-12-26 18:30:00,42.62180118900001,43.76752,0.0,-1.2517963166215287,42.62180118900001,45.019317221162545
2020-12-26 18:45:00,42.62180118900001,41.41914,0.0,-1.268156174715684,42.62180118900001,42.68729603677623
2020-12-26 19:00:00,36.75504729299999,34.22727,0.0,-1.052033373361465,36.75504729299999,35.27930159235561
2020-12-26 19:15:00,36.75504729299999,33.804478,0.0,-0.9633963153746566,36.75504729299999,34.76787400702505
2020-12-26 19:30:00,36.75504729299999,34.306328,0.0,-0.8969599795412907,36.75504729299999,35.20328779936551
2020-12-26 19:45:00,41.75504729299999,38.29882,0.0,-0.8769627114688642,41.75504729299999,39.17578320707433
2020-12-26 20:00:00,36.902534626000005,33.295574,0.0,-0.7235275439449281,36.902534626000005,34.01910173217735
2020-12-26 20:15:00,25.90253462600001,26.46208,0.0,-0.6845988546506546,25.90253462600001,27.14667885648171
2020-12-26 20:30:00,36.902534626000005,35.34986,0.0,-0.7436936294734667,36.902534626000005,36.093554774493
2020-12-26 20:45:00,36.902534626000005,34.083557,0.0,-0.6924079029829847,36.902534626000005,34.775965031889235
2020-12-26 21:00:00,59.29028818399999,45.56152,0.0,-0.6822094169711398,59.29028818399999,46.243729039773875
2020-12-26 21:15:00,49.29028818399999,49.940388,0.0,-0.5855082959940648,49.29028818399999,50.525896021824146
2020-12-26 21:30:00,49.29028818399999,47.760174,0.0,-0.5106428252413152,49.29028818399999,48.270816622848734
2020-12-26 21:45:00,44.29028818399999,42.569416,0.0,-0.4030715357887483,44.29028818399999,42.972487581931325
2020-12-26 22:00:00,39.78663313900001,38.624004,0.0,-0.44353652523472775,39.78663313900001,39.0675408892484
2020-12-26 22:15:00,32.78663313900001,29.904404,0.0,-0.38802149620647797,32.78663313900001,30.292425182729914
2020-12-26 22:30:00,39.78663313900001,35.99107,0.0,-0.3797116936084911,39.78663313900001,36.370781487309664
2020-12-26 22:45:00,32.78663313900001,30.472574,0.0,-0.3237674838277186,32.78663313900001,30.79634171783651
2020-12-26 23:00:00,27.229845561,27.24831,0.0,-0.5207381433044002,27.229845561,27.769048232415727
2020-12-26 23:15:00,22.229845561,19.362654,0.0,-0.523500335381253,22.229845561,19.88615406768106
2020-12-26 23:30:00,16.229845561,16.761145,0.0,-0.6334968088463359,16.229845561,17.39464144690786
2020-12-26 23:45:00,16.229845561,17.235365,0.0,-0.6056251793338482,16.229845561,17.84099009327428
2020-12-27 00:00:00,11.137645354,12.261672,0.0,-1.6533996779286158,11.137645354,13.915071697887111
2020-12-27 00:15:00,11.137645354,10.778058,0.0,-1.6488176237567478,11.137645354,12.426875675819737
2020-12-27 00:30:00,11.137645354,10.854758,0.0,-1.4487681693405348,11.137645354,12.303526431974813
2020-12-27 00:45:00,22.137645354,20.652594,0.0,-1.2813931978688649,22.137645354,21.933986810539764
2020-12-27 01:00:00,25.976773199000004,20.85678,0.0,-1.45300584218377,25.976773199000004,22.309784940694513
2020-12-27 01:15:00,14.976773199000004,13.534945,0.0,-1.4205349699405927,14.976773199000004,14.955479504242351
2020-12-27 01:30:00,11.976773199000004,11.9996805,0.0,-1.4054935898601721,11.976773199000004,13.405174108964175
2020-12-27 01:45:00,11.976773199000004,10.90813,0.0,-1.3781400588225354,11.976773199000004,12.286269750900171
2020-12-27 02:00:00,14.755210309999997,11.443606,0.0,0.07241165023312035,14.755210309999997,11.37119472641483
2020-12-27 02:15:00,14.755210309999997,13.7036295,0.0,-0.18252154047612124,14.755210309999997,13.886151034189501
2020-12-27 02:30:00,14.755210309999997,13.7036295,0.0,-0.33810595954801415,14.755210309999997,14.041735453261394
2020-12-27 02:45:00,14.755210309999997,13.7036295,0.0,-0.3517328725677419,14.755210309999997,14.055362366281122
2020-12-27 03:00:00,15.603380699,13.629631,0.0,0.6299794081652824,15.603380699,12.999651634315187
2020-12-27 03:15:00,26.603380699,23.332062,0.0,0.7093070329295007,26.603380699,22.622754734648623
2020-12-27 03:30:00,33.603380699,34.315964,0.0,1.0661331514338022,33.603380699,33.249830593683384
2020-12-27 03:45:00,22.603380699,23.92863,0.0,1.2177019552464303,22.603380699,22.710928873610992
2020-12-27 04:00:00,15.891731790999996,13.787327,0.0,1.8377168182751928,15.891731790999996,11.949609994468947
2020-12-27 04:15:00,15.891731790999996,15.083635,0.0,2.8075904872759505,15.891731790999996,12.276044842924245
2020-12-27 04:30:00,15.891731790999996,15.038436,0.0,3.6832918528784013,15.891731790999996,11.35514408309572
2020-12-27 04:45:00,15.891731790999996,15.0897045,0.0,2.4388959873166236,15.891731790999996,12.650808526233181
2020-12-27 05:00:00,15.950368524999998,15.0897045,0.0,2.9550499646847115,15.950368524999998,12.134654548865093
2020-12-27 05:15:00,15.950368524999998,15.0897045,0.0,3.0674078434753076,15.950368524999998,12.022296670074496
2020-12-27 05:30:00,15.950368524999998,15.0897045,0.0,3.2523798245335565,15.950368524999998,11.83732468901625
2020-12-27 05:45:00,15.950368524999998,15.0897045,0.0,3.441003998358583,15.950368524999998,11.648700515191221
2020-12-27 06:00:00,23.357245090000006,17.640661,0.0,7.4643640248098935,23.357245090000006,10.17629721481413
2020-12-27 06:15:00,23.357245090000006,23.185467,0.0,8.330227464972884,23.357245090000006,14.855239301384538
2020-12-27 06:30:00,23.357245090000006,23.185467,0.0,8.699436047174697,23.357245090000006,14.486030719182725
2020-12-27 06:45:00,23.357245090000006,23.185467,0.0,9.053024698300954,23.357245090000006,14.132442068056468
2020-12-27 07:00:00,31.537767556000002,30.791319,0.4558117179004748,15.747964388156756,31.081955838099528,15.043354505275861
2020-12-27 07:15:00,31.537767556000002,31.023504,1.0201614775258168,17.278656598954743,30.517606078474184,13.744847658247405
2020-12-27 07:30:00,31.537767556000002,31.023504,0.818814838861437,18.11590357070897,30.718952717138563,12.90760068649318
2020-12-27 07:45:00,31.537767556000002,30.768005,0.8548845270832246,18.368077544033092,30.682883028916777,12.399927827060658
2020-12-27 08:00:00,41.51398035999999,37.7313,3.355426962544562,22.207830213280303,38.15855339745543,15.523470140723603
2020-12-27 08:15:00,41.51398035999999,41.600147,10.879769138841896,26.122988625921117,30.634211221158097,15.477158621393336
2020-12-27 08:30:00,41.51398035999999,41.50095,16.571347863705043,34.27276487752613,24.942632496294948,7.228184982093012
2020-12-27 08:45:00,41.51398035999999,41.528763,21.370856195861197,39.961387224071885,20.143124164138793,1.5673755933109277
2020-12-27 09:00:00,34.963857156,38.74342,24.53570409343645,42.559463170961095,10.428153062563553,-3.8160435237442982
2020-12-27 09:15:00,34.963857156,33.66763,24.15080754672633,47.72632472604441,10.813049609273673,-14.058695484101051
2020-12-27 09:30:00,34.963857156,33.761505,23.227170541154784,50.44491575123554,11.736686614845219,-16.683410624282416
2020-12-27 09:45:00,34.963857156,33.8006,44.11358143237406,52.30083382433392,-9.149724276374059,-18.50023567980267
2020-12-27 10:00:00,36.40078855399999,33.579697,71.8580575457381,66.67173180276117,-35.45726899173812,-33.092035147487735
2020-12-27 10:15:00,36.40078855399999,36.22381,52.26338468222132,90.9035089626787,-15.862596128221334,-54.67970067410448
2020-12-27 10:30:00,36.40078855399999,36.401924,55.355764485810276,78.53260585285722,-18.95497593181029,-42.130681719556435
2020-12-27 10:45:00,36.40078855399999,36.335854,54.71309941180938,83.56124395143503,-18.312310857809393,-47.225390374774875
2020-12-27 11:00:00,40.353159342000005,35.47795,59.33846351147601,76.20694686620426,-18.985304169476002,-40.728995816399575
2020-12-27 11:15:00,40.353159342000005,38.14476,61.13878749458261,80.2559091588858,-20.785628152582603,-42.11114902704986
2020-12-27 11:30:00,40.353159342000005,38.14476,61.59129782887121,83.22484326485633,-21.238138486871208,-45.080083133020395
2020-12-27 11:45:00,40.353159342000005,38.224678,66.53047424583512,84.5051898482539,-26.177314903835118,-46.280511808703125
2020-12-27 12:00:00,40.595050730000004,38.129086,62.47374198115156,81.55278448687065,-21.878691251151558,-43.423698946099165
2020-12-27 12:15:00,40.595050730000004,38.17821,64.80828286939429,78.45480428241711,-24.213232139394286,-40.27659307025891
2020-12-27 12:30:00,40.595050730000004,38.93243,95.79027525844653,80.16889808832781,-55.19522452844652,-41.23646782099382
2020-12-27 12:45:00,40.595050730000004,38.438725,98.71014522017319,102.14109132695967,-58.115094490173185,-63.7023668091374
2020-12-27 13:00:00,31.415528318000003,37.660908,81.84147450333698,92.70342390136716,-50.42594618533698,-55.04251615600583
2020-12-27 13:15:00,31.415528318000003,30.278856,70.40624244674628,83.76135422171664,-38.990714128746276,-53.482497944250824
2020-12-27 13:30:00,31.415528318000003,30.278856,60.36283754319967,77.21106650344558,-28.947309225199664,-46.93221022597976
2020-12-27 13:45:00,31.415528318000003,29.909424,41.07669005924026,69.16457223981155,-9.66116174124026,-39.25514841168655
2020-12-27 14:00:00,57.680471685000015,43.003857,42.93113995220929,49.42151908684752,14.749331732790722,-6.417662427911971
2020-12-27 14:15:00,68.68047168500001,55.505478,39.10969405145809,45.64146996354684,29.570777633541923,9.864007941726598
2020-12-27 14:30:00,68.68047168500001,58.93749,23.509241773349185,38.70097584863046,45.171229911650826,20.23651270727774
2020-12-27 14:45:00,60.680471685000015,55.232838,16.54416906045289,29.319809872773646,44.13630262454713,25.913027804228307
2020-12-27 15:00:00,55.94006763499999,52.51711,16.02010863621122,16.63617565606647,39.91995899878877,35.88093326116986
2020-12-27 15:15:00,55.94006763499999,51.329693,7.144606097187121,13.89713656386009,48.79546153781287,37.432556276716085
2020-12-27 15:30:00,46.94006763499999,41.675255,1.440924823107894,9.831911865754817,45.4991428118921,31.843342956022525
2020-12-27 15:45:00,36.94006763499999,34.2717,0.0,6.259681443087689,36.94006763499999,28.01202036965645
2020-12-27 16:00:00,34.52337794,35.63193,0.0,3.2547870163255164,34.52337794,32.377144288606125
2020-12-27 16:15:00,34.52337794,32.080994,0.0,2.619088020662735,34.52337794,29.461905631681013
2020-12-27 16:30:00,34.52337794,31.658985,0.0,2.3350809694394528,34.52337794,29.3239041685
2020-12-27 16:45:00,49.52337794,48.444588,0.0,2.528468115284798,49.52337794,45.916119592234736
2020-12-27 17:00:00,45.682110374000004,41.226685,0.0,0.45403626621586646,45.682110374000004,40.772648304096634
2020-12-27 17:15:00,58.482110374000015,57.30864,0.0,0.3071916720980433,58.482110374000015,57.001447854269145
2020-12-27 17:30:00,40.682110374000004,39.02247,0.0,-0.17209538122673174,40.682110374000004,39.194563948121264
2020-12-27 17:45:00,45.682110374000004,42.227974,0.0,-0.3250044472219368,45.682110374000004,42.55297838521022
2020-12-27 18:00:00,58.570963952999996,59.80041,0.0,-0.7817176305578563,58.570963952999996,60.58212885492309
2020-12-27 18:15:00,80.57096395299999,80.4198,0.0,-0.7259431141944727,80.57096395299999,81.14574291888198
2020-12-27 18:30:00,72.57096395299999,70.33007,0.0,-0.8798482586803199,72.57096395299999,71.2099187542858
2020-12-27 18:45:00,58.570963952999996,60.819416,0.0,-0.9548252442348765,58.570963952999996,61.774241290377454
2020-12-27 19:00:00,37.472910437,39.09354,0.0,-0.990690386342549,37.472910437,40.08423057799294
2020-12-27 19:15:00,34.472910437,32.25064,0.0,-0.9146655034553489,34.472910437,33.16530637259597
2020-12-27 19:30:00,34.472910437,31.42951,0.0,-0.9275001180697152,34.472910437,32.357010234646864
2020-12-27 19:45:00,45.472910437,42.776867,0.0,-1.0129582180059904,45.472910437,43.78982513084779
2020-12-27 20:00:00,54.650557144999986,55.36361,0.0,-1.020025018621232,54.650557144999986,56.38363433258608
2020-12-27 20:15:00,65.650557145,63.786224,0.0,-1.0364970853331803,65.650557145,64.82272145056756
2020-12-27 20:30:00,65.650557145,60.159294,0.0,-1.010186261342965,65.650557145,61.169480389760935
2020-12-27 20:45:00,67.650557145,62.00054,0.0,-0.9264459437687967,67.650557145,62.926987630780516
2020-12-27 21:00:00,66.900664582,60.791256,0.0,-0.9009185080998005,66.900664582,61.692174459027534
2020-12-27 21:15:00,55.900664582000005,54.77351,0.0,-0.7808583400657777,55.900664582000005,55.554368319313824
2020-12-27 21:30:00,53.900664582000005,52.858166,0.0,-0.7726414642962879,53.900664582000005,53.63080720526308
2020-12-27 21:45:00,44.900664582000005,45.622505,0.0,-0.7159714253676458,44.900664582000005,46.33847661335593
2020-12-27 22:00:00,27.051911078000007,29.102474,0.0,-0.7049215373788967,27.051911078000007,29.807395750025382
2020-12-27 22:15:00,25.051911078000007,24.955168,0.0,-0.7247168988100238,25.051911078000007,25.679884669195765
2020-12-27 22:30:00,25.051911078000007,24.324667,0.0,-0.7031418478089658,25.051911078000007,25.027808824737676
2020-12-27 22:45:00,25.051911078000007,24.625494,0.0,-0.6100214693315112,25.051911078000007,25.23551547262741
2020-12-27 23:00:00,20.064147361999996,21.399681,0.0,-0.7420121312911806,20.064147361999996,22.141693222599773
2020-12-27 23:15:00,20.064147361999996,19.98925,0.0,-0.7096275113761134,20.064147361999996,20.69887769448158
2020-12-27 23:30:00,20.064147361999996,20.282646,0.0,-0.7149176175545825,20.064147361999996,20.997563796753802
2020-12-27 23:45:00,31.064147361999996,29.027056,0.0,-0.7623812290683115,31.064147361999996,29.789436969424756
2020-12-28 00:00:00,42.53461219,47.258793,0.0,-0.6368152400705035,42.53461219,47.89560811726777
2020-12-28 00:15:00,40.53461219,47.412506,0.0,-0.5654685926044546,40.53461219,47.97797469612008
2020-12-28 00:30:00,31.534612189999997,37.732956,0.0,-0.6247180934225379,31.534612189999997,38.357674026039724
2020-12-28 00:45:00,31.534612189999997,31.587427,0.0,-0.6605345126430794,31.534612189999997,32.24796165192531
2020-12-28 01:00:00,23.865745882,27.172226,0.0,1.0845227401928996,23.865745882,26.08770321195554
2020-12-28 01:15:00,12.865745881999997,11.625936,0.0,0.2174202262502608,12.865745881999997,11.408515328254135
2020-12-28 01:30:00,8.865745881999997,9.535021,0.0,-0.44928999189689656,8.865745881999997,9.984310820143968
2020-12-28 01:45:00,8.865745881999997,8.148011,0.0,-0.454959934390888,8.865745881999997,8.602971141971455
2020-12-28 02:00:00,10.555183857999998,9.008975,0.0,0.5940060615315524,10.555183857999998,8.414968967460148
2020-12-28 02:15:00,10.555183857999998,10.853221,0.0,0.16424802234477276,10.555183857999998,10.688972917291458
2020-12-28 02:30:00,10.555183857999998,10.853221,0.0,0.011355769423299189,10.555183857999998,10.841865170212932
2020-12-28 02:45:00,10.555183857999998,10.853221,0.0,0.0075953963948948156,10.555183857999998,10.845625543241336
2020-12-28 03:00:00,11.315265573000001,10.864994,0.0,0.024958769918058787,11.315265573000001,10.840035279154208
2020-12-28 03:15:00,11.315265573000001,11.208283,0.0,0.15899939999707413,11.315265573000001,11.049284024380368
2020-12-28 03:30:00,11.315265573000001,11.208283,0.0,0.27827016493007306,11.315265573000001,10.93001325944737
2020-12-28 03:45:00,11.315265573000001,11.208283,0.0,0.1062624113546854,11.315265573000001,11.102021013022757
2020-12-28 04:00:00,10.409806048,12.034257,0.0,0.10424417801324892,10.409806048,11.93001275710638
2020-12-28 04:15:00,10.409806048,11.117049,0.0,0.11523943215113686,10.409806048,11.001809785072984
2020-12-28 04:30:00,10.409806048,11.117049,0.0,0.14818067123142586,10.409806048,10.968868545992695
2020-12-28 04:45:00,10.409806048,11.117049,0.0,0.27222151926935545,10.409806048,10.844827697954766
2020-12-28 05:00:00,9.905760019999997,11.055334,0.0,2.242353640664554,9.905760019999997,8.81298045052197
2020-12-28 05:15:00,9.905760019999997,10.470663,0.0,2.3475506671155,9.905760019999997,8.12311240356321
2020-12-28 05:30:00,9.905760019999997,10.470663,0.0,2.483446712141932,9.905760019999997,7.987216358536779
2020-12-28 05:45:00,9.905760019999997,10.544784,0.0,1.932349534309611,9.905760019999997,8.612434057914509
2020-12-28 06:00:00,10.810033184000002,12.5664835,0.0,5.634921455393165,10.810033184000002,6.931562042226464
2020-12-28 06:15:00,10.810033184000002,11.585273,0.0,5.967722021536793,10.810033184000002,5.617550767464672
2020-12-28 06:30:00,10.810033184000002,11.846295,0.0,7.201713936808883,10.810033184000002,4.644581419941606
2020-12-28 06:45:00,10.810033184000002,11.846295,0.0,7.8272179910533195,10.810033184000002,4.019077365697169
2020-12-28 07:00:00,19.270994103999996,20.14311,0.0,13.175086908875526,19.270994103999996,6.968023366393028
2020-12-28 07:15:00,19.270994103999996,22.168457,0.0,14.57605209195632,19.270994103999996,7.592404939293679
2020-12-28 07:30:00,19.270994103999996,22.044662,0.0,14.792339161196034,19.270994103999996,7.252323314389903
2020-12-28 07:45:00,19.270994103999996,22.044662,1.848403618997908,15.072563320877169,17.42259048500209,6.9720991547087685
2020-12-28 08:00:00,30.522037045000005,26.142998,8.978079445435588,18.920060675464434,21.543957599564415,7.222937066234785
2020-12-28 08:15:00,30.522037045000005,32.25835,33.74613491643852,27.12791790759576,-3.2240978714385164,5.1304324647186945
2020-12-28 08:30:00,30.522037045000005,32.28231,51.64351229342118,48.380514170255566,-21.121475248421177,-16.098203684415722
2020-12-28 08:45:00,30.522037045000005,32.39777,73.34770693107218,63.87145424691266,-42.82566988607218,-31.473684318934147
2020-12-28 09:00:00,40.933012887000004,31.17109,65.79995374897288,78.7186822735026,-24.86694086197288,-47.54759310113931
2020-12-28 09:15:00,40.933012887000004,39.30136,31.57702256838508,78.27792471699621,9.355990318614925,-38.976563633011835
2020-12-28 09:30:00,40.933012887000004,39.614357,45.89912931037557,56.9332288877567,-4.966116423375567,-17.318871893127792
2020-12-28 09:45:00,40.933012887000004,39.614357,31.168567861088214,70.53716495878656,9.76444502591179,-30.922807964157656
2020-12-28 10:00:00,43.51347031200001,39.091667,33.93235254854459,53.62272721546221,9.581117763455417,-14.531060040169244
2020-12-28 10:15:00,43.51347031200001,41.294407,50.35261348881576,56.58926207889705,-6.839143176815753,-15.29485518802791
2020-12-28 10:30:00,43.51347031200001,41.294407,65.86490382567787,71.49620908981598,-22.35143351367786,-30.201802198946837
2020-12-28 10:45:00,43.51347031200001,41.294407,97.17720418268121,85.05145923547695,-53.6637338706812,-43.757052344607814
2020-12-28 11:00:00,31.199081032000002,41.130627,165.4683439512971,99.92816523177862,-134.2692629192971,-58.797538553311824
2020-12-28 11:15:00,31.199081032000002,31.539698,144.7752684359758,155.47137540207112,-113.57618740397578,-123.93167775497639
2020-12-28 11:30:00,31.199081032000002,31.532703,104.49805649955155,142.63207184938614,-73.29897546755154,-111.09936844972793
2020-12-28 11:45:00,31.199081032000002,31.80578,120.807619518904,117.24277763438772,-89.608538486904,-85.43699722362112
2020-12-28 12:00:00,27.011797936,31.999838,109.35722362614045,125.58453449040093,-82.34542569014044,-93.58469661503472
2020-12-28 12:15:00,27.011797936,27.241985,114.3973942734983,117.59959279418614,-87.3855963374983,-90.35760747314121
2020-12-28 12:30:00,27.011797936,27.396883,116.65947954719351,118.54099863941744,-89.64768161119352,-91.14411562855318
2020-12-28 12:45:00,38.011797936,37.606464,81.65216753886807,118.49775518506527,-43.64036960286807,-80.89129079907894
2020-12-28 13:00:00,29.57564211,36.115765,62.99648914700575,82.48577543506335,-33.42084703700574,-46.370010817143424
2020-12-28 13:15:00,22.57564211,23.249323,66.65082213323976,71.34236818387487,-44.07518002323975,-48.093045292639516
2020-12-28 13:30:00,22.57564211,22.618362,92.36989929148353,75.8398652817575,-69.79425718148353,-53.221502854999684
2020-12-28 13:45:00,22.57564211,22.692696,81.54193056932701,86.28249768109148,-58.966288459327004,-63.5898020634157
2020-12-28 14:00:00,17.344381260999995,23.36961,59.32157655912689,70.34852272408128,-41.977195298126894,-46.978912891317606
2020-12-28 14:15:00,23.344381260999995,24.607046,29.184760372050985,57.28333292988138,-5.840379111050989,-32.676286802562046
2020-12-28 14:30:00,39.344381260999995,41.39269,23.442537663572907,37.428496221493226,15.901843597427089,3.9641925297274767
2020-12-28 14:45:00,50.344381260999995,49.179775,12.385860610816936,32.60049523240266,37.95852065018306,16.579280005634452
2020-12-28 15:00:00,50.774919663999995,49.88221,18.293429717575822,20.35102415668969,32.481489946424176,29.531185621142342
2020-12-28 15:15:00,41.774919663999995,45.61219,10.217568792515038,19.56616498917199,31.557350871484957,26.04602525741004
2020-12-28 15:30:00,18.774919664,21.091034,3.1652915048410866,12.943299616637555,15.609628159158913,8.14773431890932
2020-12-28 15:45:00,22.57491966400001,22.356758,2.8920434051924517,9.220055914618193,19.682876258807557,13.136702203057588
2020-12-28 16:00:00,58.01515481199999,52.367287,0.0,6.0497372272934316,58.01515481199999,46.31754945483547
2020-12-28 16:15:00,69.01515481199999,71.5949,0.0,4.5915180091859495,69.01515481199999,67.00338402938827
2020-12-28 16:30:00,76.815154812,82.00554,0.0,5.4474250071946235,76.815154812,76.55811393323506
2020-12-28 16:45:00,69.01515481199999,74.93938,0.0,3.776975903570146,69.01515481199999,71.16240092748454
2020-12-28 17:00:00,71.287105735,67.65003,0.0,1.317064669517138,71.287105735,66.3329673739399
2020-12-28 17:15:00,60.287105735,62.025387,0.0,0.6187997758666438,60.287105735,61.40658703443609
2020-12-28 17:30:00,51.287105735,55.4944,0.0,0.34085707422043654,51.287105735,55.153542950193625
2020-12-28 17:45:00,55.287105735,56.866028,0.0,0.3137292231052137,55.287105735,56.55229860892604
2020-12-28 18:00:00,58.249597727000015,54.523567,0.0,-0.589871228041493,58.249597727000015,55.11343842774853
2020-12-28 18:15:00,46.249597727000015,46.69339,0.0,-0.7285007694612694,46.249597727000015,47.421890662039395
2020-12-28 18:30:00,38.249597727000015,38.565952,0.0,-0.737048203526098,38.249597727000015,39.30300050455149
2020-12-28 18:45:00,38.249597727000015,38.696472,0.0,-0.7436772028994457,38.249597727000015,39.4401493708682
2020-12-28 19:00:00,29.306404441999998,37.97101,0.0,-0.7151583756346965,29.306404441999998,38.686166676415944
2020-12-28 19:15:00,40.306404442,41.25854,0.0,-0.7707854926321477,40.306404442,42.029326599809885
2020-12-28 19:30:00,40.306404442,40.628334,0.0,-0.7542392506100849,40.306404442,41.38257329602024
2020-12-28 19:45:00,40.306404442,40.628334,0.0,-0.7489042383114298,40.306404442,41.37723828372159
2020-12-28 20:00:00,34.30118533599999,35.402668,0.0,-0.6596219586552855,34.30118533599999,36.062289957922864
2020-12-28 20:15:00,29.301185335999993,30.418638,0.0,-0.5870980434731133,29.301185335999993,31.00573627284323
2020-12-28 20:30:00,29.301185335999993,29.667936,0.0,-0.5432387446014985,29.301185335999993,30.21117506967474
2020-12-28 20:45:00,40.30118533599999,40.322514,0.0,-0.5092832718674806,40.30118533599999,40.83179685218975
2020-12-28 21:00:00,34.69682588199999,38.596375,0.0,-0.454635709517235,34.69682588199999,39.051010221235984
2020-12-28 21:15:00,34.69682588199999,35.94575,0.0,-0.3957995847290344,34.69682588199999,36.34155077491458
2020-12-28 21:30:00,30.69682588199999,31.556622,0.0,-0.34913490108220124,30.69682588199999,31.905756452595874
2020-12-28 21:45:00,34.69682588199999,33.918655,0.0,-0.28067022398479147,34.69682588199999,34.199325619492605
2020-12-28 22:00:00,32.630283512999995,32.826565,0.0,-0.199042300578122,32.630283512999995,33.02560708939648
2020-12-28 22:15:00,29.630283513,30.117144,0.0,-0.14909214695389494,29.630283513,30.26623577793534
2020-12-28 22:30:00,21.630283513,21.449318,0.0,-0.10941589212663339,21.630283513,21.55873382425554
2020-12-28 22:45:00,21.630283513,21.178583,0.0,-0.08638886763887499,21.630283513,21.264972012780476
2020-12-28 23:00:00,18.187138321999996,18.527115,0.0,-0.17831180826882964,18.187138321999996,18.705426676432893
2020-12-28 23:15:00,18.187138321999996,18.234222,0.0,-0.17156677626322037,18.187138321999996,18.405789188372594
2020-12-28 23:30:00,18.187138321999996,18.186012,0.0,-0.17788547404761268,18.187138321999996,18.36389774211402
2020-12-28 23:45:00,18.187138321999996,18.04204,0.0,-0.19113208111136004,18.187138321999996,18.23317195232718
2020-12-29 00:00:00,12.387262930000004,13.044808,0.0,-0.8398343058051189,12.387262930000004,13.884642693561467
2020-12-29 00:15:00,12.387262930000004,11.705787,0.0,-0.8035380148666135,12.387262930000004,12.509324719883704
2020-12-29 00:30:00,12.387262930000004,11.705787,0.0,-0.7390516961780939,12.387262930000004,12.444838401195184
2020-12-29 00:45:00,12.387262930000004,11.709766,0.0,-0.7597479916135238,12.387262930000004,12.469514379552978
2020-12-29 01:00:00,12.178427197,10.518403,0.0,-0.7442779109058552,12.178427197,11.262680964189547
2020-12-29 01:15:00,12.178427197,11.014311,0.0,-0.7309511502659013,12.178427197,11.745261987057894
2020-12-29 01:30:00,12.178427197,10.929222,0.0,-0.6742919157408817,12.178427197,11.603514022674476
2020-12-29 01:45:00,12.178427197,10.982851,0.0,-0.6738521990622967,12.178427197,11.65670322750468
2020-12-29 02:00:00,11.216150747999999,11.3178005,0.0,-0.06158619576586155,11.216150747999999,11.379386717616448
2020-12-29 02:15:00,11.216150747999999,10.780952,0.0,-0.06721471323863704,11.216150747999999,10.848167166851919
2020-12-29 02:30:00,11.216150747999999,10.780952,0.0,-0.06608888034996518,11.216150747999999,10.847041333963247
2020-12-29 02:45:00,11.216150747999999,10.765499,0.0,-0.06396644122787543,11.216150747999999,10.82946555621811
2020-12-29 03:00:00,10.296506134000001,10.782221,0.0,-0.14057102243613528,10.296506134000001,10.922791862890238
2020-12-29 03:15:00,10.296506134000001,9.869023,0.0,-0.14484481365480406,10.296506134000001,10.013868136713887
2020-12-29 03:30:00,10.296506134000001,9.861197,0.0,-0.14038483146854575,10.296506134000001,10.001582303087199
2020-12-29 03:45:00,10.296506134000001,9.828134,0.0,-0.12656224649973702,10.296506134000001,9.954695829568585
2020-12-29 04:00:00,9.593128016000001,10.543199,0.0,0.06609920301893524,9.593128016000001,10.47709938249132
2020-12-29 04:15:00,9.593128016000001,9.977986,0.0,0.07962854483800175,9.593128016000001,9.898357790916393
2020-12-29 04:30:00,9.593128016000001,9.977986,0.0,0.11522940128014436,9.593128016000001,9.86275693447425
2020-12-29 04:45:00,9.593128016000001,9.977986,0.0,0.1564915101894505,9.593128016000001,9.821494825564944
2020-12-29 05:00:00,9.576543808,9.977986,0.0,2.357262758800519,9.576543808,7.620723576953876
2020-12-29 05:15:00,9.576543808,9.977986,0.0,2.471745163973444,9.576543808,7.5062411717809505
2020-12-29 05:30:00,9.576543808,9.932766,0.0,2.594660601589047,9.576543808,7.338105359104312
2020-12-29 05:45:00,9.576543808,9.932766,0.0,2.718848076267074,9.576543808,7.2139178844262855
2020-12-29 06:00:00,13.334665713000003,11.355192,0.0,7.58752367087192,13.334665713000003,3.7676685135763224
2020-12-29 06:15:00,13.334665713000003,13.162823,0.0,8.279085085782743,13.334665713000003,4.883737637605929
2020-12-29 06:30:00,13.334665713000003,13.162823,0.0,8.586248756989644,13.334665713000003,4.576573966399028
2020-12-29 06:45:00,13.334665713000003,13.162823,0.0,8.885009348186312,13.334665713000003,4.27781337520236
2020-12-29 07:00:00,20.712168205000008,18.400278,0.0,14.825194448433153,20.712168205000008,3.5750836429975106
2020-12-29 07:15:00,20.712168205000008,21.487118,0.0,16.20121792747343,20.712168205000008,5.285899839860555
2020-12-29 07:30:00,20.712168205000008,21.487118,0.0,16.471248943918994,20.712168205000008,5.015868823414991
2020-12-29 07:45:00,20.712168205000008,21.487118,0.0,16.785311549995082,20.712168205000008,4.701806217338902
2020-12-29 08:00:00,42.94186850799999,34.515408,4.059891545643218,16.223405425295102,38.881976962356774,18.292002136960757
2020-12-29 08:15:00,42.94186850799999,41.632233,13.342374931425928,20.73497199604453,29.599493576574062,20.897260669971097
2020-12-29 08:30:00,51.94186850799999,49.869106,20.28584313504526,28.373528276113156,31.656025372954733,21.495578016611454
2020-12-29 08:45:00,53.94186850799999,51.46897,16.75577033428516,33.772462112743284,37.18609817371483,17.696509139698122
2020-12-29 09:00:00,56.106163933999994,55.98854,18.936866921903416,32.40502014332815,37.16929701209658,23.58352050608591
2020-12-29 09:15:00,57.106163933999994,56.359093,23.936064061823632,36.62418169710922,33.170099872176365,19.73491101529312
2020-12-29 09:30:00,56.106163933999994,55.93385,33.563033958075266,45.43464619538935,22.543129975924728,10.499203139327449
2020-12-29 09:45:00,67.106163934,64.08727,58.344484590500116,54.80792176952555,8.761679343499878,9.27935087451742
2020-12-29 10:00:00,71.067306155,60.682224,80.20909415807729,65.0937728829472,-9.141788003077295,-4.411548609265566
2020-12-29 10:15:00,99.067306155,89.44718,93.93704476941184,88.92814784937794,5.130261385588156,0.5190338522822202
2020-12-29 10:30:00,89.86730615500001,88.75688,105.1785775794585,102.8188109074197,-15.311271424458496,-14.061929193552515
2020-12-29 10:45:00,78.86730615500001,78.154655,86.08444105436669,115.62097259296682,-7.217134899366684,-37.466317136423854
2020-12-29 11:00:00,46.16114899899999,51.863815,97.91312467441207,90.21440578867119,-51.75197567541208,-38.350590481054
2020-12-29 11:15:00,37.16114899899999,34.629295,41.86640422533408,110.49875841439835,-4.7052552263340885,-75.86946306527726
2020-12-29 11:30:00,37.16114899899999,34.672504,8.315326685317034,68.77202486895152,28.84582231368296,-34.09952044390269
2020-12-29 11:45:00,33.16114899899999,33.10538,16.452735349115656,42.380214434069856,16.708413649884335,-9.274833422106965
2020-12-29 12:00:00,33.421822193,30.057142,6.518133610298701,42.54064870707845,26.903688582701296,-12.483506449388017
2020-12-29 12:15:00,33.421822193,31.20705,6.526880522628663,36.4697975376068,26.894941670371335,-5.262747214120473
2020-12-29 12:30:00,33.421822193,31.322622,10.938678593751385,34.40706164200307,22.483143599248613,-3.0844393428087358
2020-12-29 12:45:00,33.421822193,31.259302,6.03776781186635,37.82770662289425,27.384054381133648,-6.568404483612021
2020-12-29 13:00:00,23.17603111399999,30.33683,9.505995262685433,29.60898985618612,13.670035851314557,0.7278402829740358
2020-12-29 13:15:00,23.17603111399999,23.420784,38.42418868645541,31.88779074889444,-15.248157572455419,-8.467006752312408
2020-12-29 13:30:00,23.17603111399999,23.420784,77.60489551008601,47.58052027360975,-54.42886439608602,-24.15973627702772
2020-12-29 13:45:00,23.17603111399999,23.568035,95.83461106338237,69.5744073810674,-72.65857994938239,-46.00637225533498
2020-12-29 14:00:00,24.672251890999988,22.240038,37.57483454404613,75.24803370510486,-12.902582653046146,-53.00799578701404
2020-12-29 14:15:00,24.672251890999988,23.36117,26.050982744922518,38.007116582892984,-1.37873085392253,-14.645946767829507
2020-12-29 14:30:00,24.672251890999988,23.53051,52.05573773179628,28.03365044067406,-27.38348584079629,-4.50314049194359
2020-12-29 14:45:00,24.672251890999988,23.534382,24.569110212807658,38.46907899362368,0.10314167819232978,-14.934697127168604
2020-12-29 15:00:00,28.754338642000004,23.66206,16.860072396461756,17.95555156088576,11.894266245538248,5.706508223049788
2020-12-29 15:15:00,28.754338642000004,27.182526,5.545568800228143,13.15423699085779,23.20876984177186,14.028288643907835
2020-12-29 15:30:00,28.754338642000004,27.192057,2.1038672334293556,9.465725945353098,26.65047140857065,17.72633071053069
2020-12-29 15:45:00,28.754338642000004,27.192057,1.0280247290151823,7.304360271297301,27.72631391298482,19.887696384586487
2020-12-29 16:00:00,29.746706525999997,28.620941,0.0,3.747234571523715,29.746706525999997,24.87370659058566
2020-12-29 16:15:00,29.746706525999997,29.89909,0.0,3.206769689434169,29.746706525999997,26.692320123798254
2020-12-29 16:30:00,29.746706525999997,30.27255,0.0,2.87458810419676,29.746706525999997,27.39796247868898
2020-12-29 16:45:00,29.746706525999997,29.87631,0.0,2.6469458147978946,29.746706525999997,27.229364533712847
2020-12-29 17:00:00,50.02977136300001,41.685547,0.0,1.2935928823699738,50.02977136300001,40.39195399263003
2020-12-29 17:15:00,50.02977136300001,45.026363,0.0,0.8051582218633592,50.02977136300001,44.221205150939376
2020-12-29 17:30:00,61.02977136300001,56.299908,0.0,0.7710660849802043,61.02977136300001,55.52884159934597
2020-12-29 17:45:00,52.02977136300001,45.675957,0.0,0.25403713516303383,52.02977136300001,45.42191959091119
2020-12-29 18:00:00,49.474449298999986,48.246136,0.0,-0.5725035060615148,49.474449298999986,48.81863921773144
2020-12-29 18:15:00,51.474449298999986,45.382984,0.0,-0.5577789768493303,51.474449298999986,45.94076313822628
2020-12-29 18:30:00,49.474449298999986,45.142597,0.0,-0.6605381289713544,49.474449298999986,45.80313532745768
2020-12-29 18:45:00,49.474449298999986,45.583065,0.0,-0.6980935153106947,49.474449298999986,46.28115854826968
2020-12-29 19:00:00,48.46964759500001,48.389576,0.0,-0.7311754686007826,48.46964759500001,49.120751426852735
2020-12-29 19:15:00,41.46964759500001,37.384598,0.0,-0.8177038503870185,41.46964759500001,38.20230162870733
2020-12-29 19:30:00,63.46964759500001,56.385468,0.4298316182809988,-0.8127565250469068,63.03981597671901,57.19822405434378
2020-12-29 19:45:00,55.46964759500001,52.235035,0.0,-0.8803492732378358,55.46964759500001,53.115384215864786
2020-12-29 20:00:00,59.81461779399999,53.35191,0.0,-0.6748518798960116,59.81461779399999,54.02676151734718
2020-12-29 20:15:00,35.614617794000004,33.32003,0.0,-0.5959743771623379,35.614617794000004,33.91600458956468
2020-12-29 20:30:00,31.814617793999993,31.58355,0.0,-0.562927710036914,31.814617793999993,32.146477209548635
2020-12-29 20:45:00,31.814617793999993,31.240723,0.0,-0.5816253504788139,31.814617793999993,31.822348006728813
2020-12-29 21:00:00,25.122524002000002,26.891407,0.0,-0.4982133327053041,25.122524002000002,27.389620345644758
2020-12-29 21:15:00,25.122524002000002,24.495728,0.0,-0.470400590557838,25.122524002000002,24.966128129620337
2020-12-29 21:30:00,25.122524002000002,24.526314,0.0,-0.43631527578635165,25.122524002000002,24.962629057524634
2020-12-29 21:45:00,25.122524002000002,24.526314,0.0,-0.42073057213592435,25.122524002000002,24.947044353874205
2020-12-29 22:00:00,22.949405322000004,23.913801,0.0,-0.43562683081494946,22.949405322000004,24.349428024052255
2020-12-29 22:15:00,33.949405322000004,32.36838,0.0,-0.42645684712479615,33.949405322000004,32.79483834736894
2020-12-29 22:30:00,64.949405322,51.73265,0.0,-0.4802671247793465,64.949405322,52.21291788161528
2020-12-29 22:45:00,53.949405322000004,50.83571,0.0,-0.4926060161129274,53.949405322000004,51.32831463427699
2020-12-29 23:00:00,45.812155128,43.43364,0.0,-0.5704800981031567,45.812155128,44.00411962447034
2020-12-29 23:15:00,52.812155128,47.64512,0.0,-0.6451180201218608,52.812155128,48.29023673350077
2020-12-29 23:30:00,52.812155128,48.79166,0.0,-0.5904285927208895,52.812155128,49.38208890155878
2020-12-29 23:45:00,43.41215512800002,41.62945,0.0,-0.600369891049403,43.41215512800002,42.22982164275839
2020-12-30 00:00:00,18.568760226000002,20.272223,0.0,-0.9625724878214853,18.568760226000002,21.234795006742385
2020-12-30 00:15:00,11.568760226000002,10.815134,0.0,-0.8427435252495928,11.568760226000002,11.657877573711508
2020-12-30 00:30:00,11.568760226000002,10.552985,0.0,-0.8565418336318685,11.568760226000002,11.409527024977084
2020-12-30 00:45:00,11.568760226000002,10.563943,0.0,-0.8488580881765159,11.568760226000002,11.41280099741724
2020-12-30 01:00:00,9.462648876,9.4803915,0.0,-0.7209125673599736,9.462648876,10.201304069740345
2020-12-30 01:15:00,9.462648876,8.916285,0.0,-0.8792573672700473,9.462648876,9.795541928427275
2020-12-30 01:30:00,9.462648876,8.916285,0.0,-0.8888962677591056,9.462648876,9.805180828916333
2020-12-30 01:45:00,9.462648876,8.9699135,0.0,-0.8969512274764934,9.462648876,9.86686471014251
2020-12-30 02:00:00,9.994466804,9.304863,0.0,-0.23387585759926488,9.994466804,9.538738833673484
2020-12-30 02:15:00,9.994466804,9.795438,0.0,-0.23921580599615944,9.994466804,10.034653618801336
2020-12-30 02:30:00,9.994466804,9.766093,0.0,-0.2640232606548941,9.994466804,10.03011651474425
2020-12-30 02:45:00,9.994466804,9.766093,0.0,-0.2797240374691913,9.994466804,10.045817291558548
2020-12-30 03:00:00,9.950408726,9.802221,0.0,-0.4930735716443727,9.950408726,10.295294869862147
2020-12-30 03:15:00,9.950408726,9.710681,0.0,-0.5012977929825172,9.950408726,10.211978754591405
2020-12-30 03:30:00,9.950408726,9.710681,0.0,-0.4790902920684409,9.950408726,10.189771253677328
2020-12-30 03:45:00,9.950408726,9.673594,0.0,-0.4171182163458208,9.950408726,10.090712691138302
2020-12-30 04:00:00,11.038087692,10.267423,0.0,-0.17290866152660656,11.038087692,10.440331337613033
2020-12-30 04:15:00,11.038087692,10.79366,0.0,-0.15574642933415384,11.038087692,10.94940659321355
2020-12-30 04:30:00,11.038087692,10.79366,0.0,-0.1529386632444042,11.038087692,10.946598827123799
2020-12-30 04:45:00,11.038087692,10.79366,0.0,-0.11652414588334203,11.038087692,10.910184309762737
2020-12-30 05:00:00,21.603322365000004,21.355263,0.0,2.58648329083369,21.603322365000004,18.768779465513965
2020-12-30 05:15:00,31.603322365000004,29.478539,0.0,3.557268041390197,31.603322365000004,25.921270471793395
2020-12-30 05:30:00,20.603322365000004,22.091595,0.0,3.5113210432988544,20.603322365000004,18.58027365274607
2020-12-30 05:45:00,10.603322365000002,11.324642,0.0,2.4717158224730125,10.603322365000002,8.852926358923472
2020-12-30 06:00:00,18.704982891000004,13.611723,0.0,11.530093205801922,18.704982891000004,2.08162974036507
2020-12-30 06:15:00,18.704982891000004,17.987083,0.0,16.0277031299995,18.704982891000004,1.959380305059092
2020-12-30 06:30:00,18.704982891000004,17.969574,0.0,12.296600853621573,18.704982891000004,5.672973120987802
2020-12-30 06:45:00,18.704982891000004,17.915577,0.0,9.4494734735635,18.704982891000004,8.466103461250952
2020-12-30 07:00:00,24.402930891999993,24.466063,0.0,15.99814510533611,24.402930891999993,8.467917440440257
2020-12-30 07:15:00,24.402930891999993,25.039047,0.0,17.372094306783346,24.402930891999993,7.6669529344275915
2020-12-30 07:30:00,24.402930891999993,25.039047,0.4606438911986447,17.659249554498313,23.94228700080135,7.3797976867126245
2020-12-30 07:45:00,24.402930891999993,25.276518,0.9453892516399203,18.37067826600228,23.457541640360073,6.905839602039713
2020-12-30 08:00:00,45.50119146000001,29.318087,8.710668529204199,21.149716348070648,36.79052293079581,8.16837027607486
2020-12-30 08:15:00,45.50119146000001,43.09449,12.355835020969216,31.870035387249157,33.14535643903079,11.224454664020374
2020-12-30 08:30:00,45.50119146000001,43.09449,22.81782041372009,37.74356364603506,22.68337104627992,5.350926405234475
2020-12-30 08:45:00,45.50119146000001,43.44232,35.268988958446954,48.67844110744987,10.232202501553054,-5.236119330106121
2020-12-30 09:00:00,64.48196563299999,53.91725,49.09802800758458,54.31662934650542,15.383937625415406,-0.3993777595913599
2020-12-30 09:15:00,68.48196563299999,62.748577,55.350285647159886,74.46458801108504,13.131679985840101,-11.71601089316512
2020-12-30 09:30:00,79.48196563299999,71.46621,76.02598363818514,78.51438088144764,3.4559819948148487,-7.048171469826542
2020-12-30 09:45:00,69.08196563300001,66.28153,91.35453877740508,98.23675306924387,-22.272573144405072,-31.95522078164622
2020-12-30 10:00:00,59.610366889,59.310696,73.49314800460586,102.5368457718935,-13.882781115605859,-43.22615012370014
2020-12-30 10:15:00,48.610366889,46.64956,72.5756474403333,99.2804869198124,-23.9652805513333,-52.63092789881631
2020-12-30 10:30:00,41.610366889,39.7937,74.2589753127702,104.23942361824902,-32.648608423770206,-64.44572244637402
2020-12-30 10:45:00,41.610366889,39.655006,111.46437417572193,105.00655540417335,-69.85400728672192,-65.35154899548195
2020-12-30 11:00:00,35.070337246000015,39.09226,95.61866050517607,122.3370040363866,-60.54832325917605,-83.24474558301746
2020-12-30 11:15:00,35.070337246000015,33.152084,111.92248472466437,113.38567155847221,-76.85214747866436,-80.23358720788627
2020-12-30 11:30:00,35.070337246000015,33.008114,101.36943497727168,128.94952552103905,-66.29909773127167,-95.94141165995507
2020-12-30 11:45:00,35.070337246000015,33.13443,99.67933417219103,123.391368859837,-64.60899692619103,-90.25693892819638
2020-12-30 12:00:00,37.623170426,33.3835,115.5725657624172,116.15281695943165,-77.9493953364172,-82.76931781392383
2020-12-30 12:15:00,48.623170426,45.68229,113.88372503835919,127.9073813953365,-65.26055461235919,-82.22509227180134
2020-12-30 12:30:00,48.623170426,47.27661,144.77271898638432,123.87696626462392,-96.14954856038432,-76.60035493649892
2020-12-30 12:45:00,48.623170426,47.5294,136.89850722327338,146.85528583380966,-88.27533679727338,-99.32588596198349
2020-12-30 13:00:00,50.193172501999996,48.985695,146.63837012612245,129.84759142284153,-96.44519762412246,-80.86189653758763
2020-12-30 13:15:00,60.193172501999996,60.105476,128.60927132487922,132.8857222132878,-68.41609882287922,-72.78024583389328
2020-12-30 13:30:00,71.193172502,68.58695,98.80196979303511,118.69167904471277,-27.608797291035117,-50.104726835240115
2020-12-30 13:45:00,63.193172501999996,65.160126,105.2774325848858,94.64658023934632,-42.084260082885805,-29.486454506924446
2020-12-30 14:00:00,55.102059436000005,55.836433,86.45261186725654,87.10784182221937,-31.35055243125653,-31.27140841157484
2020-12-30 14:15:00,37.50205943599998,37.0886,35.56596498890908,72.87463274634406,1.9360944470909018,-35.786032587652656
2020-12-30 14:30:00,35.102059436000005,34.04868,47.567827760447116,41.871487539467026,-12.465768324447112,-7.822808187660385
2020-12-30 14:45:00,35.102059436000005,31.236347,34.48997689697494,46.96544762032718,0.6120825390250673,-15.729100421840855
2020-12-30 15:00:00,33.665346916000004,33.1251,17.475826696851875,29.954998014639965,16.18952021914813,3.1701011674889408
2020-12-30 15:15:00,33.665346916000004,32.431023,8.684576540055124,21.74580562393202,24.98077037594488,10.685217020110947
2020-12-30 15:30:00,33.665346916000004,32.448997,2.6817613969602387,15.824920949567172,30.983585519039764,16.62407654799142
2020-12-30 15:45:00,33.665346916000004,32.44602,0.0,11.825483312076441,33.665346916000004,20.620534906917698
2020-12-30 16:00:00,34.217962541999995,34.001297,0.0,6.006093064478887,34.217962541999995,27.995203932591426
2020-12-30 16:15:00,34.217962541999995,34.001297,0.0,5.113561151418274,34.217962541999995,28.88773584565204
2020-12-30 16:30:00,34.217962541999995,34.10284,0.0,4.351146207571246,34.217962541999995,29.751694216012737
2020-12-30 16:45:00,34.217962541999995,34.306877,0.0,3.6676312359738255,34.217962541999995,30.639245900256643
2020-12-30 17:00:00,38.615464292999995,35.335606,0.0,1.2623232315412691,38.615464292999995,34.073282389796624
2020-12-30 17:15:00,38.615464292999995,38.995518,0.0,0.7090473850756326,38.615464292999995,38.286470345637255
2020-12-30 17:30:00,49.615464292999995,49.758183,0.0,0.6557605782745782,49.615464292999995,49.102421947360185
2020-12-30 17:45:00,49.615464292999995,49.00303,0.0,0.5633330420462465,49.615464292999995,48.43969582758266
2020-12-30 18:00:00,64.090170151,65.24275,0.0,-0.5135593077814874,64.090170151,65.7563113829768
2020-12-30 18:15:00,56.890170151000014,57.683136,0.0,-0.9292554509882215,56.890170151000014,58.61239143731635
2020-12-30 18:30:00,53.090170151,51.83055,0.0,-1.0121692881088924,53.090170151,52.84272043556983
2020-12-30 18:45:00,45.090170151,43.826733,0.0,-1.010176665167056,45.090170151,44.836909300665106
2020-12-30 19:00:00,41.84866781500001,40.584873,0.0,-0.8919063243292796,41.84866781500001,41.47677952379217
2020-12-30 19:15:00,41.84866781500001,40.191017,0.0,-0.8672471644358924,41.84866781500001,41.0582643153148
2020-12-30 19:30:00,74.84866781500001,67.938286,0.0,-1.0163575945918994,74.84866781500001,68.95464342222861
2020-12-30 19:45:00,74.84866781500001,71.86912,0.0,-1.0305082734252684,74.84866781500001,72.89962601024168
2020-12-30 20:00:00,70.753110212,71.99503,0.0,-0.9260394050343531,70.753110212,72.92107266919452
2020-12-30 20:15:00,70.753110212,67.777664,0.0,-0.8259920248617859,70.753110212,68.6036562094321
2020-12-30 20:30:00,57.753110211999996,57.744267,0.0,-0.725249675450594,57.753110211999996,58.46951618546036
2020-12-30 20:45:00,48.753110211999996,47.248245,0.0,-0.6997192511364282,48.753110211999996,47.94796449039424
2020-12-30 21:00:00,40.593588912,46.243904,0.0,-0.6390814855692489,40.593588912,46.88298559933878
2020-12-30 21:15:00,34.593588912,34.227257,0.0,-0.6424607907001249,34.593588912,34.86971756560247
2020-12-30 21:30:00,40.593588912,40.491756,0.0,-0.676387570811536,40.593588912,41.16814401002052
2020-12-30 21:45:00,33.593588912,32.356335,0.0,-0.6847246974061526,33.593588912,33.04105938368545
2020-12-30 22:00:00,27.22978217,27.56678,0.0,-0.6707740557610197,27.22978217,28.23755414609305
2020-12-30 22:15:00,27.22978217,26.732533,0.0,-0.6742399274665846,27.22978217,27.406772428687287
2020-12-30 22:30:00,27.22978217,26.90031,0.0,-0.6953059474145845,27.22978217,27.595616463772007
2020-12-30 22:45:00,27.22978217,27.005547,0.0,-0.6429877924206667,27.22978217,27.648534362244884
2020-12-30 23:00:00,19.753856999000003,23.174759,0.0,-0.6952008123250205,19.753856999000003,23.869959723457832
2020-12-30 23:15:00,30.753856999000003,32.10924,0.0,-0.7214270483491464,30.753856999000003,32.83066853394485
2020-12-30 23:30:00,30.753856999000003,32.93944,0.0,-0.6772184866683794,30.753856999000003,33.61666016757658
2020-12-30 23:45:00,30.753856999000003,32.144676,0.0,-0.6056653663202748,30.753856999000003,32.75034157481637
2020-12-31 00:00:00,16.494812603,23.546505,0.0,-0.8883800795919835,16.494812603,24.434885053957217
2020-12-31 00:15:00,9.494812603,9.574815,0.0,-0.8015670960808744,9.494812603,10.376381892528629
2020-12-31 00:30:00,9.494812603,9.09718,0.0,-0.7864155813703039,9.494812603,9.883595947886418
2020-12-31 00:45:00,20.494812603,22.563778,0.0,-0.7767532967717435,20.494812603,23.34053122035573
2020-12-31 01:00:00,18.159132995,19.22834,0.0,-0.7280881884205669,18.159132995,19.95642833734635
2020-12-31 01:15:00,10.159132995,10.109636,0.0,-0.8793180071967949,10.159132995,10.988954313959491
2020-12-31 01:30:00,10.159132995,9.726787,0.0,-0.897656576504276,10.159132995,10.624443189968632
2020-12-31 01:45:00,10.159132995,9.730107,0.0,-0.8647497834337045,10.159132995,10.594857090867787
2020-12-31 02:00:00,11.609946310999996,10.115365,0.0,-0.043841430821204175,11.609946310999996,10.159206459202553
2020-12-31 02:15:00,11.609946310999996,10.9969225,0.0,-0.40210161553131407,11.609946310999996,11.399024108512272
2020-12-31 02:30:00,11.609946310999996,10.9969225,0.0,-0.41800716178853137,11.609946310999996,11.41492965476949
2020-12-31 02:45:00,11.609946310999996,10.9969225,0.0,-0.43390335965115867,11.609946310999996,11.430825852632116
2020-12-31 03:00:00,10.742439067000001,11.013644,0.0,-0.12728576718525464,10.742439067000001,11.140929985630079
2020-12-31 03:15:00,10.742439067000001,10.463102,0.0,-0.14625518103172397,10.742439067000001,10.609357521729967
2020-12-31 03:30:00,10.742439067000001,10.463102,0.0,-0.14359509288108108,10.742439067000001,10.606697433579324
2020-12-31 03:45:00,10.742439067000001,10.463102,0.0,-0.12091214216564172,10.742439067000001,10.584014482863884
2020-12-31 04:00:00,10.301886378999999,11.145103,0.0,0.3666469945474534,10.301886378999999,10.77845646004239
2020-12-31 04:15:00,10.301886378999999,10.746798,0.0,0.36398130780298554,10.301886378999999,10.382816253842522
2020-12-31 04:30:00,10.301886378999999,10.746798,0.0,0.37967471536683906,10.301886378999999,10.367122846278669
2020-12-31 04:45:00,10.301886378999999,10.709711,0.0,0.3932516940503711,10.301886378999999,10.316459380778731
2020-12-31 05:00:00,9.184391339000003,10.583102,0.0,5.253432296434766,9.184391339000003,5.3296699298225585
2020-12-31 05:15:00,9.184391339000003,9.36522,0.0,5.818466836909476,9.184391339000003,3.546753232975778
2020-12-31 05:30:00,9.184391339000003,9.212805,0.0,5.143527519236254,9.184391339000003,4.06927727507527
2020-12-31 05:45:00,9.184391339000003,9.212805,0.0,4.549016534128833,9.184391339000003,4.663788260182691
2020-12-31 06:00:00,13.028037975,12.080267,0.0,14.473424974815938,13.028037975,-2.3931580223012894
2020-12-31 06:15:00,13.028037975,14.228753,0.0,14.945000525754654,13.028037975,-0.7162474358498692
2020-12-31 06:30:00,19.028037975,24.571096,0.0,14.795062088134944,19.028037975,9.776034332153142
2020-12-31 06:45:00,13.028037975,14.238747,0.0,14.088617687981042,13.028037975,0.15012895508536417
2020-12-31 07:00:00,23.750823273999995,20.409424,0.0,20.761179661344777,23.750823273999995,-0.35175583321977655
2020-12-31 07:15:00,23.750823273999995,24.685368,0.0,22.737734438061683,23.750823273999995,1.947633146166833
2020-12-31 07:30:00,45.750823274,48.451473,0.0,25.866667472878824,45.750823274,22.58480576320516
2020-12-31 07:45:00,45.750823274,53.035572,0.9353353894371497,23.815843275932654,44.81548788456285,29.2197287760693
2020-12-31 08:00:00,58.483973523,59.074974,3.731242388685695,24.399826618842866,54.75273113431431,34.67514744121573
2020-12-31 08:15:00,58.483973523,67.71403,8.725134308826435,27.457386614209387,49.75883921417357,40.25664079057577
2020-12-31 08:30:00,66.483973523,74.81528,13.04723691290656,44.24314514527622,53.43673661009344,30.572131954333152
2020-12-31 08:45:00,69.483973523,82.09725,14.512352173971259,49.23441883926675,54.971621349028744,32.86283305282309
2020-12-31 09:00:00,71.405257774,78.28864,12.515930587451997,43.08780385835696,58.88932718654801,35.20083902494382
2020-12-31 09:15:00,51.405257774,56.17986,29.049873673561454,44.328654616109006,22.355384100438545,11.851204545267947
2020-12-31 09:30:00,55.405257774,62.55082,44.44851785541769,63.3581854623434,10.956739918582308,-0.8073660653707435
2020-12-31 09:45:00,49.405257774,53.44697,28.974651255030768,75.47303933962627,20.43060651896923,-22.02606744631572
2020-12-31 10:00:00,46.049895402,46.654305,28.749024935129228,52.25621231450721,17.30087046687077,-5.601907810112678
2020-12-31 10:15:00,51.049895402,52.52266,19.444259618709705,49.63558856005618,31.605635783290293,2.887070741701635
2020-12-31 10:30:00,51.049895402,53.93117,24.02038327276236,44.18473203259598,27.029512129237638,9.746439384640347
2020-12-31 10:45:00,51.049895402,53.260807,36.52951015848166,49.015416600090404,14.520385243518334,4.2453904372631115
2020-12-31 11:00:00,41.55077511100001,37.680046,88.7812421465998,57.2941948730658,-47.23046703559979,-19.61414879152283
2020-12-31 11:15:00,41.55077511100001,39.573044,186.9510896664154,99.9582055659342,-145.4003145554154,-60.385161742692006
2020-12-31 11:30:00,41.55077511100001,39.573044,104.49182301717147,176.82259212126732,-62.94104790617146,-137.24954829802513
2020-12-31 11:45:00,41.55077511100001,39.445847,83.00969572364389,115.33785982305612,-41.45892061264388,-75.89201326543893
2020-12-31 12:00:00,36.943694629999996,39.81408,168.4374217377553,96.4472806660853,-131.49372710775532,-56.63320138141734
2020-12-31 12:15:00,36.943694629999996,36.966362,123.22200901103757,163.10857077462072,-86.27831438103757,-126.142208775109
2020-12-31 12:30:00,36.943694629999996,37.037056,136.32656544367197,128.11633553283343,-99.38287081367197,-91.07927956359515
2020-12-31 12:45:00,36.943694629999996,36.80803,81.86693878474276,136.98804793166983,-44.92324415474276,-100.18001875686514
2020-12-31 13:00:00,34.223468645999986,35.97147,95.25752936339767,92.61165610249226,-61.03406071739768,-56.64018622334187
2020-12-31 13:15:00,34.223468645999986,32.883995,140.26128355407667,100.69246134475748,-106.03781490807668,-67.80846628860513
2020-12-31 13:30:00,45.223468645999986,46.01842,84.29842342156613,128.26520511141663,-39.07495477556614,-82.24678393832093
2020-12-31 13:45:00,45.223468645999986,48.12896,157.55904903372152,86.46110374872964,-112.33558038772154,-38.33214409296792
2020-12-31 14:00:00,43.569007961,47.17065,51.393527303038596,117.52912750383308,-7.824519342038599,-70.35847702165535
2020-12-31 14:15:00,33.569007961,32.90517,17.697692284006422,59.88681201155365,15.871315676993575,-26.981641570879823
2020-12-31 14:30:00,43.569007961,44.579723,33.71022604624942,34.7297805509669,9.85878191475058,9.849942807187396
2020-12-31 14:45:00,43.569007961,46.359196,35.094902064872514,41.61363960584563,8.474105896127483,4.745556103382889
2020-12-31 15:00:00,37.59016007300001,46.567112,24.406551700770017,29.016134530753487,13.18360837222999,17.550977438240654
2020-12-31 15:15:00,48.59016007300001,53.303707,6.466794858782915,22.628385846066948,42.12336521421709,30.675321276735787
2020-12-31 15:30:00,70.590160073,67.6189,1.3851817819681926,13.609136741898311,69.20497829103181,54.00975974247669
2020-12-31 15:45:00,63.59016007300001,63.9694,0.0,8.384019090928415,63.59016007300001,55.58537940760674
2020-12-31 16:00:00,53.40964359600002,55.721226,0.0,4.147933094696421,53.40964359600002,51.57329264382897
2020-12-31 16:15:00,52.40964359600002,53.52349,0.0,3.0706132670174755,52.40964359600002,50.45287763874424
2020-12-31 16:30:00,60.40964359600002,58.17293,0.0,2.010290591446224,60.40964359600002,56.16264107969636
2020-12-31 16:45:00,52.809643596,57.29742,0.0,1.6601091543785396,52.809643596,55.637311347330446
2020-12-31 17:00:00,64.87456047399999,60.439705,0.0,0.7750256363919988,64.87456047399999,59.66467925862753
2020-12-31 17:15:00,57.87456047399999,59.697468,0.0,0.3693278635208327,57.87456047399999,59.32813994043425
2020-12-31 17:30:00,52.87456047399999,53.280952,0.0,-0.2034068718549512,52.87456047399999,53.48435932546823
2020-12-31 17:45:00,34.87456047399999,37.449196,0.0,-0.5267795802077774,34.87456047399999,37.975975442024186
2020-12-31 18:00:00,33.09461898199999,37.55702,0.0,-1.1222608731361126,33.09461898199999,38.67927915316541
2020-12-31 18:15:00,33.09461898199999,33.565712,0.0,-1.1533842117466486,33.09461898199999,34.719096186844304
2020-12-31 18:30:00,33.09461898199999,33.616165,0.0,-1.195842481908179,33.09461898199999,34.81200764304099
2020-12-31 18:45:00,33.09461898199999,33.715153,0.0,-1.2003029374034648,33.09461898199999,34.91545567788198
2020-12-31 19:00:00,29.461693536,33.00732,0.0,-1.1341403002971289,29.461693536,34.14146070434986
2020-12-31 19:15:00,29.461693536,30.577145,0.0,-1.106340949793931,29.461693536,31.683485572596666
2020-12-31 19:30:00,40.461693536,41.52508,0.0,-1.1430158376046977,40.461693536,42.668097472126185
2020-12-31 19:45:00,40.461693536,42.290688,0.0,-1.0815455002383851,40.461693536,43.37223306127354
2020-12-31 20:00:00,40.76244792600001,41.2691,0.0,-0.9268169263473826,40.76244792600001,42.19591711555637
2020-12-31 20:15:00,30.76244792600001,30.930185,0.0,-0.8786465678292706,30.76244792600001,31.808831885822435
2020-12-31 20:30:00,40.76244792600001,41.1318,0.0,-0.8047806309567164,40.76244792600001,41.93658223618132
2020-12-31 20:45:00,36.76244792600001,37.97248,0.0,-0.7316295113831252,36.76244792600001,38.70411028530891
2020-12-31 21:00:00,26.33458953,28.401571,0.0,-0.5532596938174638,26.33458953,28.954830967621174
2020-12-31 21:15:00,26.33458953,25.024542,0.0,-0.550466635321592,26.33458953,25.57500849017999
2020-12-31 21:30:00,26.33458953,25.026417,0.0,-0.4577410043861835,26.33458953,25.484157782950636
2020-12-31 21:45:00,26.33458953,25.076727,0.0,-0.41836038790638874,26.33458953,25.495087301358538
2020-12-31 22:00:00,65.80004952800002,55.381435,0.0,-0.6890155298583479,65.80004952800002,56.070450924145455
2020-12-31 22:15:00,57.000049528,56.355713,0.0,-0.5860118086035576,57.000049528,56.94172469922856
2020-12-31 22:30:00,32.80004952800001,32.19322,0.0,-0.4708899948026498,32.80004952800001,32.66410822600382
2020-12-31 22:45:00,24.80004952800001,24.371723,0.0,-0.4515469487350422,24.80004952800001,24.82327012378387
2020-12-31 23:00:00,17.922435206999996,18.48518,0.0,-0.29680477992166054,17.922435206999996,18.781984681044708
2020-12-31 23:15:00,17.922435206999996,17.258604,0.0,-0.3934600628233379,17.922435206999996,17.652064112505954
2020-12-31 23:30:00,17.922435206999996,17.536757,0.0,-0.5044204761258185,17.922435206999996,18.04117699162875
2020-12-31 23:45:00,17.922435206999996,17.631615,0.0,-0.5498030251823877,17.922435206999996,18.181417710240982
