# Opmerking: door stationsverplaatsingen en veranderingen in waarneemmethodieken zijn deze tijdreeksen van uurwaarden mogelijk inhomogeen! Dat betekent dat deze reeks van gemeten waarden niet geschikt is voor trendanalyse. Voor studies naar klimaatverandering verwijzen we naar de gehomogeniseerde dagreeksen <http://www.knmi.nl/nederland-nu/klimatologie/daggegevens> of de Centraal Nederland Temperatuur <http://www.knmi.nl/kennis-en-datacentrum/achtergrond/centraal-nederland-temperatuur-cnt>.
# 
# SOURCE: ROYAL NETHERLANDS METEOROLOGICAL INSTITUTE (KNMI)
# Comment: These time series are inhomogeneous because of station relocations and changes in observation techniques. As a result these series are not suitable for trend analysis. For climate change studies we refer to the homogenized series of daily data <http://www.knmi.nl/nederland-nu/klimatologie/daggegevens> or the Central Netherlands Temperature <http://www.knmi.nl/kennis-en-datacentrum/achtergrond/centraal-nederland-temperatuur-cnt>.
# 
# STN         LON(east)   LAT(north)  ALT(m)      NAME
# 344         4.447       51.962      -4.30       Rotterdam   
# YYYYMMDD  : datum (YYYY=jaar;MM=maand;DD=dag)
# HH        : tijd (HH=uur; UT.12 UT=13 MET; 14 MEZT. Uurvak 05 loopt van 04.00 UT tot 5.00 UT
# T         : Temperatuur (in 0.1 graden Celsius) op 1.50 m hoogte tijdens de waarneming / Temperature (in 0.1 degrees Celsius) at 1.50 m at the time of observation
# STN,YYYYMMDD,HH,    T
  344,20190101,    1,   87
  344,20190101,    2,   88
  344,20190101,    3,   87
  344,20190101,    4,   81
  344,20190101,    5,   85
  344,20190101,    6,   87
  344,20190101,    7,   90
  344,20190101,    8,   84
  344,20190101,    9,   84
  344,20190101,   10,   87
  344,20190101,   11,   88
  344,20190101,   12,   86
  344,20190101,   13,   88
  344,20190101,   14,   87
  344,20190101,   15,   80
  344,20190101,   16,   71
  344,20190101,   17,   70
  344,20190101,   18,   65
  344,20190101,   19,   60
  344,20190101,   20,   64
  344,20190101,   21,   67
  344,20190101,   22,   61
  344,20190101,   23,   62
  344,20190101,   24,   62
  344,20190102,    1,   55
  344,20190102,    2,   62
  344,20190102,    3,   59
  344,20190102,    4,   58
  344,20190102,    5,   61
  344,20190102,    6,   61
  344,20190102,    7,   61
  344,20190102,    8,   48
  344,20190102,    9,   67
  344,20190102,   10,   68
  344,20190102,   11,   63
  344,20190102,   12,   58
  344,20190102,   13,   67
  344,20190102,   14,   64
  344,20190102,   15,   57
  344,20190102,   16,   56
  344,20190102,   17,   60
  344,20190102,   18,   54
  344,20190102,   19,   53
  344,20190102,   20,   51
  344,20190102,   21,   49
  344,20190102,   22,   47
  344,20190102,   23,   46
  344,20190102,   24,   28
  344,20190103,    1,   37
  344,20190103,    2,   24
  344,20190103,    3,   36
  344,20190103,    4,   26
  344,20190103,    5,   25
  344,20190103,    6,   12
  344,20190103,    7,   17
  344,20190103,    8,   25
  344,20190103,    9,   41
  344,20190103,   10,   59
  344,20190103,   11,   55
  344,20190103,   12,   70
  344,20190103,   13,   69
  344,20190103,   14,   52
  344,20190103,   15,   44
  344,20190103,   16,   30
  344,20190103,   17,   21
  344,20190103,   18,   17
  344,20190103,   19,   22
  344,20190103,   20,   17
  344,20190103,   21,    9
  344,20190103,   22,   26
  344,20190103,   23,   27
  344,20190103,   24,   26
  344,20190104,    1,   38
  344,20190104,    2,   36
  344,20190104,    3,   40
  344,20190104,    4,   35
  344,20190104,    5,   35
  344,20190104,    6,   45
  344,20190104,    7,   49
  344,20190104,    8,   47
  344,20190104,    9,   45
  344,20190104,   10,   48
  344,20190104,   11,   47
  344,20190104,   12,   46
  344,20190104,   13,   48
  344,20190104,   14,   45
  344,20190104,   15,   54
  344,20190104,   16,   65
  344,20190104,   17,   65
  344,20190104,   18,   66
  344,20190104,   19,   64
  344,20190104,   20,   62
  344,20190104,   21,   66
  344,20190104,   22,   65
  344,20190104,   23,   63
  344,20190104,   24,   64
  344,20190105,    1,   67
  344,20190105,    2,   75
  344,20190105,    3,   74
  344,20190105,    4,   75
  344,20190105,    5,   75
  344,20190105,    6,   74
  344,20190105,    7,   75
  344,20190105,    8,   75
  344,20190105,    9,   75
  344,20190105,   10,   75
  344,20190105,   11,   73
  344,20190105,   12,   72
  344,20190105,   13,   70
  344,20190105,   14,   73
  344,20190105,   15,   73
  344,20190105,   16,   70
  344,20190105,   17,   69
  344,20190105,   18,   66
  344,20190105,   19,   67
  344,20190105,   20,   66
  344,20190105,   21,   64
  344,20190105,   22,   60
  344,20190105,   23,   58
  344,20190105,   24,   58
  344,20190106,    1,   63
  344,20190106,    2,   63
  344,20190106,    3,   61
  344,20190106,    4,   60
  344,20190106,    5,   61
  344,20190106,    6,   63
  344,20190106,    7,   62
  344,20190106,    8,   61
  344,20190106,    9,   59
  344,20190106,   10,   63
  344,20190106,   11,   65
  344,20190106,   12,   65
  344,20190106,   13,   64
  344,20190106,   14,   63
  344,20190106,   15,   62
  344,20190106,   16,   55
  344,20190106,   17,   57
  344,20190106,   18,   59
  344,20190106,   19,   54
  344,20190106,   20,   56
  344,20190106,   21,   52
  344,20190106,   22,   52
  344,20190106,   23,   57
  344,20190106,   24,   48
  344,20190107,    1,   29
  344,20190107,    2,   25
  344,20190107,    3,   38
  344,20190107,    4,   54
  344,20190107,    5,   61
  344,20190107,    6,   66
  344,20190107,    7,   71
  344,20190107,    8,   75
  344,20190107,    9,   81
  344,20190107,   10,   85
  344,20190107,   11,   86
  344,20190107,   12,   88
  344,20190107,   13,   87
  344,20190107,   14,   85
  344,20190107,   15,   82
  344,20190107,   16,   80
  344,20190107,   17,   83
  344,20190107,   18,   87
  344,20190107,   19,   92
  344,20190107,   20,   91
  344,20190107,   21,   94
  344,20190107,   22,  102
  344,20190107,   23,   84
  344,20190107,   24,   78
  344,20190108,    1,   76
  344,20190108,    2,   75
  344,20190108,    3,   74
  344,20190108,    4,   73
  344,20190108,    5,   77
  344,20190108,    6,   80
  344,20190108,    7,   73
  344,20190108,    8,   73
  344,20190108,    9,   78
  344,20190108,   10,   78
  344,20190108,   11,   82
  344,20190108,   12,   83
  344,20190108,   13,   81
  344,20190108,   14,   81
  344,20190108,   15,   74
  344,20190108,   16,   67
  344,20190108,   17,   63
  344,20190108,   18,   70
  344,20190108,   19,   68
  344,20190108,   20,   63
  344,20190108,   21,   66
  344,20190108,   22,   56
  344,20190108,   23,   57
  344,20190108,   24,   45
  344,20190109,    1,   49
  344,20190109,    2,   49
  344,20190109,    3,   47
  344,20190109,    4,   54
  344,20190109,    5,   52
  344,20190109,    6,   49
  344,20190109,    7,   43
  344,20190109,    8,   54
  344,20190109,    9,   44
  344,20190109,   10,   60
  344,20190109,   11,   62
  344,20190109,   12,   68
  344,20190109,   13,   70
  344,20190109,   14,   68
  344,20190109,   15,   60
  344,20190109,   16,   51
  344,20190109,   17,   49
  344,20190109,   18,   44
  344,20190109,   19,   42
  344,20190109,   20,   39
  344,20190109,   21,   38
  344,20190109,   22,   25
  344,20190109,   23,    9
  344,20190109,   24,    6
  344,20190110,    1,    7
  344,20190110,    2,   -9
  344,20190110,    3,   -3
  344,20190110,    4,    2
  344,20190110,    5,    1
  344,20190110,    6,    7
  344,20190110,    7,   21
  344,20190110,    8,   17
  344,20190110,    9,   24
  344,20190110,   10,   31
  344,20190110,   11,   45
  344,20190110,   12,   49
  344,20190110,   13,   54
  344,20190110,   14,   56
  344,20190110,   15,   51
  344,20190110,   16,   47
  344,20190110,   17,   45
  344,20190110,   18,   40
  344,20190110,   19,   39
  344,20190110,   20,   40
  344,20190110,   21,   41
  344,20190110,   22,   43
  344,20190110,   23,   49
  344,20190110,   24,   53
  344,20190111,    1,   56
  344,20190111,    2,   61
  344,20190111,    3,   63
  344,20190111,    4,   74
  344,20190111,    5,   75
  344,20190111,    6,   73
  344,20190111,    7,   77
  344,20190111,    8,   76
  344,20190111,    9,   78
  344,20190111,   10,   80
  344,20190111,   11,   84
  344,20190111,   12,   84
  344,20190111,   13,   87
  344,20190111,   14,   84
  344,20190111,   15,   78
  344,20190111,   16,   79
  344,20190111,   17,   77
  344,20190111,   18,   73
  344,20190111,   19,   72
  344,20190111,   20,   71
  344,20190111,   21,   68
  344,20190111,   22,   53
  344,20190111,   23,   65
  344,20190111,   24,   65
  344,20190112,    1,   72
  344,20190112,    2,   71
  344,20190112,    3,   70
  344,20190112,    4,   70
  344,20190112,    5,   69
  344,20190112,    6,   74
  344,20190112,    7,   74
  344,20190112,    8,   76
  344,20190112,    9,   80
  344,20190112,   10,   75
  344,20190112,   11,   77
  344,20190112,   12,   84
  344,20190112,   13,   84
  344,20190112,   14,   86
  344,20190112,   15,   85
  344,20190112,   16,   82
  344,20190112,   17,   81
  344,20190112,   18,   82
  344,20190112,   19,   84
  344,20190112,   20,   83
  344,20190112,   21,   83
  344,20190112,   22,   82
  344,20190112,   23,   78
  344,20190112,   24,   81
  344,20190113,    1,   82
  344,20190113,    2,   83
  344,20190113,    3,   86
  344,20190113,    4,   90
  344,20190113,    5,   92
  344,20190113,    6,   96
  344,20190113,    7,   96
  344,20190113,    8,   95
  344,20190113,    9,   95
  344,20190113,   10,   95
  344,20190113,   11,   96
  344,20190113,   12,   98
  344,20190113,   13,   97
  344,20190113,   14,   97
  344,20190113,   15,   97
  344,20190113,   16,   96
  344,20190113,   17,   99
  344,20190113,   18,   93
  344,20190113,   19,   90
  344,20190113,   20,   85
  344,20190113,   21,   81
  344,20190113,   22,   80
  344,20190113,   23,   78
  344,20190113,   24,   74
  344,20190114,    1,   78
  344,20190114,    2,   75
  344,20190114,    3,   75
  344,20190114,    4,   76
  344,20190114,    5,   68
  344,20190114,    6,   67
  344,20190114,    7,   68
  344,20190114,    8,   50
  344,20190114,    9,   62
  344,20190114,   10,   67
  344,20190114,   11,   65
  344,20190114,   12,   75
  344,20190114,   13,   65
  344,20190114,   14,   62
  344,20190114,   15,   56
  344,20190114,   16,   45
  344,20190114,   17,   41
  344,20190114,   18,   46
  344,20190114,   19,   23
  344,20190114,   20,   26
  344,20190114,   21,   23
  344,20190114,   22,    9
  344,20190114,   23,    8
  344,20190114,   24,    5
  344,20190115,    1,   10
  344,20190115,    2,   27
  344,20190115,    3,   44
  344,20190115,    4,   54
  344,20190115,    5,   53
  344,20190115,    6,   56
  344,20190115,    7,   65
  344,20190115,    8,   67
  344,20190115,    9,   70
  344,20190115,   10,   73
  344,20190115,   11,   77
  344,20190115,   12,   77
  344,20190115,   13,   79
  344,20190115,   14,   83
  344,20190115,   15,   81
  344,20190115,   16,   80
  344,20190115,   17,   80
  344,20190115,   18,   79
  344,20190115,   19,   79
  344,20190115,   20,   80
  344,20190115,   21,   80
  344,20190115,   22,   81
  344,20190115,   23,   81
  344,20190115,   24,   83
  344,20190116,    1,   82
  344,20190116,    2,   81
  344,20190116,    3,   77
  344,20190116,    4,   75
  344,20190116,    5,   72
  344,20190116,    6,   67
  344,20190116,    7,   65
  344,20190116,    8,   64
  344,20190116,    9,   61
  344,20190116,   10,   66
  344,20190116,   11,   63
  344,20190116,   12,   64
  344,20190116,   13,   62
  344,20190116,   14,   60
  344,20190116,   15,   59
  344,20190116,   16,   59
  344,20190116,   17,   58
  344,20190116,   18,   54
  344,20190116,   19,   54
  344,20190116,   20,   56
  344,20190116,   21,   59
  344,20190116,   22,   48
  344,20190116,   23,   45
  344,20190116,   24,   49
  344,20190117,    1,   53
  344,20190117,    2,   56
  344,20190117,    3,   46
  344,20190117,    4,   40
  344,20190117,    5,   45
  344,20190117,    6,   47
  344,20190117,    7,   46
  344,20190117,    8,   34
  344,20190117,    9,   39
  344,20190117,   10,   44
  344,20190117,   11,   49
  344,20190117,   12,   47
  344,20190117,   13,   45
  344,20190117,   14,   36
  344,20190117,   15,   21
  344,20190117,   16,   20
  344,20190117,   17,   30
  344,20190117,   18,   19
  344,20190117,   19,   24
  344,20190117,   20,   35
  344,20190117,   21,   12
  344,20190117,   22,   27
  344,20190117,   23,   10
  344,20190117,   24,   -3
  344,20190118,    1,  -12
  344,20190118,    2,  -24
  344,20190118,    3,  -17
  344,20190118,    4,  -18
  344,20190118,    5,  -23
  344,20190118,    6,  -23
  344,20190118,    7,  -28
  344,20190118,    8,  -25
  344,20190118,    9,    5
  344,20190118,   10,   26
  344,20190118,   11,   39
  344,20190118,   12,   38
  344,20190118,   13,   40
  344,20190118,   14,   42
  344,20190118,   15,   38
  344,20190118,   16,   25
  344,20190118,   17,   17
  344,20190118,   18,   11
  344,20190118,   19,   -1
  344,20190118,   20,   -9
  344,20190118,   21,  -15
  344,20190118,   22,   -5
  344,20190118,   23,   -4
  344,20190118,   24,   -3
  344,20190119,    1,   -6
  344,20190119,    2,   -8
  344,20190119,    3,  -11
  344,20190119,    4,  -11
  344,20190119,    5,  -13
  344,20190119,    6,  -12
  344,20190119,    7,  -13
  344,20190119,    8,  -18
  344,20190119,    9,   -8
  344,20190119,   10,    7
  344,20190119,   11,   19
  344,20190119,   12,   27
  344,20190119,   13,   31
  344,20190119,   14,   27
  344,20190119,   15,   21
  344,20190119,   16,   11
  344,20190119,   17,    8
  344,20190119,   18,    2
  344,20190119,   19,   -9
  344,20190119,   20,  -12
  344,20190119,   21,  -10
  344,20190119,   22,  -14
  344,20190119,   23,  -19
  344,20190119,   24,  -25
  344,20190120,    1,  -27
  344,20190120,    2,  -30
  344,20190120,    3,  -34
  344,20190120,    4,  -35
  344,20190120,    5,  -61
  344,20190120,    6,  -55
  344,20190120,    7,  -53
  344,20190120,    8,  -57
  344,20190120,    9,  -27
  344,20190120,   10,  -12
  344,20190120,   11,    4
  344,20190120,   12,   15
  344,20190120,   13,   19
  344,20190120,   14,   22
  344,20190120,   15,   12
  344,20190120,   16,    6
  344,20190120,   17,  -14
  344,20190120,   18,  -23
  344,20190120,   19,  -28
  344,20190120,   20,  -32
  344,20190120,   21,  -31
  344,20190120,   22,  -49
  344,20190120,   23,  -55
  344,20190120,   24,  -61
  344,20190121,    1,  -58
  344,20190121,    2,  -71
  344,20190121,    3,  -59
  344,20190121,    4,  -65
  344,20190121,    5,  -68
  344,20190121,    6,  -63
  344,20190121,    7,  -58
  344,20190121,    8,  -54
  344,20190121,    9,  -29
  344,20190121,   10,   18
  344,20190121,   11,   38
  344,20190121,   12,   50
  344,20190121,   13,   47
  344,20190121,   14,   48
  344,20190121,   15,   45
  344,20190121,   16,   18
  344,20190121,   17,    8
  344,20190121,   18,   10
  344,20190121,   19,    7
  344,20190121,   20,   10
  344,20190121,   21,    7
  344,20190121,   22,    1
  344,20190121,   23,   -4
  344,20190121,   24,   -8
  344,20190122,    1,   -9
  344,20190122,    2,  -13
  344,20190122,    3,  -16
  344,20190122,    4,  -16
  344,20190122,    5,  -16
  344,20190122,    6,  -14
  344,20190122,    7,  -12
  344,20190122,    8,  -12
  344,20190122,    9,  -14
  344,20190122,   10,  -12
  344,20190122,   11,  -10
  344,20190122,   12,   -7
  344,20190122,   13,   -6
  344,20190122,   14,    0
  344,20190122,   15,    3
  344,20190122,   16,    5
  344,20190122,   17,    6
  344,20190122,   18,    6
  344,20190122,   19,    4
  344,20190122,   20,    1
  344,20190122,   21,   -1
  344,20190122,   22,    0
  344,20190122,   23,   -2
  344,20190122,   24,   -3
  344,20190123,    1,   -2
  344,20190123,    2,   -5
  344,20190123,    3,   -3
  344,20190123,    4,   -4
  344,20190123,    5,   -3
  344,20190123,    6,   -5
  344,20190123,    7,  -15
  344,20190123,    8,  -24
  344,20190123,    9,  -24
  344,20190123,   10,  -14
  344,20190123,   11,  -10
  344,20190123,   12,   -1
  344,20190123,   13,   -1
  344,20190123,   14,   -4
  344,20190123,   15,   -5
  344,20190123,   16,   -7
  344,20190123,   17,   -7
  344,20190123,   18,   -4
  344,20190123,   19,   -2
  344,20190123,   20,   -1
  344,20190123,   21,   -2
  344,20190123,   22,   -7
  344,20190123,   23,   -7
  344,20190123,   24,   -4
  344,20190124,    1,   -3
  344,20190124,    2,   -8
  344,20190124,    3,   -9
  344,20190124,    4,   -9
  344,20190124,    5,   -7
  344,20190124,    6,   -8
  344,20190124,    7,   -4
  344,20190124,    8,   -1
  344,20190124,    9,    1
  344,20190124,   10,    2
  344,20190124,   11,    7
  344,20190124,   12,   13
  344,20190124,   13,   14
  344,20190124,   14,   10
  344,20190124,   15,   11
  344,20190124,   16,   12
  344,20190124,   17,    7
  344,20190124,   18,  -11
  344,20190124,   19,    5
  344,20190124,   20,    1
  344,20190124,   21,   -4
  344,20190124,   22,   -2
  344,20190124,   23,   -3
  344,20190124,   24,   -5
  344,20190125,    1,   -5
  344,20190125,    2,   -5
  344,20190125,    3,   -6
  344,20190125,    4,   -8
  344,20190125,    5,   -9
  344,20190125,    6,   -8
  344,20190125,    7,   -1
  344,20190125,    8,   -4
  344,20190125,    9,   -7
  344,20190125,   10,    1
  344,20190125,   11,    8
  344,20190125,   12,   15
  344,20190125,   13,   22
  344,20190125,   14,   25
  344,20190125,   15,   30
  344,20190125,   16,   32
  344,20190125,   17,   36
  344,20190125,   18,   50
  344,20190125,   19,   64
  344,20190125,   20,   74
  344,20190125,   21,   84
  344,20190125,   22,   82
  344,20190125,   23,   78
  344,20190125,   24,   80
  344,20190126,    1,   79
  344,20190126,    2,   71
  344,20190126,    3,   70
  344,20190126,    4,   77
  344,20190126,    5,   75
  344,20190126,    6,   78
  344,20190126,    7,   75
  344,20190126,    8,   72
  344,20190126,    9,   74
  344,20190126,   10,   78
  344,20190126,   11,   75
  344,20190126,   12,   76
  344,20190126,   13,   77
  344,20190126,   14,   77
  344,20190126,   15,   75
  344,20190126,   16,   78
  344,20190126,   17,   79
  344,20190126,   18,   73
  344,20190126,   19,   78
  344,20190126,   20,   72
  344,20190126,   21,   72
  344,20190126,   22,   70
  344,20190126,   23,   70
  344,20190126,   24,   77
  344,20190127,    1,   76
  344,20190127,    2,   74
  344,20190127,    3,   73
  344,20190127,    4,   74
  344,20190127,    5,   72
  344,20190127,    6,   67
  344,20190127,    7,   67
  344,20190127,    8,   63
  344,20190127,    9,   63
  344,20190127,   10,   68
  344,20190127,   11,   60
  344,20190127,   12,   55
  344,20190127,   13,   56
  344,20190127,   14,   58
  344,20190127,   15,   45
  344,20190127,   16,   52
  344,20190127,   17,   53
  344,20190127,   18,   56
  344,20190127,   19,   55
  344,20190127,   20,   51
  344,20190127,   21,   43
  344,20190127,   22,   43
  344,20190127,   23,   40
  344,20190127,   24,   47
  344,20190128,    1,   54
  344,20190128,    2,   51
  344,20190128,    3,   46
  344,20190128,    4,   49
  344,20190128,    5,   46
  344,20190128,    6,   43
  344,20190128,    7,   43
  344,20190128,    8,   48
  344,20190128,    9,   50
  344,20190128,   10,   57
  344,20190128,   11,   59
  344,20190128,   12,   65
  344,20190128,   13,   48
  344,20190128,   14,   36
  344,20190128,   15,   39
  344,20190128,   16,   38
  344,20190128,   17,   35
  344,20190128,   18,   37
  344,20190128,   19,   36
  344,20190128,   20,   21
  344,20190128,   21,   27
  344,20190128,   22,   26
  344,20190128,   23,   13
  344,20190128,   24,    4
  344,20190129,    1,   17
  344,20190129,    2,    6
  344,20190129,    3,    8
  344,20190129,    4,   -4
  344,20190129,    5,   -6
  344,20190129,    6,   21
  344,20190129,    7,   18
  344,20190129,    8,   15
  344,20190129,    9,   14
  344,20190129,   10,   18
  344,20190129,   11,   29
  344,20190129,   12,   34
  344,20190129,   13,   39
  344,20190129,   14,   38
  344,20190129,   15,   36
  344,20190129,   16,   32
  344,20190129,   17,   32
  344,20190129,   18,   31
  344,20190129,   19,   28
  344,20190129,   20,   20
  344,20190129,   21,   18
  344,20190129,   22,   15
  344,20190129,   23,   11
  344,20190129,   24,   10
  344,20190130,    1,    7
  344,20190130,    2,    5
  344,20190130,    3,    5
  344,20190130,    4,    0
  344,20190130,    5,    3
  344,20190130,    6,    2
  344,20190130,    7,    2
  344,20190130,    8,    4
  344,20190130,    9,    3
  344,20190130,   10,    9
  344,20190130,   11,   10
  344,20190130,   12,    9
  344,20190130,   13,   13
  344,20190130,   14,   17
  344,20190130,   15,   14
  344,20190130,   16,   11
  344,20190130,   17,   10
  344,20190130,   18,   12
  344,20190130,   19,   16
  344,20190130,   20,   15
  344,20190130,   21,    8
  344,20190130,   22,    4
  344,20190130,   23,  -18
  344,20190130,   24,  -14
  344,20190131,    1,  -13
  344,20190131,    2,   -4
  344,20190131,    3,    3
  344,20190131,    4,   -9
  344,20190131,    5,  -19
  344,20190131,    6,  -11
  344,20190131,    7,    0
  344,20190131,    8,    5
  344,20190131,    9,   -7
  344,20190131,   10,   -5
  344,20190131,   11,   -7
  344,20190131,   12,   -5
  344,20190131,   13,   -5
  344,20190131,   14,   -5
  344,20190131,   15,   -6
  344,20190131,   16,   -9
  344,20190131,   17,  -12
  344,20190131,   18,  -15
  344,20190131,   19,  -13
  344,20190131,   20,  -14
  344,20190131,   21,  -11
  344,20190131,   22,   -9
  344,20190131,   23,   -8
  344,20190131,   24,   -5
  344,20190201,    1,   -3
  344,20190201,    2,    2
  344,20190201,    3,    2
  344,20190201,    4,   -3
  344,20190201,    5,   -4
  344,20190201,    6,   -3
  344,20190201,    7,   -1
  344,20190201,    8,    0
  344,20190201,    9,    1
  344,20190201,   10,    4
  344,20190201,   11,    8
  344,20190201,   12,   14
  344,20190201,   13,   19
  344,20190201,   14,   21
  344,20190201,   15,   25
  344,20190201,   16,   27
  344,20190201,   17,   20
  344,20190201,   18,   22
  344,20190201,   19,   23
  344,20190201,   20,   23
  344,20190201,   21,   23
  344,20190201,   22,   22
  344,20190201,   23,   23
  344,20190201,   24,   21
  344,20190202,    1,   22
  344,20190202,    2,   23
  344,20190202,    3,   22
  344,20190202,    4,   22
  344,20190202,    5,   22
  344,20190202,    6,   23
  344,20190202,    7,   24
  344,20190202,    8,   24
  344,20190202,    9,   25
  344,20190202,   10,   31
  344,20190202,   11,   32
  344,20190202,   12,   34
  344,20190202,   13,   38
  344,20190202,   14,   38
  344,20190202,   15,   36
  344,20190202,   16,   37
  344,20190202,   17,   36
  344,20190202,   18,   33
  344,20190202,   19,   33
  344,20190202,   20,   31
  344,20190202,   21,   28
  344,20190202,   22,   25
  344,20190202,   23,   16
  344,20190202,   24,   10
  344,20190203,    1,   18
  344,20190203,    2,    2
  344,20190203,    3,   14
  344,20190203,    4,   -6
  344,20190203,    5,  -10
  344,20190203,    6,    0
  344,20190203,    7,  -15
  344,20190203,    8,  -13
  344,20190203,    9,   20
  344,20190203,   10,   42
  344,20190203,   11,   61
  344,20190203,   12,   50
  344,20190203,   13,   51
  344,20190203,   14,   59
  344,20190203,   15,   58
  344,20190203,   16,   44
  344,20190203,   17,   28
  344,20190203,   18,   16
  344,20190203,   19,   -2
  344,20190203,   20,    3
  344,20190203,   21,   12
  344,20190203,   22,   13
  344,20190203,   23,   10
  344,20190203,   24,   11
  344,20190204,    1,   13
  344,20190204,    2,   13
  344,20190204,    3,   13
  344,20190204,    4,   10
  344,20190204,    5,   13
  344,20190204,    6,   15
  344,20190204,    7,   21
  344,20190204,    8,   24
  344,20190204,    9,   28
  344,20190204,   10,   33
  344,20190204,   11,   36
  344,20190204,   12,   23
  344,20190204,   13,   17
  344,20190204,   14,   20
  344,20190204,   15,   24
  344,20190204,   16,   26
  344,20190204,   17,   28
  344,20190204,   18,   29
  344,20190204,   19,   31
  344,20190204,   20,   34
  344,20190204,   21,   35
  344,20190204,   22,   36
  344,20190204,   23,   38
  344,20190204,   24,   39
  344,20190205,    1,   40
  344,20190205,    2,   41
  344,20190205,    3,   41
  344,20190205,    4,   40
  344,20190205,    5,   37
  344,20190205,    6,   39
  344,20190205,    7,   39
  344,20190205,    8,   39
  344,20190205,    9,   41
  344,20190205,   10,   42
  344,20190205,   11,   48
  344,20190205,   12,   50
  344,20190205,   13,   49
  344,20190205,   14,   50
  344,20190205,   15,   53
  344,20190205,   16,   55
  344,20190205,   17,   54
  344,20190205,   18,   48
  344,20190205,   19,   42
  344,20190205,   20,   47
  344,20190205,   21,   46
  344,20190205,   22,   43
  344,20190205,   23,   40
  344,20190205,   24,   40
  344,20190206,    1,   45
  344,20190206,    2,   40
  344,20190206,    3,   37
  344,20190206,    4,   35
  344,20190206,    5,   34
  344,20190206,    6,   32
  344,20190206,    7,   34
  344,20190206,    8,   37
  344,20190206,    9,   41
  344,20190206,   10,   46
  344,20190206,   11,   51
  344,20190206,   12,   55
  344,20190206,   13,   58
  344,20190206,   14,   61
  344,20190206,   15,   61
  344,20190206,   16,   63
  344,20190206,   17,   64
  344,20190206,   18,   66
  344,20190206,   19,   67
  344,20190206,   20,   68
  344,20190206,   21,   70
  344,20190206,   22,   72
  344,20190206,   23,   75
  344,20190206,   24,   74
  344,20190207,    1,   75
  344,20190207,    2,   80
  344,20190207,    3,   88
  344,20190207,    4,   91
  344,20190207,    5,   91
  344,20190207,    6,   86
  344,20190207,    7,   77
  344,20190207,    8,   72
  344,20190207,    9,   71
  344,20190207,   10,   85
  344,20190207,   11,   86
  344,20190207,   12,   93
  344,20190207,   13,   91
  344,20190207,   14,   91
  344,20190207,   15,   85
  344,20190207,   16,   78
  344,20190207,   17,   70
  344,20190207,   18,   72
  344,20190207,   19,   67
  344,20190207,   20,   67
  344,20190207,   21,   64
  344,20190207,   22,   64
  344,20190207,   23,   61
  344,20190207,   24,   58
  344,20190208,    1,   60
  344,20190208,    2,   56
  344,20190208,    3,   60
  344,20190208,    4,   64
  344,20190208,    5,   63
  344,20190208,    6,   66
  344,20190208,    7,   67
  344,20190208,    8,   67
  344,20190208,    9,   72
  344,20190208,   10,   77
  344,20190208,   11,   83
  344,20190208,   12,   86
  344,20190208,   13,   92
  344,20190208,   14,   94
  344,20190208,   15,   95
  344,20190208,   16,   95
  344,20190208,   17,   97
  344,20190208,   18,   94
  344,20190208,   19,   94
  344,20190208,   20,   93
  344,20190208,   21,   92
  344,20190208,   22,   93
  344,20190208,   23,   88
  344,20190208,   24,   90
  344,20190209,    1,   90
  344,20190209,    2,   83
  344,20190209,    3,   81
  344,20190209,    4,   79
  344,20190209,    5,   76
  344,20190209,    6,   74
  344,20190209,    7,   72
  344,20190209,    8,   74
  344,20190209,    9,   83
  344,20190209,   10,   89
  344,20190209,   11,   95
  344,20190209,   12,   98
  344,20190209,   13,   91
  344,20190209,   14,   91
  344,20190209,   15,   89
  344,20190209,   16,   86
  344,20190209,   17,   86
  344,20190209,   18,   83
  344,20190209,   19,   86
  344,20190209,   20,   87
  344,20190209,   21,   86
  344,20190209,   22,   88
  344,20190209,   23,   82
  344,20190209,   24,   79
  344,20190210,    1,   78
  344,20190210,    2,   77
  344,20190210,    3,   71
  344,20190210,    4,   64
  344,20190210,    5,   62
  344,20190210,    6,   64
  344,20190210,    7,   70
  344,20190210,    8,   71
  344,20190210,    9,   79
  344,20190210,   10,   69
  344,20190210,   11,   71
  344,20190210,   12,   75
  344,20190210,   13,   67
  344,20190210,   14,   62
  344,20190210,   15,   58
  344,20190210,   16,   52
  344,20190210,   17,   45
  344,20190210,   18,   46
  344,20190210,   19,   47
  344,20190210,   20,   51
  344,20190210,   21,   48
  344,20190210,   22,   59
  344,20190210,   23,   52
  344,20190210,   24,   44
  344,20190211,    1,   47
  344,20190211,    2,   44
  344,20190211,    3,   48
  344,20190211,    4,   40
  344,20190211,    5,   50
  344,20190211,    6,   41
  344,20190211,    7,   48
  344,20190211,    8,   44
  344,20190211,    9,   65
  344,20190211,   10,   70
  344,20190211,   11,   67
  344,20190211,   12,   82
  344,20190211,   13,   80
  344,20190211,   14,   77
  344,20190211,   15,   72
  344,20190211,   16,   65
  344,20190211,   17,   46
  344,20190211,   18,   26
  344,20190211,   19,   23
  344,20190211,   20,   28
  344,20190211,   21,    1
  344,20190211,   22,   -4
  344,20190211,   23,    2
  344,20190211,   24,   -4
  344,20190212,    1,   -4
  344,20190212,    2,  -10
  344,20190212,    3,   12
  344,20190212,    4,   11
  344,20190212,    5,   26
  344,20190212,    6,   27
  344,20190212,    7,   45
  344,20190212,    8,   48
  344,20190212,    9,   58
  344,20190212,   10,   68
  344,20190212,   11,   83
  344,20190212,   12,   87
  344,20190212,   13,   88
  344,20190212,   14,   94
  344,20190212,   15,   80
  344,20190212,   16,   78
  344,20190212,   17,   71
  344,20190212,   18,   71
  344,20190212,   19,   68
  344,20190212,   20,   65
  344,20190212,   21,   63
  344,20190212,   22,   56
  344,20190212,   23,   57
  344,20190212,   24,   62
  344,20190213,    1,   59
  344,20190213,    2,   59
  344,20190213,    3,   59
  344,20190213,    4,   59
  344,20190213,    5,   59
  344,20190213,    6,   60
  344,20190213,    7,   60
  344,20190213,    8,   60
  344,20190213,    9,   63
  344,20190213,   10,   66
  344,20190213,   11,   68
  344,20190213,   12,   80
  344,20190213,   13,   88
  344,20190213,   14,   85
  344,20190213,   15,   82
  344,20190213,   16,   76
  344,20190213,   17,   68
  344,20190213,   18,   64
  344,20190213,   19,   60
  344,20190213,   20,   55
  344,20190213,   21,   49
  344,20190213,   22,   44
  344,20190213,   23,   42
  344,20190213,   24,   35
  344,20190214,    1,   32
  344,20190214,    2,   22
  344,20190214,    3,   20
  344,20190214,    4,   23
  344,20190214,    5,   11
  344,20190214,    6,   14
  344,20190214,    7,   21
  344,20190214,    8,   31
  344,20190214,    9,   50
  344,20190214,   10,   62
  344,20190214,   11,   83
  344,20190214,   12,   99
  344,20190214,   13,  112
  344,20190214,   14,  118
  344,20190214,   15,  118
  344,20190214,   16,  120
  344,20190214,   17,   89
  344,20190214,   18,   77
  344,20190214,   19,   45
  344,20190214,   20,   50
  344,20190214,   21,   55
  344,20190214,   22,   41
  344,20190214,   23,   26
  344,20190214,   24,   16
  344,20190215,    1,   10
  344,20190215,    2,   24
  344,20190215,    3,   20
  344,20190215,    4,    3
  344,20190215,    5,   12
  344,20190215,    6,    7
  344,20190215,    7,    4
  344,20190215,    8,   42
  344,20190215,    9,   76
  344,20190215,   10,   99
  344,20190215,   11,  117
  344,20190215,   12,  129
  344,20190215,   13,  144
  344,20190215,   14,  149
  344,20190215,   15,  148
  344,20190215,   16,  139
  344,20190215,   17,  123
  344,20190215,   18,   73
  344,20190215,   19,   64
  344,20190215,   20,   61
  344,20190215,   21,   51
  344,20190215,   22,   66
  344,20190215,   23,   60
  344,20190215,   24,   66
  344,20190216,    1,   66
  344,20190216,    2,   60
  344,20190216,    3,   50
  344,20190216,    4,   52
  344,20190216,    5,   51
  344,20190216,    6,   48
  344,20190216,    7,   49
  344,20190216,    8,   55
  344,20190216,    9,   75
  344,20190216,   10,   97
  344,20190216,   11,  104
  344,20190216,   12,  109
  344,20190216,   13,  116
  344,20190216,   14,  120
  344,20190216,   15,  121
  344,20190216,   16,  109
  344,20190216,   17,   90
  344,20190216,   18,   71
  344,20190216,   19,   74
  344,20190216,   20,   48
  344,20190216,   21,   53
  344,20190216,   22,   58
  344,20190216,   23,   42
  344,20190216,   24,   52
  344,20190217,    1,   52
  344,20190217,    2,   54
  344,20190217,    3,   42
  344,20190217,    4,   40
  344,20190217,    5,   32
  344,20190217,    6,   35
  344,20190217,    7,   25
  344,20190217,    8,   44
  344,20190217,    9,   75
  344,20190217,   10,   96
  344,20190217,   11,  113
  344,20190217,   12,  128
  344,20190217,   13,  138
  344,20190217,   14,  145
  344,20190217,   15,  149
  344,20190217,   16,  145
  344,20190217,   17,  122
  344,20190217,   18,  112
  344,20190217,   19,  101
  344,20190217,   20,  101
  344,20190217,   21,   90
  344,20190217,   22,   81
  344,20190217,   23,   61
  344,20190217,   24,   59
  344,20190218,    1,   61
  344,20190218,    2,   52
  344,20190218,    3,   53
  344,20190218,    4,   51
  344,20190218,    5,   54
  344,20190218,    6,   51
  344,20190218,    7,   55
  344,20190218,    8,   66
  344,20190218,    9,   80
  344,20190218,   10,  104
  344,20190218,   11,  116
  344,20190218,   12,  127
  344,20190218,   13,  133
  344,20190218,   14,  134
  344,20190218,   15,  132
  344,20190218,   16,  114
  344,20190218,   17,   94
  344,20190218,   18,   70
  344,20190218,   19,   60
  344,20190218,   20,   65
  344,20190218,   21,   81
  344,20190218,   22,   81
  344,20190218,   23,   74
  344,20190218,   24,   71
  344,20190219,    1,   73
  344,20190219,    2,   70
  344,20190219,    3,   67
  344,20190219,    4,   61
  344,20190219,    5,   59
  344,20190219,    6,   58
  344,20190219,    7,   56
  344,20190219,    8,   63
  344,20190219,    9,   71
  344,20190219,   10,   83
  344,20190219,   11,   93
  344,20190219,   12,   94
  344,20190219,   13,   98
  344,20190219,   14,   96
  344,20190219,   15,   86
  344,20190219,   16,   79
  344,20190219,   17,   75
  344,20190219,   18,   71
  344,20190219,   19,   71
  344,20190219,   20,   72
  344,20190219,   21,   65
  344,20190219,   22,   62
  344,20190219,   23,   62
  344,20190219,   24,   67
  344,20190220,    1,   65
  344,20190220,    2,   62
  344,20190220,    3,   53
  344,20190220,    4,   55
  344,20190220,    5,   54
  344,20190220,    6,   54
  344,20190220,    7,   58
  344,20190220,    8,   62
  344,20190220,    9,   71
  344,20190220,   10,   86
  344,20190220,   11,   97
  344,20190220,   12,  101
  344,20190220,   13,  111
  344,20190220,   14,  112
  344,20190220,   15,  109
  344,20190220,   16,  105
  344,20190220,   17,   92
  344,20190220,   18,   78
  344,20190220,   19,   77
  344,20190220,   20,   71
  344,20190220,   21,   68
  344,20190220,   22,   74
  344,20190220,   23,   74
  344,20190220,   24,   74
  344,20190221,    1,   67
  344,20190221,    2,   66
  344,20190221,    3,   66
  344,20190221,    4,   66
  344,20190221,    5,   66
  344,20190221,    6,   63
  344,20190221,    7,   69
  344,20190221,    8,   72
  344,20190221,    9,   86
  344,20190221,   10,   97
  344,20190221,   11,  109
  344,20190221,   12,  114
  344,20190221,   13,  112
  344,20190221,   14,   98
  344,20190221,   15,   89
  344,20190221,   16,   86
  344,20190221,   17,   85
  344,20190221,   18,   85
  344,20190221,   19,   86
  344,20190221,   20,   85
  344,20190221,   21,   82
  344,20190221,   22,   80
  344,20190221,   23,   74
  344,20190221,   24,   70
  344,20190222,    1,   69
  344,20190222,    2,   66
  344,20190222,    3,   65
  344,20190222,    4,   64
  344,20190222,    5,   60
  344,20190222,    6,   59
  344,20190222,    7,   60
  344,20190222,    8,   66
  344,20190222,    9,   75
  344,20190222,   10,   84
  344,20190222,   11,   94
  344,20190222,   12,  118
  344,20190222,   13,  122
  344,20190222,   14,  123
  344,20190222,   15,  123
  344,20190222,   16,  119
  344,20190222,   17,  114
  344,20190222,   18,  109
  344,20190222,   19,  107
  344,20190222,   20,   98
  344,20190222,   21,   77
  344,20190222,   22,   87
  344,20190222,   23,   84
  344,20190222,   24,   79
  344,20190223,    1,   73
  344,20190223,    2,   68
  344,20190223,    3,   65
  344,20190223,    4,   57
  344,20190223,    5,   47
  344,20190223,    6,   30
  344,20190223,    7,   51
  344,20190223,    8,   59
  344,20190223,    9,   74
  344,20190223,   10,   86
  344,20190223,   11,  102
  344,20190223,   12,  116
  344,20190223,   13,  119
  344,20190223,   14,  124
  344,20190223,   15,  122
  344,20190223,   16,  114
  344,20190223,   17,  103
  344,20190223,   18,   88
  344,20190223,   19,   83
  344,20190223,   20,   74
  344,20190223,   21,   67
  344,20190223,   22,   63
  344,20190223,   23,   40
  344,20190223,   24,   27
  344,20190224,    1,   49
  344,20190224,    2,    5
  344,20190224,    3,   -6
  344,20190224,    4,   12
  344,20190224,    5,   -9
  344,20190224,    6,   17
  344,20190224,    7,    0
  344,20190224,    8,   31
  344,20190224,    9,   62
  344,20190224,   10,   89
  344,20190224,   11,  115
  344,20190224,   12,  129
  344,20190224,   13,  136
  344,20190224,   14,  139
  344,20190224,   15,  144
  344,20190224,   16,  136
  344,20190224,   17,  107
  344,20190224,   18,   98
  344,20190224,   19,   73
  344,20190224,   20,   51
  344,20190224,   21,   34
  344,20190224,   22,   53
  344,20190224,   23,   35
  344,20190224,   24,   24
  344,20190225,    1,   16
  344,20190225,    2,   16
  344,20190225,    3,   15
  344,20190225,    4,    7
  344,20190225,    5,   -2
  344,20190225,    6,   27
  344,20190225,    7,   31
  344,20190225,    8,   52
  344,20190225,    9,   87
  344,20190225,   10,  119
  344,20190225,   11,  139
  344,20190225,   12,  152
  344,20190225,   13,  164
  344,20190225,   14,  168
  344,20190225,   15,  164
  344,20190225,   16,  153
  344,20190225,   17,  119
  344,20190225,   18,  105
  344,20190225,   19,   85
  344,20190225,   20,   72
  344,20190225,   21,   65
  344,20190225,   22,   43
  344,20190225,   23,   37
  344,20190225,   24,   27
  344,20190226,    1,   29
  344,20190226,    2,   19
  344,20190226,    3,    5
  344,20190226,    4,   22
  344,20190226,    5,   15
  344,20190226,    6,   16
  344,20190226,    7,   36
  344,20190226,    8,   76
  344,20190226,    9,  100
  344,20190226,   10,  129
  344,20190226,   11,  148
  344,20190226,   12,  168
  344,20190226,   13,  178
  344,20190226,   14,  180
  344,20190226,   15,  183
  344,20190226,   16,  165
  344,20190226,   17,  151
  344,20190226,   18,  111
  344,20190226,   19,   87
  344,20190226,   20,   88
  344,20190226,   21,   63
  344,20190226,   22,   77
  344,20190226,   23,   75
  344,20190226,   24,   49
  344,20190227,    1,   42
  344,20190227,    2,   34
  344,20190227,    3,   23
  344,20190227,    4,   35
  344,20190227,    5,   26
  344,20190227,    6,   56
  344,20190227,    7,   62
  344,20190227,    8,   72
  344,20190227,    9,  121
  344,20190227,   10,  143
  344,20190227,   11,  153
  344,20190227,   12,  163
  344,20190227,   13,  169
  344,20190227,   14,  163
  344,20190227,   15,  158
  344,20190227,   16,  143
  344,20190227,   17,  130
  344,20190227,   18,  105
  344,20190227,   19,   86
  344,20190227,   20,   78
  344,20190227,   21,   54
  344,20190227,   22,   39
  344,20190227,   23,   67
  344,20190227,   24,   55
  344,20190228,    1,   42
  344,20190228,    2,   37
  344,20190228,    3,   37
  344,20190228,    4,   30
  344,20190228,    5,   38
  344,20190228,    6,   39
  344,20190228,    7,   48
  344,20190228,    8,   61
  344,20190228,    9,   83
  344,20190228,   10,   87
  344,20190228,   11,  110
  344,20190228,   12,   98
  344,20190228,   13,  109
  344,20190228,   14,  112
  344,20190228,   15,  113
  344,20190228,   16,  105
  344,20190228,   17,  100
  344,20190228,   18,   97
  344,20190228,   19,   97
  344,20190228,   20,   95
  344,20190228,   21,   91
  344,20190228,   22,   89
  344,20190228,   23,   85
  344,20190228,   24,   81
  344,20190301,    1,   72
  344,20190301,    2,   68
  344,20190301,    3,   65
  344,20190301,    4,   66
  344,20190301,    5,   69
  344,20190301,    6,   72
  344,20190301,    7,   69
  344,20190301,    8,   65
  344,20190301,    9,   64
  344,20190301,   10,   66
  344,20190301,   11,   77
  344,20190301,   12,   77
  344,20190301,   13,   73
  344,20190301,   14,   64
  344,20190301,   15,   73
  344,20190301,   16,   69
  344,20190301,   17,   61
  344,20190301,   18,   57
  344,20190301,   19,   59
  344,20190301,   20,   58
  344,20190301,   21,   38
  344,20190301,   22,   28
  344,20190301,   23,   29
  344,20190301,   24,   50
  344,20190302,    1,   54
  344,20190302,    2,   59
  344,20190302,    3,   62
  344,20190302,    4,   64
  344,20190302,    5,   64
  344,20190302,    6,   65
  344,20190302,    7,   67
  344,20190302,    8,   76
  344,20190302,    9,   84
  344,20190302,   10,   92
  344,20190302,   11,  100
  344,20190302,   12,  112
  344,20190302,   13,  103
  344,20190302,   14,   98
  344,20190302,   15,   94
  344,20190302,   16,   95
  344,20190302,   17,   99
  344,20190302,   18,   99
  344,20190302,   19,   95
  344,20190302,   20,   96
  344,20190302,   21,   97
  344,20190302,   22,   98
  344,20190302,   23,   97
  344,20190302,   24,  103
  344,20190303,    1,  103
  344,20190303,    2,  104
  344,20190303,    3,  100
  344,20190303,    4,   95
  344,20190303,    5,   99
  344,20190303,    6,   99
  344,20190303,    7,  100
  344,20190303,    8,  104
  344,20190303,    9,  107
  344,20190303,   10,  110
  344,20190303,   11,  115
  344,20190303,   12,  115
  344,20190303,   13,  114
  344,20190303,   14,  120
  344,20190303,   15,  120
  344,20190303,   16,  123
  344,20190303,   17,  120
  344,20190303,   18,  116
  344,20190303,   19,  120
  344,20190303,   20,  119
  344,20190303,   21,  120
  344,20190303,   22,  121
  344,20190303,   23,  124
  344,20190303,   24,  123
  344,20190304,    1,  120
  344,20190304,    2,  119
  344,20190304,    3,  118
  344,20190304,    4,  115
  344,20190304,    5,   79
  344,20190304,    6,   77
  344,20190304,    7,   79
  344,20190304,    8,   54
  344,20190304,    9,   61
  344,20190304,   10,   73
  344,20190304,   11,   75
  344,20190304,   12,   84
  344,20190304,   13,   87
  344,20190304,   14,   82
  344,20190304,   15,   81
  344,20190304,   16,   79
  344,20190304,   17,   78
  344,20190304,   18,   78
  344,20190304,   19,   73
  344,20190304,   20,   75
  344,20190304,   21,   80
  344,20190304,   22,   73
  344,20190304,   23,   72
  344,20190304,   24,   73
  344,20190305,    1,   71
  344,20190305,    2,   64
  344,20190305,    3,   65
  344,20190305,    4,   65
  344,20190305,    5,   63
  344,20190305,    6,   56
  344,20190305,    7,   56
  344,20190305,    8,   57
  344,20190305,    9,   65
  344,20190305,   10,   73
  344,20190305,   11,   74
  344,20190305,   12,   83
  344,20190305,   13,   83
  344,20190305,   14,   98
  344,20190305,   15,   96
  344,20190305,   16,   91
  344,20190305,   17,   83
  344,20190305,   18,   81
  344,20190305,   19,   76
  344,20190305,   20,   77
  344,20190305,   21,   80
  344,20190305,   22,   80
  344,20190305,   23,   77
  344,20190305,   24,   77
  344,20190306,    1,   81
  344,20190306,    2,   81
  344,20190306,    3,   85
  344,20190306,    4,   88
  344,20190306,    5,   89
  344,20190306,    6,   89
  344,20190306,    7,   93
  344,20190306,    8,   98
  344,20190306,    9,   96
  344,20190306,   10,   95
  344,20190306,   11,  102
  344,20190306,   12,  101
  344,20190306,   13,  106
  344,20190306,   14,  110
  344,20190306,   15,  110
  344,20190306,   16,  112
  344,20190306,   17,  109
  344,20190306,   18,  110
  344,20190306,   19,  111
  344,20190306,   20,  110
  344,20190306,   21,  108
  344,20190306,   22,  107
  344,20190306,   23,  108
  344,20190306,   24,  109
  344,20190307,    1,  109
  344,20190307,    2,  108
  344,20190307,    3,  101
  344,20190307,    4,  100
  344,20190307,    5,   95
  344,20190307,    6,   82
  344,20190307,    7,   78
  344,20190307,    8,   81
  344,20190307,    9,   83
  344,20190307,   10,   90
  344,20190307,   11,  100
  344,20190307,   12,  102
  344,20190307,   13,  102
  344,20190307,   14,  101
  344,20190307,   15,   95
  344,20190307,   16,   97
  344,20190307,   17,   93
  344,20190307,   18,   91
  344,20190307,   19,   84
  344,20190307,   20,   80
  344,20190307,   21,   76
  344,20190307,   22,   77
  344,20190307,   23,   77
  344,20190307,   24,   78
  344,20190308,    1,   73
  344,20190308,    2,   72
  344,20190308,    3,   70
  344,20190308,    4,   68
  344,20190308,    5,   62
  344,20190308,    6,   66
  344,20190308,    7,   64
  344,20190308,    8,   70
  344,20190308,    9,   77
  344,20190308,   10,   84
  344,20190308,   11,   79
  344,20190308,   12,   91
  344,20190308,   13,   90
  344,20190308,   14,   90
  344,20190308,   15,   88
  344,20190308,   16,   87
  344,20190308,   17,   84
  344,20190308,   18,   86
  344,20190308,   19,   87
  344,20190308,   20,   78
  344,20190308,   21,   75
  344,20190308,   22,   74
  344,20190308,   23,   74
  344,20190308,   24,   78
  344,20190309,    1,   79
  344,20190309,    2,   85
  344,20190309,    3,   90
  344,20190309,    4,   89
  344,20190309,    5,   85
  344,20190309,    6,   88
  344,20190309,    7,   90
  344,20190309,    8,   89
  344,20190309,    9,   91
  344,20190309,   10,   97
  344,20190309,   11,   99
  344,20190309,   12,  105
  344,20190309,   13,  104
  344,20190309,   14,  107
  344,20190309,   15,   89
  344,20190309,   16,   88
  344,20190309,   17,   83
  344,20190309,   18,   84
  344,20190309,   19,   88
  344,20190309,   20,   87
  344,20190309,   21,   85
  344,20190309,   22,   85
  344,20190309,   23,   82
  344,20190309,   24,   80
  344,20190310,    1,   77
  344,20190310,    2,   75
  344,20190310,    3,   70
  344,20190310,    4,   60
  344,20190310,    5,   53
  344,20190310,    6,   50
  344,20190310,    7,   51
  344,20190310,    8,   52
  344,20190310,    9,   54
  344,20190310,   10,   78
  344,20190310,   11,  108
  344,20190310,   12,   96
  344,20190310,   13,   92
  344,20190310,   14,   54
  344,20190310,   15,   51
  344,20190310,   16,   52
  344,20190310,   17,   47
  344,20190310,   18,   49
  344,20190310,   19,   48
  344,20190310,   20,   62
  344,20190310,   21,   64
  344,20190310,   22,   69
  344,20190310,   23,   59
  344,20190310,   24,   50
  344,20190311,    1,   47
  344,20190311,    2,   52
  344,20190311,    3,   50
  344,20190311,    4,   39
  344,20190311,    5,   46
  344,20190311,    6,   46
  344,20190311,    7,   49
  344,20190311,    8,   52
  344,20190311,    9,   55
  344,20190311,   10,   67
  344,20190311,   11,   62
  344,20190311,   12,   81
  344,20190311,   13,   71
  344,20190311,   14,   68
  344,20190311,   15,   66
  344,20190311,   16,   72
  344,20190311,   17,   71
  344,20190311,   18,   56
  344,20190311,   19,   45
  344,20190311,   20,   31
  344,20190311,   21,   27
  344,20190311,   22,   24
  344,20190311,   23,   45
  344,20190311,   24,   51
  344,20190312,    1,   51
  344,20190312,    2,   55
  344,20190312,    3,   58
  344,20190312,    4,   60
  344,20190312,    5,   63
  344,20190312,    6,   62
  344,20190312,    7,   65
  344,20190312,    8,   72
  344,20190312,    9,   76
  344,20190312,   10,   83
  344,20190312,   11,   84
  344,20190312,   12,   86
  344,20190312,   13,   89
  344,20190312,   14,   90
  344,20190312,   15,   89
  344,20190312,   16,   91
  344,20190312,   17,   86
  344,20190312,   18,   79
  344,20190312,   19,   44
  344,20190312,   20,   49
  344,20190312,   21,   57
  344,20190312,   22,   59
  344,20190312,   23,   65
  344,20190312,   24,   65
  344,20190313,    1,   63
  344,20190313,    2,   66
  344,20190313,    3,   68
  344,20190313,    4,   72
  344,20190313,    5,   69
  344,20190313,    6,   74
  344,20190313,    7,   77
  344,20190313,    8,   76
  344,20190313,    9,   78
  344,20190313,   10,   70
  344,20190313,   11,   79
  344,20190313,   12,   81
  344,20190313,   13,   89
  344,20190313,   14,   99
  344,20190313,   15,   92
  344,20190313,   16,   86
  344,20190313,   17,   80
  344,20190313,   18,   74
  344,20190313,   19,   74
  344,20190313,   20,   69
  344,20190313,   21,   79
  344,20190313,   22,   77
  344,20190313,   23,   72
  344,20190313,   24,   74
  344,20190314,    1,   77
  344,20190314,    2,   77
  344,20190314,    3,   76
  344,20190314,    4,   72
  344,20190314,    5,   70
  344,20190314,    6,   69
  344,20190314,    7,   69
  344,20190314,    8,   73
  344,20190314,    9,   80
  344,20190314,   10,   85
  344,20190314,   11,  105
  344,20190314,   12,  106
  344,20190314,   13,  116
  344,20190314,   14,  110
  344,20190314,   15,  104
  344,20190314,   16,  102
  344,20190314,   17,   94
  344,20190314,   18,   90
  344,20190314,   19,   86
  344,20190314,   20,   89
  344,20190314,   21,   87
  344,20190314,   22,   86
  344,20190314,   23,   82
  344,20190314,   24,   79
  344,20190315,    1,   84
  344,20190315,    2,   87
  344,20190315,    3,   89
  344,20190315,    4,   77
  344,20190315,    5,   69
  344,20190315,    6,   68
  344,20190315,    7,   90
  344,20190315,    8,  108
  344,20190315,    9,  111
  344,20190315,   10,  115
  344,20190315,   11,  120
  344,20190315,   12,  126
  344,20190315,   13,  123
  344,20190315,   14,  117
  344,20190315,   15,  105
  344,20190315,   16,  100
  344,20190315,   17,   98
  344,20190315,   18,   95
  344,20190315,   19,   90
  344,20190315,   20,   92
  344,20190315,   21,   89
  344,20190315,   22,   91
  344,20190315,   23,   86
  344,20190315,   24,   91
  344,20190316,    1,   87
  344,20190316,    2,   87
  344,20190316,    3,   81
  344,20190316,    4,   76
  344,20190316,    5,   78
  344,20190316,    6,   97
  344,20190316,    7,   97
  344,20190316,    8,   99
  344,20190316,    9,  104
  344,20190316,   10,  105
  344,20190316,   11,  111
  344,20190316,   12,  112
  344,20190316,   13,  109
  344,20190316,   14,  111
  344,20190316,   15,  110
  344,20190316,   16,  108
  344,20190316,   17,  107
  344,20190316,   18,  108
  344,20190316,   19,  111
  344,20190316,   20,  109
  344,20190316,   21,  107
  344,20190316,   22,  105
  344,20190316,   23,  108
  344,20190316,   24,  101
  344,20190317,    1,   90
  344,20190317,    2,   87
  344,20190317,    3,   84
  344,20190317,    4,   62
  344,20190317,    5,   60
  344,20190317,    6,   62
  344,20190317,    7,   73
  344,20190317,    8,   67
  344,20190317,    9,   77
  344,20190317,   10,   73
  344,20190317,   11,   77
  344,20190317,   12,   75
  344,20190317,   13,   75
  344,20190317,   14,   77
  344,20190317,   15,   78
  344,20190317,   16,   78
  344,20190317,   17,   71
  344,20190317,   18,   65
  344,20190317,   19,   62
  344,20190317,   20,   57
  344,20190317,   21,   56
  344,20190317,   22,   52
  344,20190317,   23,   64
  344,20190317,   24,   71
  344,20190318,    1,   58
  344,20190318,    2,   47
  344,20190318,    3,   47
  344,20190318,    4,   45
  344,20190318,    5,   52
  344,20190318,    6,   45
  344,20190318,    7,   47
  344,20190318,    8,   69
  344,20190318,    9,   56
  344,20190318,   10,   82
  344,20190318,   11,   79
  344,20190318,   12,   70
  344,20190318,   13,   86
  344,20190318,   14,   80
  344,20190318,   15,   85
  344,20190318,   16,   75
  344,20190318,   17,   70
  344,20190318,   18,   38
  344,20190318,   19,   30
  344,20190318,   20,   17
  344,20190318,   21,   17
  344,20190318,   22,   14
  344,20190318,   23,   16
  344,20190318,   24,    5
  344,20190319,    1,    7
  344,20190319,    2,   -3
  344,20190319,    3,  -16
  344,20190319,    4,    3
  344,20190319,    5,   -6
  344,20190319,    6,    2
  344,20190319,    7,   34
  344,20190319,    8,   47
  344,20190319,    9,   60
  344,20190319,   10,   74
  344,20190319,   11,   97
  344,20190319,   12,  105
  344,20190319,   13,  100
  344,20190319,   14,  117
  344,20190319,   15,  117
  344,20190319,   16,  107
  344,20190319,   17,  100
  344,20190319,   18,   84
  344,20190319,   19,   70
  344,20190319,   20,   80
  344,20190319,   21,   82
  344,20190319,   22,   72
  344,20190319,   23,   80
  344,20190319,   24,   83
  344,20190320,    1,   86
  344,20190320,    2,   88
  344,20190320,    3,   84
  344,20190320,    4,   83
  344,20190320,    5,   85
  344,20190320,    6,   85
  344,20190320,    7,   88
  344,20190320,    8,   95
  344,20190320,    9,  102
  344,20190320,   10,  100
  344,20190320,   11,  104
  344,20190320,   12,  116
  344,20190320,   13,  123
  344,20190320,   14,  125
  344,20190320,   15,  118
  344,20190320,   16,  111
  344,20190320,   17,   98
  344,20190320,   18,   99
  344,20190320,   19,   97
  344,20190320,   20,   98
  344,20190320,   21,   97
  344,20190320,   22,   85
  344,20190320,   23,   75
  344,20190320,   24,   74
  344,20190321,    1,   67
  344,20190321,    2,   63
  344,20190321,    3,   53
  344,20190321,    4,   57
  344,20190321,    5,   50
  344,20190321,    6,   70
  344,20190321,    7,   85
  344,20190321,    8,   92
  344,20190321,    9,   91
  344,20190321,   10,   96
  344,20190321,   11,  100
  344,20190321,   12,  103
  344,20190321,   13,  105
  344,20190321,   14,  104
  344,20190321,   15,   98
  344,20190321,   16,   95
  344,20190321,   17,   92
  344,20190321,   18,   89
  344,20190321,   19,   86
  344,20190321,   20,   84
  344,20190321,   21,   82
  344,20190321,   22,   82
  344,20190321,   23,   82
  344,20190321,   24,   81
  344,20190322,    1,   77
  344,20190322,    2,   80
  344,20190322,    3,   79
  344,20190322,    4,   76
  344,20190322,    5,   74
  344,20190322,    6,   63
  344,20190322,    7,   63
  344,20190322,    8,   60
  344,20190322,    9,   70
  344,20190322,   10,   93
  344,20190322,   11,  108
  344,20190322,   12,  127
  344,20190322,   13,  146
  344,20190322,   14,  158
  344,20190322,   15,  160
  344,20190322,   16,  127
  344,20190322,   17,   98
  344,20190322,   18,   66
  344,20190322,   19,   72
  344,20190322,   20,   75
  344,20190322,   21,   79
  344,20190322,   22,   82
  344,20190322,   23,   84
  344,20190322,   24,   81
  344,20190323,    1,   85
  344,20190323,    2,   79
  344,20190323,    3,   66
  344,20190323,    4,   66
  344,20190323,    5,   83
  344,20190323,    6,   88
  344,20190323,    7,   93
  344,20190323,    8,  100
  344,20190323,    9,  102
  344,20190323,   10,  107
  344,20190323,   11,  105
  344,20190323,   12,  101
  344,20190323,   13,  112
  344,20190323,   14,  114
  344,20190323,   15,  109
  344,20190323,   16,  101
  344,20190323,   17,   89
  344,20190323,   18,   75
  344,20190323,   19,   56
  344,20190323,   20,   48
  344,20190323,   21,   43
  344,20190323,   22,   39
  344,20190323,   23,   33
  344,20190323,   24,   35
  344,20190324,    1,   30
  344,20190324,    2,   14
  344,20190324,    3,    7
  344,20190324,    4,    9
  344,20190324,    5,   -2
  344,20190324,    6,   -5
  344,20190324,    7,   12
  344,20190324,    8,   65
  344,20190324,    9,   66
  344,20190324,   10,   78
  344,20190324,   11,   98
  344,20190324,   12,   96
  344,20190324,   13,  102
  344,20190324,   14,  105
  344,20190324,   15,  103
  344,20190324,   16,   94
  344,20190324,   17,   83
  344,20190324,   18,   57
  344,20190324,   19,   35
  344,20190324,   20,   47
  344,20190324,   21,   34
  344,20190324,   22,   53
  344,20190324,   23,   69
  344,20190324,   24,   77
  344,20190325,    1,   71
  344,20190325,    2,   79
  344,20190325,    3,   68
  344,20190325,    4,   66
  344,20190325,    5,   63
  344,20190325,    6,   69
  344,20190325,    7,   73
  344,20190325,    8,   80
  344,20190325,    9,   85
  344,20190325,   10,   90
  344,20190325,   11,   89
  344,20190325,   12,   89
  344,20190325,   13,   95
  344,20190325,   14,   95
  344,20190325,   15,   89
  344,20190325,   16,   87
  344,20190325,   17,   83
  344,20190325,   18,   80
  344,20190325,   19,   71
  344,20190325,   20,   74
  344,20190325,   21,   75
  344,20190325,   22,   75
  344,20190325,   23,   73
  344,20190325,   24,   70
  344,20190326,    1,   67
  344,20190326,    2,   67
  344,20190326,    3,   39
  344,20190326,    4,   23
  344,20190326,    5,   39
  344,20190326,    6,   44
  344,20190326,    7,   69
  344,20190326,    8,   75
  344,20190326,    9,   84
  344,20190326,   10,   93
  344,20190326,   11,  101
  344,20190326,   12,   98
  344,20190326,   13,   96
  344,20190326,   14,   96
  344,20190326,   15,   99
  344,20190326,   16,   93
  344,20190326,   17,   83
  344,20190326,   18,   71
  344,20190326,   19,   72
  344,20190326,   20,   72
  344,20190326,   21,   73
  344,20190326,   22,   70
  344,20190326,   23,   67
  344,20190326,   24,   50
  344,20190327,    1,   60
  344,20190327,    2,   57
  344,20190327,    3,   57
  344,20190327,    4,   56
  344,20190327,    5,   52
  344,20190327,    6,   63
  344,20190327,    7,   74
  344,20190327,    8,   89
  344,20190327,    9,   99
  344,20190327,   10,  105
  344,20190327,   11,  112
  344,20190327,   12,  114
  344,20190327,   13,  120
  344,20190327,   14,  116
  344,20190327,   15,  112
  344,20190327,   16,  111
  344,20190327,   17,  104
  344,20190327,   18,   89
  344,20190327,   19,   69
  344,20190327,   20,   81
  344,20190327,   21,   77
  344,20190327,   22,   79
  344,20190327,   23,   79
  344,20190327,   24,   78
  344,20190328,    1,   80
  344,20190328,    2,   74
  344,20190328,    3,   75
  344,20190328,    4,   71
  344,20190328,    5,   72
  344,20190328,    6,   75
  344,20190328,    7,   89
  344,20190328,    8,   96
  344,20190328,    9,  107
  344,20190328,   10,   97
  344,20190328,   11,  102
  344,20190328,   12,  102
  344,20190328,   13,  103
  344,20190328,   14,  109
  344,20190328,   15,  106
  344,20190328,   16,  103
  344,20190328,   17,   99
  344,20190328,   18,   95
  344,20190328,   19,   84
  344,20190328,   20,   77
  344,20190328,   21,   63
  344,20190328,   22,   49
  344,20190328,   23,   44
  344,20190328,   24,   33
  344,20190329,    1,   26
  344,20190329,    2,   17
  344,20190329,    3,   19
  344,20190329,    4,   13
  344,20190329,    5,   11
  344,20190329,    6,   16
  344,20190329,    7,   45
  344,20190329,    8,   92
  344,20190329,    9,  123
  344,20190329,   10,  131
  344,20190329,   11,  146
  344,20190329,   12,  156
  344,20190329,   13,  154
  344,20190329,   14,  158
  344,20190329,   15,  158
  344,20190329,   16,  150
  344,20190329,   17,  136
  344,20190329,   18,  115
  344,20190329,   19,   96
  344,20190329,   20,   77
  344,20190329,   21,   68
  344,20190329,   22,   71
  344,20190329,   23,   55
  344,20190329,   24,   46
  344,20190330,    1,   53
  344,20190330,    2,   42
  344,20190330,    3,   44
  344,20190330,    4,   46
  344,20190330,    5,   48
  344,20190330,    6,   57
  344,20190330,    7,   83
  344,20190330,    8,  105
  344,20190330,    9,  141
  344,20190330,   10,  149
  344,20190330,   11,  164
  344,20190330,   12,  168
  344,20190330,   13,  174
  344,20190330,   14,  165
  344,20190330,   15,  173
  344,20190330,   16,  168
  344,20190330,   17,  149
  344,20190330,   18,  130
  344,20190330,   19,  113
  344,20190330,   20,   98
  344,20190330,   21,   96
  344,20190330,   22,   70
  344,20190330,   23,   62
  344,20190330,   24,   76
  344,20190331,    1,   69
  344,20190331,    2,   75
  344,20190331,    3,   72
  344,20190331,    4,   73
  344,20190331,    5,   79
  344,20190331,    6,   74
  344,20190331,    7,   78
  344,20190331,    8,   86
  344,20190331,    9,   84
  344,20190331,   10,   92
  344,20190331,   11,  110
  344,20190331,   12,  106
  344,20190331,   13,  108
  344,20190331,   14,  117
  344,20190331,   15,  115
  344,20190331,   16,  110
  344,20190331,   17,  100
  344,20190331,   18,   90
  344,20190331,   19,   78
  344,20190331,   20,   71
  344,20190331,   21,   59
  344,20190331,   22,   50
  344,20190331,   23,   42
  344,20190331,   24,   36
  344,20190401,    1,   28
  344,20190401,    2,   24
  344,20190401,    3,   14
  344,20190401,    4,    8
  344,20190401,    5,   12
  344,20190401,    6,   17
  344,20190401,    7,   34
  344,20190401,    8,   51
  344,20190401,    9,   67
  344,20190401,   10,   85
  344,20190401,   11,  104
  344,20190401,   12,  122
  344,20190401,   13,  127
  344,20190401,   14,  132
  344,20190401,   15,  137
  344,20190401,   16,  135
  344,20190401,   17,  127
  344,20190401,   18,  109
  344,20190401,   19,   82
  344,20190401,   20,   99
  344,20190401,   21,   94
  344,20190401,   22,   89
  344,20190401,   23,   87
  344,20190401,   24,   77
  344,20190402,    1,   75
  344,20190402,    2,   78
  344,20190402,    3,   82
  344,20190402,    4,   97
  344,20190402,    5,   87
  344,20190402,    6,   98
  344,20190402,    7,  108
  344,20190402,    8,  115
  344,20190402,    9,  119
  344,20190402,   10,  136
  344,20190402,   11,  134
  344,20190402,   12,  132
  344,20190402,   13,  147
  344,20190402,   14,  148
  344,20190402,   15,   95
  344,20190402,   16,   93
  344,20190402,   17,   99
  344,20190402,   18,   98
  344,20190402,   19,   86
  344,20190402,   20,   79
  344,20190402,   21,   73
  344,20190402,   22,   74
  344,20190402,   23,   72
  344,20190402,   24,   58
  344,20190403,    1,   55
  344,20190403,    2,   48
  344,20190403,    3,   40
  344,20190403,    4,   42
  344,20190403,    5,   41
  344,20190403,    6,   46
  344,20190403,    7,   57
  344,20190403,    8,   67
  344,20190403,    9,   79
  344,20190403,   10,   76
  344,20190403,   11,   87
  344,20190403,   12,   81
  344,20190403,   13,   94
  344,20190403,   14,   83
  344,20190403,   15,   91
  344,20190403,   16,   89
  344,20190403,   17,   89
  344,20190403,   18,   77
  344,20190403,   19,   63
  344,20190403,   20,   56
  344,20190403,   21,   48
  344,20190403,   22,   35
  344,20190403,   23,   42
  344,20190403,   24,   41
  344,20190404,    1,   35
  344,20190404,    2,   29
  344,20190404,    3,   27
  344,20190404,    4,   25
  344,20190404,    5,   29
  344,20190404,    6,   31
  344,20190404,    7,   43
  344,20190404,    8,   50
  344,20190404,    9,   61
  344,20190404,   10,   69
  344,20190404,   11,   87
  344,20190404,   12,   92
  344,20190404,   13,   97
  344,20190404,   14,  107
  344,20190404,   15,   98
  344,20190404,   16,  104
  344,20190404,   17,   94
  344,20190404,   18,   90
  344,20190404,   19,   79
  344,20190404,   20,   75
  344,20190404,   21,   71
  344,20190404,   22,   67
  344,20190404,   23,   63
  344,20190404,   24,   55
  344,20190405,    1,   44
  344,20190405,    2,   41
  344,20190405,    3,   30
  344,20190405,    4,   27
  344,20190405,    5,   33
  344,20190405,    6,   45
  344,20190405,    7,   63
  344,20190405,    8,   78
  344,20190405,    9,   93
  344,20190405,   10,  106
  344,20190405,   11,  112
  344,20190405,   12,  121
  344,20190405,   13,  125
  344,20190405,   14,  126
  344,20190405,   15,  117
  344,20190405,   16,  110
  344,20190405,   17,  100
  344,20190405,   18,   90
  344,20190405,   19,   83
  344,20190405,   20,   85
  344,20190405,   21,   85
  344,20190405,   22,   87
  344,20190405,   23,   86
  344,20190405,   24,   86
  344,20190406,    1,   83
  344,20190406,    2,   83
  344,20190406,    3,   81
  344,20190406,    4,   76
  344,20190406,    5,   76
  344,20190406,    6,   79
  344,20190406,    7,   82
  344,20190406,    8,   85
  344,20190406,    9,   89
  344,20190406,   10,   94
  344,20190406,   11,  102
  344,20190406,   12,  113
  344,20190406,   13,  127
  344,20190406,   14,  131
  344,20190406,   15,  131
  344,20190406,   16,  126
  344,20190406,   17,  124
  344,20190406,   18,  115
  344,20190406,   19,  100
  344,20190406,   20,   88
  344,20190406,   21,   83
  344,20190406,   22,   76
  344,20190406,   23,   88
  344,20190406,   24,  103
  344,20190407,    1,   99
  344,20190407,    2,  103
  344,20190407,    3,  100
  344,20190407,    4,   98
  344,20190407,    5,   99
  344,20190407,    6,  108
  344,20190407,    7,  113
  344,20190407,    8,  132
  344,20190407,    9,  150
  344,20190407,   10,  169
  344,20190407,   11,  183
  344,20190407,   12,  196
  344,20190407,   13,  202
  344,20190407,   14,  204
  344,20190407,   15,  204
  344,20190407,   16,  191
  344,20190407,   17,  187
  344,20190407,   18,  163
  344,20190407,   19,  163
  344,20190407,   20,  125
  344,20190407,   21,  113
  344,20190407,   22,  119
  344,20190407,   23,  114
  344,20190407,   24,  103
  344,20190408,    1,   93
  344,20190408,    2,   97
  344,20190408,    3,   82
  344,20190408,    4,   86
  344,20190408,    5,   87
  344,20190408,    6,   63
  344,20190408,    7,  110
  344,20190408,    8,  132
  344,20190408,    9,  146
  344,20190408,   10,  163
  344,20190408,   11,  174
  344,20190408,   12,  190
  344,20190408,   13,  180
  344,20190408,   14,  178
  344,20190408,   15,  154
  344,20190408,   16,  137
  344,20190408,   17,  108
  344,20190408,   18,   98
  344,20190408,   19,   88
  344,20190408,   20,   80
  344,20190408,   21,   81
  344,20190408,   22,   82
  344,20190408,   23,   76
  344,20190408,   24,   63
  344,20190409,    1,   62
  344,20190409,    2,   85
  344,20190409,    3,   79
  344,20190409,    4,   69
  344,20190409,    5,   60
  344,20190409,    6,   60
  344,20190409,    7,   63
  344,20190409,    8,   71
  344,20190409,    9,   87
  344,20190409,   10,  100
  344,20190409,   11,  107
  344,20190409,   12,  124
  344,20190409,   13,  127
  344,20190409,   14,  139
  344,20190409,   15,  139
  344,20190409,   16,  135
  344,20190409,   17,  123
  344,20190409,   18,  118
  344,20190409,   19,  105
  344,20190409,   20,   97
  344,20190409,   21,   87
  344,20190409,   22,   80
  344,20190409,   23,   70
  344,20190409,   24,   63
  344,20190410,    1,   57
  344,20190410,    2,   45
  344,20190410,    3,   34
  344,20190410,    4,   29
  344,20190410,    5,   28
  344,20190410,    6,   33
  344,20190410,    7,   42
  344,20190410,    8,   59
  344,20190410,    9,   70
  344,20190410,   10,   82
  344,20190410,   11,   92
  344,20190410,   12,   95
  344,20190410,   13,   96
  344,20190410,   14,  101
  344,20190410,   15,  101
  344,20190410,   16,   98
  344,20190410,   17,   90
  344,20190410,   18,   72
  344,20190410,   19,   58
  344,20190410,   20,   49
  344,20190410,   21,   41
  344,20190410,   22,   36
  344,20190410,   23,   36
  344,20190410,   24,   34
  344,20190411,    1,   33
  344,20190411,    2,   31
  344,20190411,    3,   18
  344,20190411,    4,   22
  344,20190411,    5,   19
  344,20190411,    6,   30
  344,20190411,    7,   43
  344,20190411,    8,   58
  344,20190411,    9,   75
  344,20190411,   10,   86
  344,20190411,   11,   85
  344,20190411,   12,   93
  344,20190411,   13,   97
  344,20190411,   14,   96
  344,20190411,   15,   93
  344,20190411,   16,   95
  344,20190411,   17,   88
  344,20190411,   18,   80
  344,20190411,   19,   70
  344,20190411,   20,   62
  344,20190411,   21,   59
  344,20190411,   22,   49
  344,20190411,   23,   43
  344,20190411,   24,   48
  344,20190412,    1,   48
  344,20190412,    2,   52
  344,20190412,    3,   50
  344,20190412,    4,   48
  344,20190412,    5,   47
  344,20190412,    6,   48
  344,20190412,    7,   60
  344,20190412,    8,   74
  344,20190412,    9,   81
  344,20190412,   10,   87
  344,20190412,   11,   88
  344,20190412,   12,   82
  344,20190412,   13,   79
  344,20190412,   14,   80
  344,20190412,   15,   72
  344,20190412,   16,   69
  344,20190412,   17,   63
  344,20190412,   18,   58
  344,20190412,   19,   33
  344,20190412,   20,   18
  344,20190412,   21,   23
  344,20190412,   22,   22
  344,20190412,   23,   16
  344,20190412,   24,   12
  344,20190413,    1,   10
  344,20190413,    2,    8
  344,20190413,    3,    3
  344,20190413,    4,    1
  344,20190413,    5,    2
  344,20190413,    6,   13
  344,20190413,    7,   31
  344,20190413,    8,   43
  344,20190413,    9,   52
  344,20190413,   10,   66
  344,20190413,   11,   76
  344,20190413,   12,   66
  344,20190413,   13,   78
  344,20190413,   14,   65
  344,20190413,   15,   71
  344,20190413,   16,   42
  344,20190413,   17,   52
  344,20190413,   18,   40
  344,20190413,   19,   36
  344,20190413,   20,   26
  344,20190413,   21,   18
  344,20190413,   22,   13
  344,20190413,   23,    9
  344,20190413,   24,    6
  344,20190414,    1,    4
  344,20190414,    2,    2
  344,20190414,    3,  -10
  344,20190414,    4,   -3
  344,20190414,    5,   -6
  344,20190414,    6,    4
  344,20190414,    7,   19
  344,20190414,    8,   22
  344,20190414,    9,   33
  344,20190414,   10,   58
  344,20190414,   11,   78
  344,20190414,   12,   85
  344,20190414,   13,   93
  344,20190414,   14,   93
  344,20190414,   15,   95
  344,20190414,   16,   96
  344,20190414,   17,   97
  344,20190414,   18,   81
  344,20190414,   19,   69
  344,20190414,   20,   58
  344,20190414,   21,   54
  344,20190414,   22,   41
  344,20190414,   23,   29
  344,20190414,   24,   17
  344,20190415,    1,   32
  344,20190415,    2,   25
  344,20190415,    3,   24
  344,20190415,    4,   11
  344,20190415,    5,   20
  344,20190415,    6,   44
  344,20190415,    7,   67
  344,20190415,    8,   81
  344,20190415,    9,   92
  344,20190415,   10,  106
  344,20190415,   11,  118
  344,20190415,   12,  129
  344,20190415,   13,  140
  344,20190415,   14,  141
  344,20190415,   15,  154
  344,20190415,   16,  157
  344,20190415,   17,  154
  344,20190415,   18,  147
  344,20190415,   19,  135
  344,20190415,   20,  128
  344,20190415,   21,  112
  344,20190415,   22,  103
  344,20190415,   23,  101
  344,20190415,   24,   97
  344,20190416,    1,   88
  344,20190416,    2,   80
  344,20190416,    3,   77
  344,20190416,    4,   68
  344,20190416,    5,   67
  344,20190416,    6,   72
  344,20190416,    7,   88
  344,20190416,    8,  108
  344,20190416,    9,  125
  344,20190416,   10,  137
  344,20190416,   11,  150
  344,20190416,   12,  170
  344,20190416,   13,  176
  344,20190416,   14,  175
  344,20190416,   15,  175
  344,20190416,   16,  173
  344,20190416,   17,  162
  344,20190416,   18,  160
  344,20190416,   19,  151
  344,20190416,   20,  148
  344,20190416,   21,  141
  344,20190416,   22,  137
  344,20190416,   23,  129
  344,20190416,   24,  124
  344,20190417,    1,  121
  344,20190417,    2,  113
  344,20190417,    3,  108
  344,20190417,    4,   83
  344,20190417,    5,  101
  344,20190417,    6,  108
  344,20190417,    7,  116
  344,20190417,    8,  130
  344,20190417,    9,  140
  344,20190417,   10,  153
  344,20190417,   11,  151
  344,20190417,   12,  160
  344,20190417,   13,  151
  344,20190417,   14,  131
  344,20190417,   15,  132
  344,20190417,   16,  136
  344,20190417,   17,  137
  344,20190417,   18,  134
  344,20190417,   19,  129
  344,20190417,   20,   99
  344,20190417,   21,  102
  344,20190417,   22,  102
  344,20190417,   23,   96
  344,20190417,   24,   93
  344,20190418,    1,   84
  344,20190418,    2,   72
  344,20190418,    3,   77
  344,20190418,    4,   76
  344,20190418,    5,   66
  344,20190418,    6,  101
  344,20190418,    7,  116
  344,20190418,    8,  145
  344,20190418,    9,  162
  344,20190418,   10,  177
  344,20190418,   11,  191
  344,20190418,   12,  200
  344,20190418,   13,  202
  344,20190418,   14,  207
  344,20190418,   15,  207
  344,20190418,   16,  205
  344,20190418,   17,  201
  344,20190418,   18,  185
  344,20190418,   19,  153
  344,20190418,   20,  145
  344,20190418,   21,  122
  344,20190418,   22,  128
  344,20190418,   23,  108
  344,20190418,   24,  102
  344,20190419,    1,  114
  344,20190419,    2,   96
  344,20190419,    3,  102
  344,20190419,    4,  103
  344,20190419,    5,  102
  344,20190419,    6,  111
  344,20190419,    7,  132
  344,20190419,    8,  155
  344,20190419,    9,  175
  344,20190419,   10,  191
  344,20190419,   11,  209
  344,20190419,   12,  219
  344,20190419,   13,  224
  344,20190419,   14,  224
  344,20190419,   15,  226
  344,20190419,   16,  224
  344,20190419,   17,  212
  344,20190419,   18,  194
  344,20190419,   19,  181
  344,20190419,   20,  134
  344,20190419,   21,  124
  344,20190419,   22,  120
  344,20190419,   23,  115
  344,20190419,   24,  115
  344,20190420,    1,  111
  344,20190420,    2,  106
  344,20190420,    3,  105
  344,20190420,    4,   94
  344,20190420,    5,   97
  344,20190420,    6,  111
  344,20190420,    7,  137
  344,20190420,    8,  160
  344,20190420,    9,  189
  344,20190420,   10,  210
  344,20190420,   11,  220
  344,20190420,   12,  226
  344,20190420,   13,  231
  344,20190420,   14,  233
  344,20190420,   15,  232
  344,20190420,   16,  227
  344,20190420,   17,  211
  344,20190420,   18,  201
  344,20190420,   19,  180
  344,20190420,   20,  168
  344,20190420,   21,  153
  344,20190420,   22,  125
  344,20190420,   23,  114
  344,20190420,   24,  108
  344,20190421,    1,  100
  344,20190421,    2,   83
  344,20190421,    3,   75
  344,20190421,    4,   75
  344,20190421,    5,   65
  344,20190421,    6,   92
  344,20190421,    7,  118
  344,20190421,    8,  142
  344,20190421,    9,  166
  344,20190421,   10,  185
  344,20190421,   11,  200
  344,20190421,   12,  209
  344,20190421,   13,  215
  344,20190421,   14,  223
  344,20190421,   15,  223
  344,20190421,   16,  217
  344,20190421,   17,  206
  344,20190421,   18,  179
  344,20190421,   19,  166
  344,20190421,   20,  145
  344,20190421,   21,  122
  344,20190421,   22,  124
  344,20190421,   23,   90
  344,20190421,   24,  106
  344,20190422,    1,   79
  344,20190422,    2,   71
  344,20190422,    3,   68
  344,20190422,    4,   83
  344,20190422,    5,   82
  344,20190422,    6,  113
  344,20190422,    7,  140
  344,20190422,    8,  160
  344,20190422,    9,  181
  344,20190422,   10,  204
  344,20190422,   11,  222
  344,20190422,   12,  234
  344,20190422,   13,  241
  344,20190422,   14,  241
  344,20190422,   15,  241
  344,20190422,   16,  238
  344,20190422,   17,  228
  344,20190422,   18,  214
  344,20190422,   19,  201
  344,20190422,   20,  189
  344,20190422,   21,  182
  344,20190422,   22,  166
  344,20190422,   23,  158
  344,20190422,   24,  147
  344,20190423,    1,  135
  344,20190423,    2,  126
  344,20190423,    3,  115
  344,20190423,    4,  107
  344,20190423,    5,  105
  344,20190423,    6,  112
  344,20190423,    7,  122
  344,20190423,    8,  136
  344,20190423,    9,  151
  344,20190423,   10,  164
  344,20190423,   11,  179
  344,20190423,   12,  188
  344,20190423,   13,  199
  344,20190423,   14,  192
  344,20190423,   15,  200
  344,20190423,   16,  199
  344,20190423,   17,  191
  344,20190423,   18,  185
  344,20190423,   19,  175
  344,20190423,   20,  169
  344,20190423,   21,  160
  344,20190423,   22,  152
  344,20190423,   23,  148
  344,20190423,   24,  139
  344,20190424,    1,  127
  344,20190424,    2,  134
  344,20190424,    3,  146
  344,20190424,    4,  142
  344,20190424,    5,  141
  344,20190424,    6,  154
  344,20190424,    7,  175
  344,20190424,    8,  185
  344,20190424,    9,  200
  344,20190424,   10,  217
  344,20190424,   11,  215
  344,20190424,   12,  228
  344,20190424,   13,  226
  344,20190424,   14,  230
  344,20190424,   15,  218
  344,20190424,   16,  172
  344,20190424,   17,  177
  344,20190424,   18,  152
  344,20190424,   19,  135
  344,20190424,   20,  126
  344,20190424,   21,  121
  344,20190424,   22,  119
  344,20190424,   23,  114
  344,20190424,   24,  110
  344,20190425,    1,  107
  344,20190425,    2,  104
  344,20190425,    3,  104
  344,20190425,    4,  104
  344,20190425,    5,  107
  344,20190425,    6,  115
  344,20190425,    7,  115
  344,20190425,    8,  125
  344,20190425,    9,  135
  344,20190425,   10,  155
  344,20190425,   11,  162
  344,20190425,   12,  168
  344,20190425,   13,  147
  344,20190425,   14,  128
  344,20190425,   15,  138
  344,20190425,   16,  142
  344,20190425,   17,  135
  344,20190425,   18,  128
  344,20190425,   19,  118
  344,20190425,   20,  112
  344,20190425,   21,  110
  344,20190425,   22,  107
  344,20190425,   23,  103
  344,20190425,   24,   93
  344,20190426,    1,   96
  344,20190426,    2,   97
  344,20190426,    3,   94
  344,20190426,    4,   94
  344,20190426,    5,   93
  344,20190426,    6,   98
  344,20190426,    7,  109
  344,20190426,    8,  119
  344,20190426,    9,  127
  344,20190426,   10,  143
  344,20190426,   11,  145
  344,20190426,   12,  156
  344,20190426,   13,  167
  344,20190426,   14,  165
  344,20190426,   15,  153
  344,20190426,   16,  154
  344,20190426,   17,  158
  344,20190426,   18,  148
  344,20190426,   19,  138
  344,20190426,   20,  137
  344,20190426,   21,  134
  344,20190426,   22,  118
  344,20190426,   23,  113
  344,20190426,   24,  104
  344,20190427,    1,  107
  344,20190427,    2,  106
  344,20190427,    3,  106
  344,20190427,    4,   94
  344,20190427,    5,   94
  344,20190427,    6,  100
  344,20190427,    7,   96
  344,20190427,    8,  109
  344,20190427,    9,  107
  344,20190427,   10,  111
  344,20190427,   11,  111
  344,20190427,   12,  105
  344,20190427,   13,  120
  344,20190427,   14,  114
  344,20190427,   15,  116
  344,20190427,   16,  100
  344,20190427,   17,   90
  344,20190427,   18,  104
  344,20190427,   19,  105
  344,20190427,   20,   81
  344,20190427,   21,   97
  344,20190427,   22,   76
  344,20190427,   23,   78
  344,20190427,   24,   78
  344,20190428,    1,   81
  344,20190428,    2,   75
  344,20190428,    3,   76
  344,20190428,    4,   72
  344,20190428,    5,   78
  344,20190428,    6,   83
  344,20190428,    7,   86
  344,20190428,    8,   91
  344,20190428,    9,   88
  344,20190428,   10,  106
  344,20190428,   11,  110
  344,20190428,   12,  116
  344,20190428,   13,  105
  344,20190428,   14,  109
  344,20190428,   15,  118
  344,20190428,   16,  115
  344,20190428,   17,  116
  344,20190428,   18,  110
  344,20190428,   19,   96
  344,20190428,   20,   92
  344,20190428,   21,   77
  344,20190428,   22,   79
  344,20190428,   23,   61
  344,20190428,   24,   65
  344,20190429,    1,   42
  344,20190429,    2,   44
  344,20190429,    3,   36
  344,20190429,    4,   24
  344,20190429,    5,   30
  344,20190429,    6,   56
  344,20190429,    7,   80
  344,20190429,    8,  113
  344,20190429,    9,  127
  344,20190429,   10,  139
  344,20190429,   11,  151
  344,20190429,   12,  151
  344,20190429,   13,  140
  344,20190429,   14,  149
  344,20190429,   15,  144
  344,20190429,   16,  139
  344,20190429,   17,  128
  344,20190429,   18,  112
  344,20190429,   19,  102
  344,20190429,   20,   93
  344,20190429,   21,   91
  344,20190429,   22,   97
  344,20190429,   23,   99
  344,20190429,   24,  100
  344,20190430,    1,  100
  344,20190430,    2,  100
  344,20190430,    3,   99
  344,20190430,    4,   99
  344,20190430,    5,  101
  344,20190430,    6,  102
  344,20190430,    7,  110
  344,20190430,    8,  114
  344,20190430,    9,  114
  344,20190430,   10,  113
  344,20190430,   11,  118
  344,20190430,   12,  120
  344,20190430,   13,  119
  344,20190430,   14,  122
  344,20190430,   15,  116
  344,20190430,   16,  114
  344,20190430,   17,  112
  344,20190430,   18,  105
  344,20190430,   19,  101
  344,20190430,   20,  101
  344,20190430,   21,  102
  344,20190430,   22,  100
  344,20190430,   23,   97
  344,20190430,   24,   96
  344,20190501,    1,   94
  344,20190501,    2,   91
  344,20190501,    3,   89
  344,20190501,    4,   88
  344,20190501,    5,   88
  344,20190501,    6,   92
  344,20190501,    7,   94
  344,20190501,    8,   98
  344,20190501,    9,   98
  344,20190501,   10,  106
  344,20190501,   11,  111
  344,20190501,   12,  112
  344,20190501,   13,  115
  344,20190501,   14,  112
  344,20190501,   15,  109
  344,20190501,   16,  110
  344,20190501,   17,  110
  344,20190501,   18,  107
  344,20190501,   19,   76
  344,20190501,   20,   68
  344,20190501,   21,   62
  344,20190501,   22,   57
  344,20190501,   23,   45
  344,20190501,   24,   48
  344,20190502,    1,   50
  344,20190502,    2,   45
  344,20190502,    3,   43
  344,20190502,    4,   40
  344,20190502,    5,   69
  344,20190502,    6,   91
  344,20190502,    7,  115
  344,20190502,    8,  119
  344,20190502,    9,  112
  344,20190502,   10,  113
  344,20190502,   11,  110
  344,20190502,   12,  110
  344,20190502,   13,  118
  344,20190502,   14,  121
  344,20190502,   15,  127
  344,20190502,   16,  116
  344,20190502,   17,  119
  344,20190502,   18,  105
  344,20190502,   19,  102
  344,20190502,   20,   97
  344,20190502,   21,   90
  344,20190502,   22,   94
  344,20190502,   23,   82
  344,20190502,   24,   79
  344,20190503,    1,   65
  344,20190503,    2,   79
  344,20190503,    3,   76
  344,20190503,    4,   78
  344,20190503,    5,   76
  344,20190503,    6,   86
  344,20190503,    7,   92
  344,20190503,    8,  102
  344,20190503,    9,  109
  344,20190503,   10,   98
  344,20190503,   11,   94
  344,20190503,   12,   89
  344,20190503,   13,   93
  344,20190503,   14,   90
  344,20190503,   15,   85
  344,20190503,   16,   87
  344,20190503,   17,   85
  344,20190503,   18,   69
  344,20190503,   19,   64
  344,20190503,   20,   64
  344,20190503,   21,   61
  344,20190503,   22,   59
  344,20190503,   23,   54
  344,20190503,   24,   53
  344,20190504,    1,   43
  344,20190504,    2,   44
  344,20190504,    3,   42
  344,20190504,    4,   42
  344,20190504,    5,   50
  344,20190504,    6,   66
  344,20190504,    7,   78
  344,20190504,    8,   82
  344,20190504,    9,   85
  344,20190504,   10,   90
  344,20190504,   11,   86
  344,20190504,   12,   88
  344,20190504,   13,   94
  344,20190504,   14,   93
  344,20190504,   15,   90
  344,20190504,   16,   49
  344,20190504,   17,   81
  344,20190504,   18,   75
  344,20190504,   19,   52
  344,20190504,   20,   44
  344,20190504,   21,   39
  344,20190504,   22,   28
  344,20190504,   23,   49
  344,20190504,   24,   43
  344,20190505,    1,   42
  344,20190505,    2,   34
  344,20190505,    3,   34
  344,20190505,    4,   48
  344,20190505,    5,   61
  344,20190505,    6,   58
  344,20190505,    7,   63
  344,20190505,    8,   84
  344,20190505,    9,   79
  344,20190505,   10,   93
  344,20190505,   11,  104
  344,20190505,   12,  109
  344,20190505,   13,   90
  344,20190505,   14,  104
  344,20190505,   15,  104
  344,20190505,   16,   87
  344,20190505,   17,   84
  344,20190505,   18,   88
  344,20190505,   19,   71
  344,20190505,   20,   54
  344,20190505,   21,   65
  344,20190505,   22,   52
  344,20190505,   23,   37
  344,20190505,   24,   29
  344,20190506,    1,   34
  344,20190506,    2,   47
  344,20190506,    3,   62
  344,20190506,    4,   64
  344,20190506,    5,   74
  344,20190506,    6,   72
  344,20190506,    7,   71
  344,20190506,    8,   84
  344,20190506,    9,   95
  344,20190506,   10,   95
  344,20190506,   11,  113
  344,20190506,   12,  121
  344,20190506,   13,  112
  344,20190506,   14,   83
  344,20190506,   15,   97
  344,20190506,   16,   88
  344,20190506,   17,   88
  344,20190506,   18,   81
  344,20190506,   19,   78
  344,20190506,   20,   64
  344,20190506,   21,   43
  344,20190506,   22,   48
  344,20190506,   23,   44
  344,20190506,   24,   47
  344,20190507,    1,   41
  344,20190507,    2,   39
  344,20190507,    3,   44
  344,20190507,    4,   48
  344,20190507,    5,   54
  344,20190507,    6,   79
  344,20190507,    7,   91
  344,20190507,    8,  105
  344,20190507,    9,  117
  344,20190507,   10,  111
  344,20190507,   11,  115
  344,20190507,   12,  120
  344,20190507,   13,  109
  344,20190507,   14,  138
  344,20190507,   15,  124
  344,20190507,   16,  137
  344,20190507,   17,  127
  344,20190507,   18,  125
  344,20190507,   19,  118
  344,20190507,   20,  108
  344,20190507,   21,  105
  344,20190507,   22,  105
  344,20190507,   23,  100
  344,20190507,   24,  102
  344,20190508,    1,  102
  344,20190508,    2,   95
  344,20190508,    3,   93
  344,20190508,    4,   89
  344,20190508,    5,   89
  344,20190508,    6,   99
  344,20190508,    7,  106
  344,20190508,    8,  109
  344,20190508,    9,  105
  344,20190508,   10,  104
  344,20190508,   11,  104
  344,20190508,   12,  101
  344,20190508,   13,  110
  344,20190508,   14,  128
  344,20190508,   15,  136
  344,20190508,   16,  137
  344,20190508,   17,  139
  344,20190508,   18,  133
  344,20190508,   19,  126
  344,20190508,   20,  102
  344,20190508,   21,  108
  344,20190508,   22,  104
  344,20190508,   23,  101
  344,20190508,   24,   95
  344,20190509,    1,   95
  344,20190509,    2,   90
  344,20190509,    3,   84
  344,20190509,    4,   86
  344,20190509,    5,   84
  344,20190509,    6,   99
  344,20190509,    7,  114
  344,20190509,    8,  128
  344,20190509,    9,  138
  344,20190509,   10,  143
  344,20190509,   11,  145
  344,20190509,   12,  161
  344,20190509,   13,  167
  344,20190509,   14,  156
  344,20190509,   15,  159
  344,20190509,   16,  159
  344,20190509,   17,  138
  344,20190509,   18,  129
  344,20190509,   19,  125
  344,20190509,   20,  111
  344,20190509,   21,  114
  344,20190509,   22,  113
  344,20190509,   23,   99
  344,20190509,   24,   98
  344,20190510,    1,   97
  344,20190510,    2,   94
  344,20190510,    3,   84
  344,20190510,    4,   85
  344,20190510,    5,   92
  344,20190510,    6,  101
  344,20190510,    7,  106
  344,20190510,    8,  111
  344,20190510,    9,  109
  344,20190510,   10,  118
  344,20190510,   11,  128
  344,20190510,   12,  127
  344,20190510,   13,  123
  344,20190510,   14,  131
  344,20190510,   15,  138
  344,20190510,   16,  143
  344,20190510,   17,  132
  344,20190510,   18,  124
  344,20190510,   19,  107
  344,20190510,   20,   97
  344,20190510,   21,   81
  344,20190510,   22,   80
  344,20190510,   23,   83
  344,20190510,   24,   67
  344,20190511,    1,   67
  344,20190511,    2,   62
  344,20190511,    3,   59
  344,20190511,    4,   57
  344,20190511,    5,   63
  344,20190511,    6,   80
  344,20190511,    7,   95
  344,20190511,    8,  112
  344,20190511,    9,  126
  344,20190511,   10,  124
  344,20190511,   11,  131
  344,20190511,   12,  136
  344,20190511,   13,  136
  344,20190511,   14,  130
  344,20190511,   15,  127
  344,20190511,   16,  121
  344,20190511,   17,  109
  344,20190511,   18,  101
  344,20190511,   19,   91
  344,20190511,   20,   80
  344,20190511,   21,   65
  344,20190511,   22,   61
  344,20190511,   23,   56
  344,20190511,   24,   54
  344,20190512,    1,   42
  344,20190512,    2,   44
  344,20190512,    3,   48
  344,20190512,    4,   49
  344,20190512,    5,   53
  344,20190512,    6,   79
  344,20190512,    7,   98
  344,20190512,    8,  114
  344,20190512,    9,  118
  344,20190512,   10,  121
  344,20190512,   11,  115
  344,20190512,   12,  129
  344,20190512,   13,  130
  344,20190512,   14,  131
  344,20190512,   15,  127
  344,20190512,   16,  121
  344,20190512,   17,  116
  344,20190512,   18,  105
  344,20190512,   19,   94
  344,20190512,   20,   81
  344,20190512,   21,   69
  344,20190512,   22,   69
  344,20190512,   23,   57
  344,20190512,   24,   50
  344,20190513,    1,   44
  344,20190513,    2,   37
  344,20190513,    3,   25
  344,20190513,    4,   26
  344,20190513,    5,   33
  344,20190513,    6,   76
  344,20190513,    7,   93
  344,20190513,    8,  106
  344,20190513,    9,  119
  344,20190513,   10,  127
  344,20190513,   11,  142
  344,20190513,   12,  142
  344,20190513,   13,  148
  344,20190513,   14,  146
  344,20190513,   15,  141
  344,20190513,   16,  146
  344,20190513,   17,  141
  344,20190513,   18,  130
  344,20190513,   19,  113
  344,20190513,   20,  101
  344,20190513,   21,   88
  344,20190513,   22,   78
  344,20190513,   23,   77
  344,20190513,   24,   68
  344,20190514,    1,   56
  344,20190514,    2,   56
  344,20190514,    3,   47
  344,20190514,    4,   48
  344,20190514,    5,   60
  344,20190514,    6,   82
  344,20190514,    7,   97
  344,20190514,    8,  112
  344,20190514,    9,  122
  344,20190514,   10,  126
  344,20190514,   11,  139
  344,20190514,   12,  147
  344,20190514,   13,  148
  344,20190514,   14,  159
  344,20190514,   15,  154
  344,20190514,   16,  158
  344,20190514,   17,  152
  344,20190514,   18,  146
  344,20190514,   19,  132
  344,20190514,   20,  116
  344,20190514,   21,  107
  344,20190514,   22,  102
  344,20190514,   23,   86
  344,20190514,   24,   86
  344,20190515,    1,   65
  344,20190515,    2,   69
  344,20190515,    3,   58
  344,20190515,    4,   61
  344,20190515,    5,   65
  344,20190515,    6,  100
  344,20190515,    7,  118
  344,20190515,    8,  138
  344,20190515,    9,  148
  344,20190515,   10,  155
  344,20190515,   11,  163
  344,20190515,   12,  163
  344,20190515,   13,  167
  344,20190515,   14,  173
  344,20190515,   15,  175
  344,20190515,   16,  167
  344,20190515,   17,  166
  344,20190515,   18,  148
  344,20190515,   19,  139
  344,20190515,   20,  126
  344,20190515,   21,  121
  344,20190515,   22,  108
  344,20190515,   23,   96
  344,20190515,   24,   80
  344,20190516,    1,   77
  344,20190516,    2,   62
  344,20190516,    3,   61
  344,20190516,    4,   54
  344,20190516,    5,   78
  344,20190516,    6,   94
  344,20190516,    7,  114
  344,20190516,    8,  124
  344,20190516,    9,  144
  344,20190516,   10,  129
  344,20190516,   11,  139
  344,20190516,   12,  146
  344,20190516,   13,  162
  344,20190516,   14,  162
  344,20190516,   15,  169
  344,20190516,   16,  175
  344,20190516,   17,  161
  344,20190516,   18,  149
  344,20190516,   19,  133
  344,20190516,   20,  121
  344,20190516,   21,  117
  344,20190516,   22,  116
  344,20190516,   23,  115
  344,20190516,   24,  114
  344,20190517,    1,  114
  344,20190517,    2,  111
  344,20190517,    3,  105
  344,20190517,    4,  102
  344,20190517,    5,  102
  344,20190517,    6,  106
  344,20190517,    7,  109
  344,20190517,    8,  114
  344,20190517,    9,  126
  344,20190517,   10,  131
  344,20190517,   11,  142
  344,20190517,   12,  152
  344,20190517,   13,  148
  344,20190517,   14,  154
  344,20190517,   15,  153
  344,20190517,   16,  141
  344,20190517,   17,  138
  344,20190517,   18,  132
  344,20190517,   19,  128
  344,20190517,   20,  126
  344,20190517,   21,  122
  344,20190517,   22,  120
  344,20190517,   23,  108
  344,20190517,   24,   96
  344,20190518,    1,   79
  344,20190518,    2,   75
  344,20190518,    3,   63
  344,20190518,    4,   57
  344,20190518,    5,   80
  344,20190518,    6,   99
  344,20190518,    7,  119
  344,20190518,    8,  144
  344,20190518,    9,  159
  344,20190518,   10,  171
  344,20190518,   11,  180
  344,20190518,   12,  190
  344,20190518,   13,  200
  344,20190518,   14,  181
  344,20190518,   15,  177
  344,20190518,   16,  163
  344,20190518,   17,  157
  344,20190518,   18,  152
  344,20190518,   19,  136
  344,20190518,   20,  124
  344,20190518,   21,  124
  344,20190518,   22,  123
  344,20190518,   23,  124
  344,20190518,   24,  121
  344,20190519,    1,  123
  344,20190519,    2,  123
  344,20190519,    3,  122
  344,20190519,    4,  121
  344,20190519,    5,  125
  344,20190519,    6,  133
  344,20190519,    7,  138
  344,20190519,    8,  143
  344,20190519,    9,  146
  344,20190519,   10,  144
  344,20190519,   11,  153
  344,20190519,   12,  155
  344,20190519,   13,  158
  344,20190519,   14,  143
  344,20190519,   15,  127
  344,20190519,   16,  126
  344,20190519,   17,  120
  344,20190519,   18,  116
  344,20190519,   19,  114
  344,20190519,   20,  113
  344,20190519,   21,  115
  344,20190519,   22,  116
  344,20190519,   23,  116
  344,20190519,   24,  115
  344,20190520,    1,  116
  344,20190520,    2,  117
  344,20190520,    3,  118
  344,20190520,    4,  119
  344,20190520,    5,  119
  344,20190520,    6,  117
  344,20190520,    7,  118
  344,20190520,    8,  127
  344,20190520,    9,  128
  344,20190520,   10,  134
  344,20190520,   11,  130
  344,20190520,   12,  130
  344,20190520,   13,  131
  344,20190520,   14,  132
  344,20190520,   15,  126
  344,20190520,   16,  132
  344,20190520,   17,  129
  344,20190520,   18,  120
  344,20190520,   19,  111
  344,20190520,   20,  111
  344,20190520,   21,  109
  344,20190520,   22,  107
  344,20190520,   23,  107
  344,20190520,   24,  111
  344,20190521,    1,  109
  344,20190521,    2,  105
  344,20190521,    3,  100
  344,20190521,    4,  101
  344,20190521,    5,  101
  344,20190521,    6,  102
  344,20190521,    7,  105
  344,20190521,    8,  108
  344,20190521,    9,  119
  344,20190521,   10,  130
  344,20190521,   11,  132
  344,20190521,   12,  133
  344,20190521,   13,  127
  344,20190521,   14,  127
  344,20190521,   15,  120
  344,20190521,   16,  120
  344,20190521,   17,  114
  344,20190521,   18,  114
  344,20190521,   19,  111
  344,20190521,   20,  109
  344,20190521,   21,  106
  344,20190521,   22,  108
  344,20190521,   23,  108
  344,20190521,   24,  107
  344,20190522,    1,  107
  344,20190522,    2,  106
  344,20190522,    3,  104
  344,20190522,    4,  102
  344,20190522,    5,  104
  344,20190522,    6,  116
  344,20190522,    7,  128
  344,20190522,    8,  133
  344,20190522,    9,  147
  344,20190522,   10,  163
  344,20190522,   11,  165
  344,20190522,   12,  171
  344,20190522,   13,  172
  344,20190522,   14,  180
  344,20190522,   15,  175
  344,20190522,   16,  167
  344,20190522,   17,  161
  344,20190522,   18,  154
  344,20190522,   19,  150
  344,20190522,   20,  128
  344,20190522,   21,  110
  344,20190522,   22,   95
  344,20190522,   23,  101
  344,20190522,   24,  111
  344,20190523,    1,  111
  344,20190523,    2,  110
  344,20190523,    3,  103
  344,20190523,    4,  104
  344,20190523,    5,  122
  344,20190523,    6,  142
  344,20190523,    7,  161
  344,20190523,    8,  179
  344,20190523,    9,  188
  344,20190523,   10,  194
  344,20190523,   11,  192
  344,20190523,   12,  194
  344,20190523,   13,  191
  344,20190523,   14,  199
  344,20190523,   15,  198
  344,20190523,   16,  206
  344,20190523,   17,  203
  344,20190523,   18,  196
  344,20190523,   19,  180
  344,20190523,   20,  157
  344,20190523,   21,  157
  344,20190523,   22,  138
  344,20190523,   23,  137
  344,20190523,   24,  117
  344,20190524,    1,  114
  344,20190524,    2,  106
  344,20190524,    3,  114
  344,20190524,    4,  132
  344,20190524,    5,  144
  344,20190524,    6,  155
  344,20190524,    7,  153
  344,20190524,    8,  163
  344,20190524,    9,  171
  344,20190524,   10,  189
  344,20190524,   11,  197
  344,20190524,   12,  196
  344,20190524,   13,  187
  344,20190524,   14,  179
  344,20190524,   15,  172
  344,20190524,   16,  174
  344,20190524,   17,  166
  344,20190524,   18,  145
  344,20190524,   19,  124
  344,20190524,   20,  106
  344,20190524,   21,   94
  344,20190524,   22,   90
  344,20190524,   23,   85
  344,20190524,   24,   84
  344,20190525,    1,   88
  344,20190525,    2,   98
  344,20190525,    3,   97
  344,20190525,    4,   88
  344,20190525,    5,  102
  344,20190525,    6,  115
  344,20190525,    7,  122
  344,20190525,    8,  130
  344,20190525,    9,  135
  344,20190525,   10,  146
  344,20190525,   11,  157
  344,20190525,   12,  169
  344,20190525,   13,  162
  344,20190525,   14,  171
  344,20190525,   15,  172
  344,20190525,   16,  176
  344,20190525,   17,  164
  344,20190525,   18,  161
  344,20190525,   19,  145
  344,20190525,   20,  120
  344,20190525,   21,  110
  344,20190525,   22,  107
  344,20190525,   23,   93
  344,20190525,   24,   97
  344,20190526,    1,  112
  344,20190526,    2,  113
  344,20190526,    3,  131
  344,20190526,    4,  131
  344,20190526,    5,  137
  344,20190526,    6,  143
  344,20190526,    7,  155
  344,20190526,    8,  165
  344,20190526,    9,  185
  344,20190526,   10,  194
  344,20190526,   11,  197
  344,20190526,   12,  192
  344,20190526,   13,  191
  344,20190526,   14,  196
  344,20190526,   15,  199
  344,20190526,   16,  190
  344,20190526,   17,  185
  344,20190526,   18,  166
  344,20190526,   19,  152
  344,20190526,   20,  142
  344,20190526,   21,  142
  344,20190526,   22,  144
  344,20190526,   23,  136
  344,20190526,   24,  133
  344,20190527,    1,  123
  344,20190527,    2,  114
  344,20190527,    3,   97
  344,20190527,    4,   94
  344,20190527,    5,  122
  344,20190527,    6,  135
  344,20190527,    7,  148
  344,20190527,    8,  161
  344,20190527,    9,  156
  344,20190527,   10,  170
  344,20190527,   11,  163
  344,20190527,   12,  170
  344,20190527,   13,  168
  344,20190527,   14,  159
  344,20190527,   15,  178
  344,20190527,   16,  167
  344,20190527,   17,  163
  344,20190527,   18,  157
  344,20190527,   19,  141
  344,20190527,   20,  137
  344,20190527,   21,  136
  344,20190527,   22,  125
  344,20190527,   23,  121
  344,20190527,   24,  129
  344,20190528,    1,  122
  344,20190528,    2,  115
  344,20190528,    3,  106
  344,20190528,    4,  110
  344,20190528,    5,  103
  344,20190528,    6,  107
  344,20190528,    7,  108
  344,20190528,    8,  104
  344,20190528,    9,  109
  344,20190528,   10,  114
  344,20190528,   11,  121
  344,20190528,   12,  142
  344,20190528,   13,  147
  344,20190528,   14,  156
  344,20190528,   15,  157
  344,20190528,   16,  148
  344,20190528,   17,  140
  344,20190528,   18,  138
  344,20190528,   19,  123
  344,20190528,   20,  106
  344,20190528,   21,   99
  344,20190528,   22,   86
  344,20190528,   23,   72
  344,20190528,   24,   58
  344,20190529,    1,   59
  344,20190529,    2,   51
  344,20190529,    3,   55
  344,20190529,    4,   52
  344,20190529,    5,   75
  344,20190529,    6,  111
  344,20190529,    7,  124
  344,20190529,    8,  133
  344,20190529,    9,  146
  344,20190529,   10,  159
  344,20190529,   11,  162
  344,20190529,   12,  177
  344,20190529,   13,  185
  344,20190529,   14,  179
  344,20190529,   15,  181
  344,20190529,   16,  188
  344,20190529,   17,  184
  344,20190529,   18,  158
  344,20190529,   19,  144
  344,20190529,   20,  142
  344,20190529,   21,  141
  344,20190529,   22,  147
  344,20190529,   23,  148
  344,20190529,   24,  132
  344,20190530,    1,  127
  344,20190530,    2,  132
  344,20190530,    3,  137
  344,20190530,    4,  137
  344,20190530,    5,  139
  344,20190530,    6,  143
  344,20190530,    7,  147
  344,20190530,    8,  148
  344,20190530,    9,  156
  344,20190530,   10,  161
  344,20190530,   11,  159
  344,20190530,   12,  187
  344,20190530,   13,  199
  344,20190530,   14,  198
  344,20190530,   15,  208
  344,20190530,   16,  201
  344,20190530,   17,  192
  344,20190530,   18,  186
  344,20190530,   19,  183
  344,20190530,   20,  183
  344,20190530,   21,  181
  344,20190530,   22,  178
  344,20190530,   23,  173
  344,20190530,   24,  166
  344,20190531,    1,  163
  344,20190531,    2,  156
  344,20190531,    3,  153
  344,20190531,    4,  148
  344,20190531,    5,  150
  344,20190531,    6,  161
  344,20190531,    7,  173
  344,20190531,    8,  178
  344,20190531,    9,  187
  344,20190531,   10,  182
  344,20190531,   11,  183
  344,20190531,   12,  186
  344,20190531,   13,  185
  344,20190531,   14,  186
  344,20190531,   15,  198
  344,20190531,   16,  192
  344,20190531,   17,  188
  344,20190531,   18,  176
  344,20190531,   19,  169
  344,20190531,   20,  143
  344,20190531,   21,  157
  344,20190531,   22,  139
  344,20190531,   23,  144
  344,20190531,   24,  139
  344,20190601,    1,  130
  344,20190601,    2,  137
  344,20190601,    3,  131
  344,20190601,    4,  118
  344,20190601,    5,  149
  344,20190601,    6,  160
  344,20190601,    7,  173
  344,20190601,    8,  186
  344,20190601,    9,  200
  344,20190601,   10,  212
  344,20190601,   11,  226
  344,20190601,   12,  231
  344,20190601,   13,  233
  344,20190601,   14,  236
  344,20190601,   15,  241
  344,20190601,   16,  240
  344,20190601,   17,  234
  344,20190601,   18,  228
  344,20190601,   19,  205
  344,20190601,   20,  191
  344,20190601,   21,  177
  344,20190601,   22,  193
  344,20190601,   23,  190
  344,20190601,   24,  188
  344,20190602,    1,  181
  344,20190602,    2,  175
  344,20190602,    3,  175
  344,20190602,    4,  162
  344,20190602,    5,  191
  344,20190602,    6,  210
  344,20190602,    7,  226
  344,20190602,    8,  248
  344,20190602,    9,  260
  344,20190602,   10,  266
  344,20190602,   11,  286
  344,20190602,   12,  289
  344,20190602,   13,  296
  344,20190602,   14,  303
  344,20190602,   15,  305
  344,20190602,   16,  269
  344,20190602,   17,  237
  344,20190602,   18,  232
  344,20190602,   19,  209
  344,20190602,   20,  183
  344,20190602,   21,  190
  344,20190602,   22,  184
  344,20190602,   23,  181
  344,20190602,   24,  180
  344,20190603,    1,  178
  344,20190603,    2,  172
  344,20190603,    3,  167
  344,20190603,    4,  169
  344,20190603,    5,  167
  344,20190603,    6,  164
  344,20190603,    7,  157
  344,20190603,    8,  163
  344,20190603,    9,  166
  344,20190603,   10,  171
  344,20190603,   11,  171
  344,20190603,   12,  177
  344,20190603,   13,  184
  344,20190603,   14,  186
  344,20190603,   15,  178
  344,20190603,   16,  180
  344,20190603,   17,  177
  344,20190603,   18,  168
  344,20190603,   19,  161
  344,20190603,   20,  148
  344,20190603,   21,  128
  344,20190603,   22,  125
  344,20190603,   23,  116
  344,20190603,   24,  113
  344,20190604,    1,  103
  344,20190604,    2,  109
  344,20190604,    3,  120
  344,20190604,    4,  102
  344,20190604,    5,  132
  344,20190604,    6,  156
  344,20190604,    7,  173
  344,20190604,    8,  187
  344,20190604,    9,  199
  344,20190604,   10,  207
  344,20190604,   11,  211
  344,20190604,   12,  210
  344,20190604,   13,  221
  344,20190604,   14,  216
  344,20190604,   15,  217
  344,20190604,   16,  226
  344,20190604,   17,  244
  344,20190604,   18,  235
  344,20190604,   19,  230
  344,20190604,   20,  193
  344,20190604,   21,  188
  344,20190604,   22,  191
  344,20190604,   23,  167
  344,20190604,   24,  159
  344,20190605,    1,  160
  344,20190605,    2,  157
  344,20190605,    3,  150
  344,20190605,    4,  158
  344,20190605,    5,  164
  344,20190605,    6,  164
  344,20190605,    7,  161
  344,20190605,    8,  156
  344,20190605,    9,  167
  344,20190605,   10,  166
  344,20190605,   11,  179
  344,20190605,   12,  180
  344,20190605,   13,  174
  344,20190605,   14,  171
  344,20190605,   15,  178
  344,20190605,   16,  163
  344,20190605,   17,  159
  344,20190605,   18,  151
  344,20190605,   19,  145
  344,20190605,   20,  144
  344,20190605,   21,  143
  344,20190605,   22,  117
  344,20190605,   23,  115
  344,20190605,   24,  116
  344,20190606,    1,  116
  344,20190606,    2,  117
  344,20190606,    3,  117
  344,20190606,    4,  119
  344,20190606,    5,  124
  344,20190606,    6,  128
  344,20190606,    7,  144
  344,20190606,    8,  143
  344,20190606,    9,  155
  344,20190606,   10,  157
  344,20190606,   11,  167
  344,20190606,   12,  174
  344,20190606,   13,  164
  344,20190606,   14,  172
  344,20190606,   15,  178
  344,20190606,   16,  177
  344,20190606,   17,  176
  344,20190606,   18,  173
  344,20190606,   19,  165
  344,20190606,   20,  151
  344,20190606,   21,  138
  344,20190606,   22,  112
  344,20190606,   23,  108
  344,20190606,   24,  100
  344,20190607,    1,   89
  344,20190607,    2,   97
  344,20190607,    3,  116
  344,20190607,    4,  123
  344,20190607,    5,  135
  344,20190607,    6,  139
  344,20190607,    7,  153
  344,20190607,    8,  161
  344,20190607,    9,  164
  344,20190607,   10,  170
  344,20190607,   11,  192
  344,20190607,   12,  208
  344,20190607,   13,  211
  344,20190607,   14,  207
  344,20190607,   15,  169
  344,20190607,   16,  160
  344,20190607,   17,  156
  344,20190607,   18,  151
  344,20190607,   19,  150
  344,20190607,   20,  151
  344,20190607,   21,  151
  344,20190607,   22,  147
  344,20190607,   23,  144
  344,20190607,   24,  136
  344,20190608,    1,  134
  344,20190608,    2,  136
  344,20190608,    3,  126
  344,20190608,    4,  128
  344,20190608,    5,  127
  344,20190608,    6,  126
  344,20190608,    7,  131
  344,20190608,    8,  130
  344,20190608,    9,  134
  344,20190608,   10,  138
  344,20190608,   11,  163
  344,20190608,   12,  153
  344,20190608,   13,  171
  344,20190608,   14,  168
  344,20190608,   15,  173
  344,20190608,   16,  174
  344,20190608,   17,  164
  344,20190608,   18,  159
  344,20190608,   19,  150
  344,20190608,   20,  144
  344,20190608,   21,  140
  344,20190608,   22,  133
  344,20190608,   23,  127
  344,20190608,   24,  123
  344,20190609,    1,  117
  344,20190609,    2,  112
  344,20190609,    3,  110
  344,20190609,    4,  109
  344,20190609,    5,  114
  344,20190609,    6,  127
  344,20190609,    7,  139
  344,20190609,    8,  156
  344,20190609,    9,  168
  344,20190609,   10,  178
  344,20190609,   11,  174
  344,20190609,   12,  190
  344,20190609,   13,  199
  344,20190609,   14,  183
  344,20190609,   15,  184
  344,20190609,   16,  181
  344,20190609,   17,  171
  344,20190609,   18,  162
  344,20190609,   19,  160
  344,20190609,   20,  157
  344,20190609,   21,  150
  344,20190609,   22,  150
  344,20190609,   23,  147
  344,20190609,   24,  147
  344,20190610,    1,  143
  344,20190610,    2,  140
  344,20190610,    3,  136
  344,20190610,    4,  133
  344,20190610,    5,  144
  344,20190610,    6,  156
  344,20190610,    7,  168
  344,20190610,    8,  177
  344,20190610,    9,  192
  344,20190610,   10,  190
  344,20190610,   11,  211
  344,20190610,   12,  213
  344,20190610,   13,  181
  344,20190610,   14,  204
  344,20190610,   15,  193
  344,20190610,   16,  174
  344,20190610,   17,  183
  344,20190610,   18,  177
  344,20190610,   19,  168
  344,20190610,   20,  161
  344,20190610,   21,  154
  344,20190610,   22,  149
  344,20190610,   23,  154
  344,20190610,   24,  155
  344,20190611,    1,  145
  344,20190611,    2,  135
  344,20190611,    3,  128
  344,20190611,    4,  121
  344,20190611,    5,  119
  344,20190611,    6,  124
  344,20190611,    7,  137
  344,20190611,    8,  143
  344,20190611,    9,  156
  344,20190611,   10,  167
  344,20190611,   11,  164
  344,20190611,   12,  171
  344,20190611,   13,  186
  344,20190611,   14,  175
  344,20190611,   15,  179
  344,20190611,   16,  177
  344,20190611,   17,  175
  344,20190611,   18,  161
  344,20190611,   19,  153
  344,20190611,   20,  146
  344,20190611,   21,  139
  344,20190611,   22,  137
  344,20190611,   23,  134
  344,20190611,   24,  136
  344,20190612,    1,  133
  344,20190612,    2,  137
  344,20190612,    3,  133
  344,20190612,    4,  131
  344,20190612,    5,  132
  344,20190612,    6,  138
  344,20190612,    7,  136
  344,20190612,    8,  125
  344,20190612,    9,  116
  344,20190612,   10,  128
  344,20190612,   11,  126
  344,20190612,   12,  127
  344,20190612,   13,  128
  344,20190612,   14,  133
  344,20190612,   15,  139
  344,20190612,   16,  140
  344,20190612,   17,  139
  344,20190612,   18,  141
  344,20190612,   19,  138
  344,20190612,   20,  131
  344,20190612,   21,  127
  344,20190612,   22,  113
  344,20190612,   23,  117
  344,20190612,   24,  118
  344,20190613,    1,  124
  344,20190613,    2,  124
  344,20190613,    3,  117
  344,20190613,    4,  121
  344,20190613,    5,  125
  344,20190613,    6,  132
  344,20190613,    7,  135
  344,20190613,    8,  139
  344,20190613,    9,  145
  344,20190613,   10,  159
  344,20190613,   11,  162
  344,20190613,   12,  174
  344,20190613,   13,  161
  344,20190613,   14,  156
  344,20190613,   15,  168
  344,20190613,   16,  172
  344,20190613,   17,  150
  344,20190613,   18,  147
  344,20190613,   19,  148
  344,20190613,   20,  139
  344,20190613,   21,  135
  344,20190613,   22,  132
  344,20190613,   23,  133
  344,20190613,   24,  129
  344,20190614,    1,  127
  344,20190614,    2,  122
  344,20190614,    3,  122
  344,20190614,    4,  123
  344,20190614,    5,  132
  344,20190614,    6,  142
  344,20190614,    7,  149
  344,20190614,    8,  138
  344,20190614,    9,  154
  344,20190614,   10,  190
  344,20190614,   11,  201
  344,20190614,   12,  207
  344,20190614,   13,  216
  344,20190614,   14,  206
  344,20190614,   15,  207
  344,20190614,   16,  207
  344,20190614,   17,  197
  344,20190614,   18,  188
  344,20190614,   19,  166
  344,20190614,   20,  142
  344,20190614,   21,  149
  344,20190614,   22,  153
  344,20190614,   23,  154
  344,20190614,   24,  152
  344,20190615,    1,  136
  344,20190615,    2,  133
  344,20190615,    3,  136
  344,20190615,    4,  127
  344,20190615,    5,  128
  344,20190615,    6,  133
  344,20190615,    7,  138
  344,20190615,    8,  146
  344,20190615,    9,  150
  344,20190615,   10,  151
  344,20190615,   11,  163
  344,20190615,   12,  164
  344,20190615,   13,  162
  344,20190615,   14,  182
  344,20190615,   15,  191
  344,20190615,   16,  182
  344,20190615,   17,  172
  344,20190615,   18,  185
  344,20190615,   19,  179
  344,20190615,   20,  149
  344,20190615,   21,  131
  344,20190615,   22,  125
  344,20190615,   23,  118
  344,20190615,   24,  121
  344,20190616,    1,  144
  344,20190616,    2,  152
  344,20190616,    3,  151
  344,20190616,    4,  138
  344,20190616,    5,  162
  344,20190616,    6,  156
  344,20190616,    7,  161
  344,20190616,    8,  168
  344,20190616,    9,  169
  344,20190616,   10,  172
  344,20190616,   11,  177
  344,20190616,   12,  186
  344,20190616,   13,  206
  344,20190616,   14,  202
  344,20190616,   15,  203
  344,20190616,   16,  213
  344,20190616,   17,  201
  344,20190616,   18,  196
  344,20190616,   19,  179
  344,20190616,   20,  163
  344,20190616,   21,  159
  344,20190616,   22,  157
  344,20190616,   23,  147
  344,20190616,   24,  146
  344,20190617,    1,  122
  344,20190617,    2,  125
  344,20190617,    3,  122
  344,20190617,    4,  116
  344,20190617,    5,  161
  344,20190617,    6,  178
  344,20190617,    7,  192
  344,20190617,    8,  208
  344,20190617,    9,  221
  344,20190617,   10,  229
  344,20190617,   11,  237
  344,20190617,   12,  242
  344,20190617,   13,  244
  344,20190617,   14,  246
  344,20190617,   15,  245
  344,20190617,   16,  238
  344,20190617,   17,  229
  344,20190617,   18,  222
  344,20190617,   19,  202
  344,20190617,   20,  181
  344,20190617,   21,  170
  344,20190617,   22,  151
  344,20190617,   23,  143
  344,20190617,   24,  142
  344,20190618,    1,  136
  344,20190618,    2,  128
  344,20190618,    3,  131
  344,20190618,    4,  126
  344,20190618,    5,  156
  344,20190618,    6,  183
  344,20190618,    7,  198
  344,20190618,    8,  211
  344,20190618,    9,  226
  344,20190618,   10,  235
  344,20190618,   11,  244
  344,20190618,   12,  250
  344,20190618,   13,  252
  344,20190618,   14,  256
  344,20190618,   15,  258
  344,20190618,   16,  243
  344,20190618,   17,  207
  344,20190618,   18,  204
  344,20190618,   19,  204
  344,20190618,   20,  200
  344,20190618,   21,  192
  344,20190618,   22,  188
  344,20190618,   23,  174
  344,20190618,   24,  182
  344,20190619,    1,  166
  344,20190619,    2,  179
  344,20190619,    3,  181
  344,20190619,    4,  175
  344,20190619,    5,  186
  344,20190619,    6,  194
  344,20190619,    7,  159
  344,20190619,    8,  163
  344,20190619,    9,  193
  344,20190619,   10,  219
  344,20190619,   11,  223
  344,20190619,   12,  221
  344,20190619,   13,  214
  344,20190619,   14,  232
  344,20190619,   15,  230
  344,20190619,   16,  199
  344,20190619,   17,  184
  344,20190619,   18,  183
  344,20190619,   19,  180
  344,20190619,   20,  173
  344,20190619,   21,  165
  344,20190619,   22,  156
  344,20190619,   23,  157
  344,20190619,   24,  159
  344,20190620,    1,  160
  344,20190620,    2,  160
  344,20190620,    3,  162
  344,20190620,    4,  166
  344,20190620,    5,  165
  344,20190620,    6,  165
  344,20190620,    7,  162
  344,20190620,    8,  160
  344,20190620,    9,  182
  344,20190620,   10,  170
  344,20190620,   11,  168
  344,20190620,   12,  187
  344,20190620,   13,  183
  344,20190620,   14,  198
  344,20190620,   15,  182
  344,20190620,   16,  175
  344,20190620,   17,  182
  344,20190620,   18,  172
  344,20190620,   19,  161
  344,20190620,   20,  147
  344,20190620,   21,  142
  344,20190620,   22,  139
  344,20190620,   23,  126
  344,20190620,   24,  141
  344,20190621,    1,  136
  344,20190621,    2,  137
  344,20190621,    3,  134
  344,20190621,    4,  130
  344,20190621,    5,  139
  344,20190621,    6,  152
  344,20190621,    7,  160
  344,20190621,    8,  164
  344,20190621,    9,  179
  344,20190621,   10,  179
  344,20190621,   11,  190
  344,20190621,   12,  181
  344,20190621,   13,  182
  344,20190621,   14,  177
  344,20190621,   15,  182
  344,20190621,   16,  174
  344,20190621,   17,  178
  344,20190621,   18,  169
  344,20190621,   19,  159
  344,20190621,   20,  138
  344,20190621,   21,  125
  344,20190621,   22,  122
  344,20190621,   23,  107
  344,20190621,   24,   96
  344,20190622,    1,  101
  344,20190622,    2,   85
  344,20190622,    3,   78
  344,20190622,    4,   91
  344,20190622,    5,  115
  344,20190622,    6,  143
  344,20190622,    7,  163
  344,20190622,    8,  172
  344,20190622,    9,  187
  344,20190622,   10,  198
  344,20190622,   11,  191
  344,20190622,   12,  196
  344,20190622,   13,  214
  344,20190622,   14,  223
  344,20190622,   15,  221
  344,20190622,   16,  216
  344,20190622,   17,  216
  344,20190622,   18,  203
  344,20190622,   19,  194
  344,20190622,   20,  182
  344,20190622,   21,  175
  344,20190622,   22,  161
  344,20190622,   23,  159
  344,20190622,   24,  150
  344,20190623,    1,  148
  344,20190623,    2,  147
  344,20190623,    3,  143
  344,20190623,    4,  129
  344,20190623,    5,  154
  344,20190623,    6,  172
  344,20190623,    7,  190
  344,20190623,    8,  209
  344,20190623,    9,  224
  344,20190623,   10,  239
  344,20190623,   11,  253
  344,20190623,   12,  269
  344,20190623,   13,  278
  344,20190623,   14,  282
  344,20190623,   15,  284
  344,20190623,   16,  281
  344,20190623,   17,  275
  344,20190623,   18,  267
  344,20190623,   19,  261
  344,20190623,   20,  243
  344,20190623,   21,  251
  344,20190623,   22,  244
  344,20190623,   23,  239
  344,20190623,   24,  226
  344,20190624,    1,  215
  344,20190624,    2,  209
  344,20190624,    3,  211
  344,20190624,    4,  207
  344,20190624,    5,  217
  344,20190624,    6,  223
  344,20190624,    7,  244
  344,20190624,    8,  257
  344,20190624,    9,  271
  344,20190624,   10,  279
  344,20190624,   11,  287
  344,20190624,   12,  293
  344,20190624,   13,  298
  344,20190624,   14,  305
  344,20190624,   15,  304
  344,20190624,   16,  304
  344,20190624,   17,  296
  344,20190624,   18,  259
  344,20190624,   19,  254
  344,20190624,   20,  240
  344,20190624,   21,  227
  344,20190624,   22,  216
  344,20190624,   23,  208
  344,20190624,   24,  197
  344,20190625,    1,  212
  344,20190625,    2,  213
  344,20190625,    3,  206
  344,20190625,    4,  211
  344,20190625,    5,  220
  344,20190625,    6,  233
  344,20190625,    7,  254
  344,20190625,    8,  257
  344,20190625,    9,  276
  344,20190625,   10,  291
  344,20190625,   11,  299
  344,20190625,   12,  314
  344,20190625,   13,  317
  344,20190625,   14,  321
  344,20190625,   15,  320
  344,20190625,   16,  313
  344,20190625,   17,  267
  344,20190625,   18,  253
  344,20190625,   19,  237
  344,20190625,   20,  224
  344,20190625,   21,  204
  344,20190625,   22,  186
  344,20190625,   23,  176
  344,20190625,   24,  169
  344,20190626,    1,  165
  344,20190626,    2,  172
  344,20190626,    3,  173
  344,20190626,    4,  171
  344,20190626,    5,  169
  344,20190626,    6,  168
  344,20190626,    7,  173
  344,20190626,    8,  181
  344,20190626,    9,  175
  344,20190626,   10,  176
  344,20190626,   11,  189
  344,20190626,   12,  193
  344,20190626,   13,  216
  344,20190626,   14,  214
  344,20190626,   15,  216
  344,20190626,   16,  209
  344,20190626,   17,  197
  344,20190626,   18,  198
  344,20190626,   19,  192
  344,20190626,   20,  175
  344,20190626,   21,  164
  344,20190626,   22,  162
  344,20190626,   23,  161
  344,20190626,   24,  160
  344,20190627,    1,  158
  344,20190627,    2,  152
  344,20190627,    3,  148
  344,20190627,    4,  143
  344,20190627,    5,  145
  344,20190627,    6,  151
  344,20190627,    7,  159
  344,20190627,    8,  174
  344,20190627,    9,  181
  344,20190627,   10,  193
  344,20190627,   11,  203
  344,20190627,   12,  214
  344,20190627,   13,  212
  344,20190627,   14,  204
  344,20190627,   15,  210
  344,20190627,   16,  207
  344,20190627,   17,  192
  344,20190627,   18,  184
  344,20190627,   19,  175
  344,20190627,   20,  160
  344,20190627,   21,  146
  344,20190627,   22,  140
  344,20190627,   23,  143
  344,20190627,   24,  143
  344,20190628,    1,  143
  344,20190628,    2,  146
  344,20190628,    3,  147
  344,20190628,    4,  147
  344,20190628,    5,  148
  344,20190628,    6,  150
  344,20190628,    7,  154
  344,20190628,    8,  158
  344,20190628,    9,  168
  344,20190628,   10,  183
  344,20190628,   11,  196
  344,20190628,   12,  207
  344,20190628,   13,  220
  344,20190628,   14,  229
  344,20190628,   15,  231
  344,20190628,   16,  234
  344,20190628,   17,  231
  344,20190628,   18,  220
  344,20190628,   19,  208
  344,20190628,   20,  190
  344,20190628,   21,  177
  344,20190628,   22,  173
  344,20190628,   23,  154
  344,20190628,   24,  153
  344,20190629,    1,  148
  344,20190629,    2,  143
  344,20190629,    3,  133
  344,20190629,    4,  150
  344,20190629,    5,  166
  344,20190629,    6,  189
  344,20190629,    7,  204
  344,20190629,    8,  223
  344,20190629,    9,  246
  344,20190629,   10,  262
  344,20190629,   11,  283
  344,20190629,   12,  298
  344,20190629,   13,  308
  344,20190629,   14,  310
  344,20190629,   15,  312
  344,20190629,   16,  319
  344,20190629,   17,  317
  344,20190629,   18,  311
  344,20190629,   19,  300
  344,20190629,   20,  281
  344,20190629,   21,  271
  344,20190629,   22,  254
  344,20190629,   23,  263
  344,20190629,   24,  251
  344,20190630,    1,  236
  344,20190630,    2,  230
  344,20190630,    3,  237
  344,20190630,    4,  229
  344,20190630,    5,  217
  344,20190630,    6,  211
  344,20190630,    7,  211
  344,20190630,    8,  206
  344,20190630,    9,  221
  344,20190630,   10,  215
  344,20190630,   11,  210
  344,20190630,   12,  214
  344,20190630,   13,  212
  344,20190630,   14,  219
  344,20190630,   15,  223
  344,20190630,   16,  212
  344,20190630,   17,  210
  344,20190630,   18,  205
  344,20190630,   19,  196
  344,20190630,   20,  172
  344,20190630,   21,  163
  344,20190630,   22,  156
  344,20190630,   23,  167
  344,20190630,   24,  171
  344,20190701,    1,  169
  344,20190701,    2,  169
  344,20190701,    3,  164
  344,20190701,    4,  161
  344,20190701,    5,  167
  344,20190701,    6,  175
  344,20190701,    7,  185
  344,20190701,    8,  190
  344,20190701,    9,  187
  344,20190701,   10,  201
  344,20190701,   11,  192
  344,20190701,   12,  197
  344,20190701,   13,  199
  344,20190701,   14,  195
  344,20190701,   15,  190
  344,20190701,   16,  190
  344,20190701,   17,  191
  344,20190701,   18,  186
  344,20190701,   19,  176
  344,20190701,   20,  160
  344,20190701,   21,  147
  344,20190701,   22,  149
  344,20190701,   23,  151
  344,20190701,   24,  155
  344,20190702,    1,  142
  344,20190702,    2,  140
  344,20190702,    3,  127
  344,20190702,    4,  145
  344,20190702,    5,  159
  344,20190702,    6,  168
  344,20190702,    7,  176
  344,20190702,    8,  184
  344,20190702,    9,  192
  344,20190702,   10,  191
  344,20190702,   11,  196
  344,20190702,   12,  201
  344,20190702,   13,  204
  344,20190702,   14,  207
  344,20190702,   15,  201
  344,20190702,   16,  193
  344,20190702,   17,  189
  344,20190702,   18,  178
  344,20190702,   19,  165
  344,20190702,   20,  149
  344,20190702,   21,  141
  344,20190702,   22,  133
  344,20190702,   23,  110
  344,20190702,   24,  111
  344,20190703,    1,  105
  344,20190703,    2,  102
  344,20190703,    3,   97
  344,20190703,    4,  105
  344,20190703,    5,  116
  344,20190703,    6,  152
  344,20190703,    7,  170
  344,20190703,    8,  173
  344,20190703,    9,  190
  344,20190703,   10,  188
  344,20190703,   11,  179
  344,20190703,   12,  183
  344,20190703,   13,  184
  344,20190703,   14,  186
  344,20190703,   15,  195
  344,20190703,   16,  187
  344,20190703,   17,  181
  344,20190703,   18,  170
  344,20190703,   19,  158
  344,20190703,   20,  142
  344,20190703,   21,  131
  344,20190703,   22,  121
  344,20190703,   23,  107
  344,20190703,   24,  109
  344,20190704,    1,   90
  344,20190704,    2,   89
  344,20190704,    3,   83
  344,20190704,    4,   87
  344,20190704,    5,  106
  344,20190704,    6,  137
  344,20190704,    7,  161
  344,20190704,    8,  167
  344,20190704,    9,  178
  344,20190704,   10,  192
  344,20190704,   11,  200
  344,20190704,   12,  202
  344,20190704,   13,  216
  344,20190704,   14,  212
  344,20190704,   15,  205
  344,20190704,   16,  200
  344,20190704,   17,  191
  344,20190704,   18,  178
  344,20190704,   19,  172
  344,20190704,   20,  157
  344,20190704,   21,  152
  344,20190704,   22,  163
  344,20190704,   23,  160
  344,20190704,   24,  155
  344,20190705,    1,  156
  344,20190705,    2,  162
  344,20190705,    3,  162
  344,20190705,    4,  160
  344,20190705,    5,  164
  344,20190705,    6,  176
  344,20190705,    7,  182
  344,20190705,    8,  190
  344,20190705,    9,  193
  344,20190705,   10,  197
  344,20190705,   11,  213
  344,20190705,   12,  208
  344,20190705,   13,  213
  344,20190705,   14,  204
  344,20190705,   15,  200
  344,20190705,   16,  204
  344,20190705,   17,  204
  344,20190705,   18,  190
  344,20190705,   19,  186
  344,20190705,   20,  165
  344,20190705,   21,  155
  344,20190705,   22,  141
  344,20190705,   23,  143
  344,20190705,   24,  144
  344,20190706,    1,  135
  344,20190706,    2,  152
  344,20190706,    3,  160
  344,20190706,    4,  161
  344,20190706,    5,  175
  344,20190706,    6,  189
  344,20190706,    7,  202
  344,20190706,    8,  208
  344,20190706,    9,  212
  344,20190706,   10,  209
  344,20190706,   11,  214
  344,20190706,   12,  202
  344,20190706,   13,  203
  344,20190706,   14,  192
  344,20190706,   15,  166
  344,20190706,   16,  164
  344,20190706,   17,  154
  344,20190706,   18,  153
  344,20190706,   19,  152
  344,20190706,   20,  150
  344,20190706,   21,  147
  344,20190706,   22,  135
  344,20190706,   23,  119
  344,20190706,   24,  111
  344,20190707,    1,  111
  344,20190707,    2,   98
  344,20190707,    3,  117
  344,20190707,    4,  102
  344,20190707,    5,  120
  344,20190707,    6,  149
  344,20190707,    7,  161
  344,20190707,    8,  147
  344,20190707,    9,  143
  344,20190707,   10,  165
  344,20190707,   11,  165
  344,20190707,   12,  177
  344,20190707,   13,  178
  344,20190707,   14,  175
  344,20190707,   15,  164
  344,20190707,   16,  164
  344,20190707,   17,  164
  344,20190707,   18,  160
  344,20190707,   19,  151
  344,20190707,   20,  134
  344,20190707,   21,  107
  344,20190707,   22,  101
  344,20190707,   23,  109
  344,20190707,   24,   99
  344,20190708,    1,  116
  344,20190708,    2,  123
  344,20190708,    3,  116
  344,20190708,    4,  124
  344,20190708,    5,  137
  344,20190708,    6,  145
  344,20190708,    7,  158
  344,20190708,    8,  155
  344,20190708,    9,  157
  344,20190708,   10,  165
  344,20190708,   11,  166
  344,20190708,   12,  168
  344,20190708,   13,  168
  344,20190708,   14,  171
  344,20190708,   15,  156
  344,20190708,   16,  162
  344,20190708,   17,  149
  344,20190708,   18,  150
  344,20190708,   19,  141
  344,20190708,   20,  128
  344,20190708,   21,  107
  344,20190708,   22,  107
  344,20190708,   23,  102
  344,20190708,   24,   92
  344,20190709,    1,   85
  344,20190709,    2,   88
  344,20190709,    3,   87
  344,20190709,    4,   97
  344,20190709,    5,  109
  344,20190709,    6,  138
  344,20190709,    7,  163
  344,20190709,    8,  160
  344,20190709,    9,  173
  344,20190709,   10,  180
  344,20190709,   11,  183
  344,20190709,   12,  187
  344,20190709,   13,  187
  344,20190709,   14,  187
  344,20190709,   15,  183
  344,20190709,   16,  175
  344,20190709,   17,  173
  344,20190709,   18,  166
  344,20190709,   19,  162
  344,20190709,   20,  148
  344,20190709,   21,  130
  344,20190709,   22,  127
  344,20190709,   23,  129
  344,20190709,   24,  140
  344,20190710,    1,  133
  344,20190710,    2,  140
  344,20190710,    3,  142
  344,20190710,    4,  142
  344,20190710,    5,  146
  344,20190710,    6,  147
  344,20190710,    7,  153
  344,20190710,    8,  165
  344,20190710,    9,  177
  344,20190710,   10,  182
  344,20190710,   11,  187
  344,20190710,   12,  159
  344,20190710,   13,  159
  344,20190710,   14,  155
  344,20190710,   15,  156
  344,20190710,   16,  159
  344,20190710,   17,  162
  344,20190710,   18,  165
  344,20190710,   19,  164
  344,20190710,   20,  163
  344,20190710,   21,  165
  344,20190710,   22,  165
  344,20190710,   23,  166
  344,20190710,   24,  166
  344,20190711,    1,  168
  344,20190711,    2,  169
  344,20190711,    3,  165
  344,20190711,    4,  165
  344,20190711,    5,  170
  344,20190711,    6,  186
  344,20190711,    7,  195
  344,20190711,    8,  202
  344,20190711,    9,  211
  344,20190711,   10,  215
  344,20190711,   11,  220
  344,20190711,   12,  221
  344,20190711,   13,  220
  344,20190711,   14,  234
  344,20190711,   15,  226
  344,20190711,   16,  231
  344,20190711,   17,  222
  344,20190711,   18,  211
  344,20190711,   19,  196
  344,20190711,   20,  176
  344,20190711,   21,  177
  344,20190711,   22,  169
  344,20190711,   23,  161
  344,20190711,   24,  158
  344,20190712,    1,  154
  344,20190712,    2,  173
  344,20190712,    3,  163
  344,20190712,    4,  167
  344,20190712,    5,  170
  344,20190712,    6,  175
  344,20190712,    7,  173
  344,20190712,    8,  192
  344,20190712,    9,  201
  344,20190712,   10,  159
  344,20190712,   11,  159
  344,20190712,   12,  173
  344,20190712,   13,  172
  344,20190712,   14,  188
  344,20190712,   15,  192
  344,20190712,   16,  189
  344,20190712,   17,  188
  344,20190712,   18,  175
  344,20190712,   19,  169
  344,20190712,   20,  166
  344,20190712,   21,  163
  344,20190712,   22,  161
  344,20190712,   23,  160
  344,20190712,   24,  160
  344,20190713,    1,  160
  344,20190713,    2,  159
  344,20190713,    3,  159
  344,20190713,    4,  159
  344,20190713,    5,  163
  344,20190713,    6,  167
  344,20190713,    7,  168
  344,20190713,    8,  165
  344,20190713,    9,  173
  344,20190713,   10,  176
  344,20190713,   11,  183
  344,20190713,   12,  190
  344,20190713,   13,  199
  344,20190713,   14,  202
  344,20190713,   15,  193
  344,20190713,   16,  178
  344,20190713,   17,  173
  344,20190713,   18,  167
  344,20190713,   19,  153
  344,20190713,   20,  157
  344,20190713,   21,  154
  344,20190713,   22,  153
  344,20190713,   23,  154
  344,20190713,   24,  154
  344,20190714,    1,  152
  344,20190714,    2,  152
  344,20190714,    3,  143
  344,20190714,    4,  139
  344,20190714,    5,  136
  344,20190714,    6,  148
  344,20190714,    7,  144
  344,20190714,    8,  146
  344,20190714,    9,  163
  344,20190714,   10,  156
  344,20190714,   11,  176
  344,20190714,   12,  172
  344,20190714,   13,  179
  344,20190714,   14,  179
  344,20190714,   15,  176
  344,20190714,   16,  173
  344,20190714,   17,  165
  344,20190714,   18,  160
  344,20190714,   19,  155
  344,20190714,   20,  150
  344,20190714,   21,  150
  344,20190714,   22,  149
  344,20190714,   23,  148
  344,20190714,   24,  147
  344,20190715,    1,  145
  344,20190715,    2,  144
  344,20190715,    3,  138
  344,20190715,    4,  132
  344,20190715,    5,  139
  344,20190715,    6,  139
  344,20190715,    7,  145
  344,20190715,    8,  148
  344,20190715,    9,  155
  344,20190715,   10,  167
  344,20190715,   11,  150
  344,20190715,   12,  164
  344,20190715,   13,  166
  344,20190715,   14,  167
  344,20190715,   15,  165
  344,20190715,   16,  159
  344,20190715,   17,  165
  344,20190715,   18,  159
  344,20190715,   19,  153
  344,20190715,   20,  152
  344,20190715,   21,  144
  344,20190715,   22,  143
  344,20190715,   23,  140
  344,20190715,   24,  138
  344,20190716,    1,  139
  344,20190716,    2,  141
  344,20190716,    3,  141
  344,20190716,    4,  143
  344,20190716,    5,  143
  344,20190716,    6,  151
  344,20190716,    7,  155
  344,20190716,    8,  157
  344,20190716,    9,  164
  344,20190716,   10,  165
  344,20190716,   11,  171
  344,20190716,   12,  182
  344,20190716,   13,  192
  344,20190716,   14,  186
  344,20190716,   15,  189
  344,20190716,   16,  195
  344,20190716,   17,  197
  344,20190716,   18,  190
  344,20190716,   19,  174
  344,20190716,   20,  152
  344,20190716,   21,  146
  344,20190716,   22,  132
  344,20190716,   23,  125
  344,20190716,   24,  114
  344,20190717,    1,  105
  344,20190717,    2,  102
  344,20190717,    3,   98
  344,20190717,    4,  102
  344,20190717,    5,  119
  344,20190717,    6,  150
  344,20190717,    7,  167
  344,20190717,    8,  181
  344,20190717,    9,  195
  344,20190717,   10,  209
  344,20190717,   11,  222
  344,20190717,   12,  225
  344,20190717,   13,  237
  344,20190717,   14,  238
  344,20190717,   15,  233
  344,20190717,   16,  233
  344,20190717,   17,  226
  344,20190717,   18,  217
  344,20190717,   19,  203
  344,20190717,   20,  176
  344,20190717,   21,  186
  344,20190717,   22,  180
  344,20190717,   23,  186
  344,20190717,   24,  190
  344,20190718,    1,  194
  344,20190718,    2,  197
  344,20190718,    3,  186
  344,20190718,    4,  184
  344,20190718,    5,  183
  344,20190718,    6,  189
  344,20190718,    7,  192
  344,20190718,    8,  201
  344,20190718,    9,  206
  344,20190718,   10,  211
  344,20190718,   11,  208
  344,20190718,   12,  208
  344,20190718,   13,  211
  344,20190718,   14,  219
  344,20190718,   15,  210
  344,20190718,   16,  193
  344,20190718,   17,  191
  344,20190718,   18,  182
  344,20190718,   19,  184
  344,20190718,   20,  182
  344,20190718,   21,  184
  344,20190718,   22,  179
  344,20190718,   23,  163
  344,20190718,   24,  158
  344,20190719,    1,  172
  344,20190719,    2,  160
  344,20190719,    3,  164
  344,20190719,    4,  147
  344,20190719,    5,  153
  344,20190719,    6,  173
  344,20190719,    7,  184
  344,20190719,    8,  196
  344,20190719,    9,  210
  344,20190719,   10,  219
  344,20190719,   11,  232
  344,20190719,   12,  238
  344,20190719,   13,  219
  344,20190719,   14,  224
  344,20190719,   15,  226
  344,20190719,   16,  225
  344,20190719,   17,  206
  344,20190719,   18,  202
  344,20190719,   19,  197
  344,20190719,   20,  184
  344,20190719,   21,  187
  344,20190719,   22,  188
  344,20190719,   23,  182
  344,20190719,   24,  177
  344,20190720,    1,  172
  344,20190720,    2,  191
  344,20190720,    3,  190
  344,20190720,    4,  197
  344,20190720,    5,  198
  344,20190720,    6,  192
  344,20190720,    7,  185
  344,20190720,    8,  178
  344,20190720,    9,  175
  344,20190720,   10,  186
  344,20190720,   11,  195
  344,20190720,   12,  228
  344,20190720,   13,  213
  344,20190720,   14,  180
  344,20190720,   15,  202
  344,20190720,   16,  219
  344,20190720,   17,  211
  344,20190720,   18,  205
  344,20190720,   19,  197
  344,20190720,   20,  188
  344,20190720,   21,  184
  344,20190720,   22,  179
  344,20190720,   23,  179
  344,20190720,   24,  175
  344,20190721,    1,  173
  344,20190721,    2,  179
  344,20190721,    3,  170
  344,20190721,    4,  170
  344,20190721,    5,  167
  344,20190721,    6,  178
  344,20190721,    7,  190
  344,20190721,    8,  195
  344,20190721,    9,  199
  344,20190721,   10,  208
  344,20190721,   11,  211
  344,20190721,   12,  217
  344,20190721,   13,  216
  344,20190721,   14,  214
  344,20190721,   15,  218
  344,20190721,   16,  213
  344,20190721,   17,  214
  344,20190721,   18,  207
  344,20190721,   19,  191
  344,20190721,   20,  174
  344,20190721,   21,  172
  344,20190721,   22,  160
  344,20190721,   23,  164
  344,20190721,   24,  169
  344,20190722,    1,  173
  344,20190722,    2,  168
  344,20190722,    3,  167
  344,20190722,    4,  172
  344,20190722,    5,  176
  344,20190722,    6,  186
  344,20190722,    7,  199
  344,20190722,    8,  208
  344,20190722,    9,  219
  344,20190722,   10,  232
  344,20190722,   11,  238
  344,20190722,   12,  246
  344,20190722,   13,  252
  344,20190722,   14,  256
  344,20190722,   15,  249
  344,20190722,   16,  245
  344,20190722,   17,  241
  344,20190722,   18,  229
  344,20190722,   19,  216
  344,20190722,   20,  197
  344,20190722,   21,  191
  344,20190722,   22,  182
  344,20190722,   23,  171
  344,20190722,   24,  176
  344,20190723,    1,  172
  344,20190723,    2,  163
  344,20190723,    3,  152
  344,20190723,    4,  151
  344,20190723,    5,  168
  344,20190723,    6,  210
  344,20190723,    7,  231
  344,20190723,    8,  256
  344,20190723,    9,  272
  344,20190723,   10,  284
  344,20190723,   11,  294
  344,20190723,   12,  300
  344,20190723,   13,  309
  344,20190723,   14,  306
  344,20190723,   15,  311
  344,20190723,   16,  311
  344,20190723,   17,  301
  344,20190723,   18,  291
  344,20190723,   19,  260
  344,20190723,   20,  248
  344,20190723,   21,  226
  344,20190723,   22,  222
  344,20190723,   23,  211
  344,20190723,   24,  200
  344,20190724,    1,  191
  344,20190724,    2,  202
  344,20190724,    3,  213
  344,20190724,    4,  215
  344,20190724,    5,  203
  344,20190724,    6,  243
  344,20190724,    7,  271
  344,20190724,    8,  296
  344,20190724,    9,  316
  344,20190724,   10,  333
  344,20190724,   11,  342
  344,20190724,   12,  354
  344,20190724,   13,  320
  344,20190724,   14,  331
  344,20190724,   15,  299
  344,20190724,   16,  298
  344,20190724,   17,  276
  344,20190724,   18,  266
  344,20190724,   19,  244
  344,20190724,   20,  229
  344,20190724,   21,  209
  344,20190724,   22,  204
  344,20190724,   23,  197
  344,20190724,   24,  184
  344,20190725,    1,  184
  344,20190725,    2,  190
  344,20190725,    3,  197
  344,20190725,    4,  188
  344,20190725,    5,  202
  344,20190725,    6,  227
  344,20190725,    7,  252
  344,20190725,    8,  279
  344,20190725,    9,  295
  344,20190725,   10,  319
  344,20190725,   11,  335
  344,20190725,   12,  350
  344,20190725,   13,  358
  344,20190725,   14,  366
  344,20190725,   15,  370
  344,20190725,   16,  372
  344,20190725,   17,  365
  344,20190725,   18,  354
  344,20190725,   19,  340
  344,20190725,   20,  330
  344,20190725,   21,  319
  344,20190725,   22,  309
  344,20190725,   23,  299
  344,20190725,   24,  250
  344,20190726,    1,  239
  344,20190726,    2,  231
  344,20190726,    3,  229
  344,20190726,    4,  221
  344,20190726,    5,  226
  344,20190726,    6,  245
  344,20190726,    7,  265
  344,20190726,    8,  287
  344,20190726,    9,  309
  344,20190726,   10,  323
  344,20190726,   11,  338
  344,20190726,   12,  315
  344,20190726,   13,  294
  344,20190726,   14,  286
  344,20190726,   15,  279
  344,20190726,   16,  293
  344,20190726,   17,  284
  344,20190726,   18,  271
  344,20190726,   19,  243
  344,20190726,   20,  219
  344,20190726,   21,  217
  344,20190726,   22,  209
  344,20190726,   23,  197
  344,20190726,   24,  187
  344,20190727,    1,  186
  344,20190727,    2,  184
  344,20190727,    3,  184
  344,20190727,    4,  191
  344,20190727,    5,  193
  344,20190727,    6,  192
  344,20190727,    7,  193
  344,20190727,    8,  200
  344,20190727,    9,  200
  344,20190727,   10,  205
  344,20190727,   11,  218
  344,20190727,   12,  231
  344,20190727,   13,  212
  344,20190727,   14,  199
  344,20190727,   15,  197
  344,20190727,   16,  193
  344,20190727,   17,  190
  344,20190727,   18,  189
  344,20190727,   19,  189
  344,20190727,   20,  184
  344,20190727,   21,  183
  344,20190727,   22,  183
  344,20190727,   23,  182
  344,20190727,   24,  180
  344,20190728,    1,  179
  344,20190728,    2,  178
  344,20190728,    3,  179
  344,20190728,    4,  180
  344,20190728,    5,  181
  344,20190728,    6,  183
  344,20190728,    7,  183
  344,20190728,    8,  184
  344,20190728,    9,  183
  344,20190728,   10,  186
  344,20190728,   11,  185
  344,20190728,   12,  187
  344,20190728,   13,  187
  344,20190728,   14,  188
  344,20190728,   15,  192
  344,20190728,   16,  188
  344,20190728,   17,  187
  344,20190728,   18,  186
  344,20190728,   19,  183
  344,20190728,   20,  179
  344,20190728,   21,  179
  344,20190728,   22,  173
  344,20190728,   23,  169
  344,20190728,   24,  168
  344,20190729,    1,  165
  344,20190729,    2,  160
  344,20190729,    3,  153
  344,20190729,    4,  156
  344,20190729,    5,  162
  344,20190729,    6,  168
  344,20190729,    7,  179
  344,20190729,    8,  199
  344,20190729,    9,  213
  344,20190729,   10,  221
  344,20190729,   11,  216
  344,20190729,   12,  232
  344,20190729,   13,  222
  344,20190729,   14,  236
  344,20190729,   15,  235
  344,20190729,   16,  236
  344,20190729,   17,  226
  344,20190729,   18,  221
  344,20190729,   19,  209
  344,20190729,   20,  177
  344,20190729,   21,  167
  344,20190729,   22,  171
  344,20190729,   23,  176
  344,20190729,   24,  179
  344,20190730,    1,  180
  344,20190730,    2,  172
  344,20190730,    3,  174
  344,20190730,    4,  172
  344,20190730,    5,  174
  344,20190730,    6,  189
  344,20190730,    7,  206
  344,20190730,    8,  233
  344,20190730,    9,  243
  344,20190730,   10,  248
  344,20190730,   11,  260
  344,20190730,   12,  270
  344,20190730,   13,  272
  344,20190730,   14,  260
  344,20190730,   15,  251
  344,20190730,   16,  252
  344,20190730,   17,  253
  344,20190730,   18,  243
  344,20190730,   19,  234
  344,20190730,   20,  198
  344,20190730,   21,  195
  344,20190730,   22,  199
  344,20190730,   23,  192
  344,20190730,   24,  186
  344,20190731,    1,  178
  344,20190731,    2,  176
  344,20190731,    3,  175
  344,20190731,    4,  171
  344,20190731,    5,  171
  344,20190731,    6,  178
  344,20190731,    7,  182
  344,20190731,    8,  186
  344,20190731,    9,  185
  344,20190731,   10,  173
  344,20190731,   11,  190
  344,20190731,   12,  188
  344,20190731,   13,  198
  344,20190731,   14,  195
  344,20190731,   15,  212
  344,20190731,   16,  213
  344,20190731,   17,  203
  344,20190731,   18,  185
  344,20190731,   19,  183
  344,20190731,   20,  167
  344,20190731,   21,  173
  344,20190731,   22,  175
  344,20190731,   23,  174
  344,20190731,   24,  175
  344,20190801,    1,  170
  344,20190801,    2,  173
  344,20190801,    3,  172
  344,20190801,    4,  171
  344,20190801,    5,  174
  344,20190801,    6,  180
  344,20190801,    7,  181
  344,20190801,    8,  185
  344,20190801,    9,  209
  344,20190801,   10,  203
  344,20190801,   11,  203
  344,20190801,   12,  208
  344,20190801,   13,  212
  344,20190801,   14,  206
  344,20190801,   15,  215
  344,20190801,   16,  210
  344,20190801,   17,  198
  344,20190801,   18,  193
  344,20190801,   19,  185
  344,20190801,   20,  174
  344,20190801,   21,  165
  344,20190801,   22,  162
  344,20190801,   23,  160
  344,20190801,   24,  161
  344,20190802,    1,  164
  344,20190802,    2,  167
  344,20190802,    3,  168
  344,20190802,    4,  167
  344,20190802,    5,  173
  344,20190802,    6,  180
  344,20190802,    7,  183
  344,20190802,    8,  196
  344,20190802,    9,  191
  344,20190802,   10,  187
  344,20190802,   11,  187
  344,20190802,   12,  197
  344,20190802,   13,  201
  344,20190802,   14,  212
  344,20190802,   15,  211
  344,20190802,   16,  206
  344,20190802,   17,  201
  344,20190802,   18,  196
  344,20190802,   19,  189
  344,20190802,   20,  189
  344,20190802,   21,  184
  344,20190802,   22,  180
  344,20190802,   23,  182
  344,20190802,   24,  173
  344,20190803,    1,  155
  344,20190803,    2,  137
  344,20190803,    3,  140
  344,20190803,    4,  144
  344,20190803,    5,  160
  344,20190803,    6,  173
  344,20190803,    7,  185
  344,20190803,    8,  193
  344,20190803,    9,  197
  344,20190803,   10,  203
  344,20190803,   11,  198
  344,20190803,   12,  199
  344,20190803,   13,  210
  344,20190803,   14,  213
  344,20190803,   15,  215
  344,20190803,   16,  211
  344,20190803,   17,  203
  344,20190803,   18,  192
  344,20190803,   19,  180
  344,20190803,   20,  169
  344,20190803,   21,  163
  344,20190803,   22,  148
  344,20190803,   23,  149
  344,20190803,   24,  145
  344,20190804,    1,  146
  344,20190804,    2,  137
  344,20190804,    3,  147
  344,20190804,    4,  155
  344,20190804,    5,  161
  344,20190804,    6,  173
  344,20190804,    7,  190
  344,20190804,    8,  203
  344,20190804,    9,  210
  344,20190804,   10,  220
  344,20190804,   11,  233
  344,20190804,   12,  232
  344,20190804,   13,  236
  344,20190804,   14,  234
  344,20190804,   15,  239
  344,20190804,   16,  244
  344,20190804,   17,  238
  344,20190804,   18,  224
  344,20190804,   19,  205
  344,20190804,   20,  202
  344,20190804,   21,  212
  344,20190804,   22,  210
  344,20190804,   23,  210
  344,20190804,   24,  202
  344,20190805,    1,  191
  344,20190805,    2,  188
  344,20190805,    3,  188
  344,20190805,    4,  189
  344,20190805,    5,  200
  344,20190805,    6,  195
  344,20190805,    7,  198
  344,20190805,    8,  198
  344,20190805,    9,  210
  344,20190805,   10,  216
  344,20190805,   11,  223
  344,20190805,   12,  230
  344,20190805,   13,  229
  344,20190805,   14,  241
  344,20190805,   15,  225
  344,20190805,   16,  211
  344,20190805,   17,  216
  344,20190805,   18,  214
  344,20190805,   19,  211
  344,20190805,   20,  200
  344,20190805,   21,  205
  344,20190805,   22,  194
  344,20190805,   23,  184
  344,20190805,   24,  167
  344,20190806,    1,  168
  344,20190806,    2,  171
  344,20190806,    3,  169
  344,20190806,    4,  169
  344,20190806,    5,  168
  344,20190806,    6,  177
  344,20190806,    7,  180
  344,20190806,    8,  196
  344,20190806,    9,  211
  344,20190806,   10,  213
  344,20190806,   11,  215
  344,20190806,   12,  223
  344,20190806,   13,  216
  344,20190806,   14,  221
  344,20190806,   15,  215
  344,20190806,   16,  226
  344,20190806,   17,  213
  344,20190806,   18,  210
  344,20190806,   19,  188
  344,20190806,   20,  182
  344,20190806,   21,  191
  344,20190806,   22,  189
  344,20190806,   23,  186
  344,20190806,   24,  180
  344,20190807,    1,  179
  344,20190807,    2,  174
  344,20190807,    3,  175
  344,20190807,    4,  172
  344,20190807,    5,  172
  344,20190807,    6,  176
  344,20190807,    7,  191
  344,20190807,    8,  179
  344,20190807,    9,  204
  344,20190807,   10,  201
  344,20190807,   11,  208
  344,20190807,   12,  220
  344,20190807,   13,  216
  344,20190807,   14,  220
  344,20190807,   15,  219
  344,20190807,   16,  217
  344,20190807,   17,  206
  344,20190807,   18,  202
  344,20190807,   19,  187
  344,20190807,   20,  191
  344,20190807,   21,  186
  344,20190807,   22,  180
  344,20190807,   23,  179
  344,20190807,   24,  178
  344,20190808,    1,  178
  344,20190808,    2,  170
  344,20190808,    3,  166
  344,20190808,    4,  169
  344,20190808,    5,  167
  344,20190808,    6,  184
  344,20190808,    7,  197
  344,20190808,    8,  207
  344,20190808,    9,  202
  344,20190808,   10,  208
  344,20190808,   11,  223
  344,20190808,   12,  215
  344,20190808,   13,  210
  344,20190808,   14,  217
  344,20190808,   15,  222
  344,20190808,   16,  220
  344,20190808,   17,  218
  344,20190808,   18,  220
  344,20190808,   19,  202
  344,20190808,   20,  183
  344,20190808,   21,  156
  344,20190808,   22,  160
  344,20190808,   23,  147
  344,20190808,   24,  174
  344,20190809,    1,  180
  344,20190809,    2,  182
  344,20190809,    3,  179
  344,20190809,    4,  171
  344,20190809,    5,  172
  344,20190809,    6,  179
  344,20190809,    7,  181
  344,20190809,    8,  184
  344,20190809,    9,  197
  344,20190809,   10,  204
  344,20190809,   11,  203
  344,20190809,   12,  205
  344,20190809,   13,  217
  344,20190809,   14,  230
  344,20190809,   15,  232
  344,20190809,   16,  240
  344,20190809,   17,  246
  344,20190809,   18,  248
  344,20190809,   19,  239
  344,20190809,   20,  204
  344,20190809,   21,  218
  344,20190809,   22,  214
  344,20190809,   23,  212
  344,20190809,   24,  207
  344,20190810,    1,  202
  344,20190810,    2,  200
  344,20190810,    3,  198
  344,20190810,    4,  199
  344,20190810,    5,  199
  344,20190810,    6,  195
  344,20190810,    7,  188
  344,20190810,    8,  200
  344,20190810,    9,  202
  344,20190810,   10,  214
  344,20190810,   11,  216
  344,20190810,   12,  213
  344,20190810,   13,  226
  344,20190810,   14,  217
  344,20190810,   15,  228
  344,20190810,   16,  222
  344,20190810,   17,  213
  344,20190810,   18,  203
  344,20190810,   19,  195
  344,20190810,   20,  189
  344,20190810,   21,  186
  344,20190810,   22,  180
  344,20190810,   23,  178
  344,20190810,   24,  177
  344,20190811,    1,  169
  344,20190811,    2,  162
  344,20190811,    3,  164
  344,20190811,    4,  163
  344,20190811,    5,  163
  344,20190811,    6,  167
  344,20190811,    7,  174
  344,20190811,    8,  186
  344,20190811,    9,  188
  344,20190811,   10,  198
  344,20190811,   11,  202
  344,20190811,   12,  208
  344,20190811,   13,  201
  344,20190811,   14,  205
  344,20190811,   15,  199
  344,20190811,   16,  192
  344,20190811,   17,  188
  344,20190811,   18,  192
  344,20190811,   19,  180
  344,20190811,   20,  178
  344,20190811,   21,  180
  344,20190811,   22,  172
  344,20190811,   23,  168
  344,20190811,   24,  163
  344,20190812,    1,  158
  344,20190812,    2,  159
  344,20190812,    3,  156
  344,20190812,    4,  158
  344,20190812,    5,  158
  344,20190812,    6,  162
  344,20190812,    7,  166
  344,20190812,    8,  180
  344,20190812,    9,  187
  344,20190812,   10,  150
  344,20190812,   11,  178
  344,20190812,   12,  190
  344,20190812,   13,  171
  344,20190812,   14,  170
  344,20190812,   15,  171
  344,20190812,   16,  166
  344,20190812,   17,  174
  344,20190812,   18,  168
  344,20190812,   19,  159
  344,20190812,   20,  144
  344,20190812,   21,  141
  344,20190812,   22,  139
  344,20190812,   23,  138
  344,20190812,   24,  129
  344,20190813,    1,  130
  344,20190813,    2,  124
  344,20190813,    3,  116
  344,20190813,    4,  119
  344,20190813,    5,  126
  344,20190813,    6,  143
  344,20190813,    7,  164
  344,20190813,    8,  169
  344,20190813,    9,  168
  344,20190813,   10,  160
  344,20190813,   11,  119
  344,20190813,   12,  164
  344,20190813,   13,  187
  344,20190813,   14,  179
  344,20190813,   15,  181
  344,20190813,   16,  174
  344,20190813,   17,  170
  344,20190813,   18,  161
  344,20190813,   19,  147
  344,20190813,   20,  131
  344,20190813,   21,  134
  344,20190813,   22,  125
  344,20190813,   23,  137
  344,20190813,   24,  124
  344,20190814,    1,  120
  344,20190814,    2,  123
  344,20190814,    3,  120
  344,20190814,    4,  133
  344,20190814,    5,  136
  344,20190814,    6,  141
  344,20190814,    7,  145
  344,20190814,    8,  166
  344,20190814,    9,  184
  344,20190814,   10,  194
  344,20190814,   11,  203
  344,20190814,   12,  206
  344,20190814,   13,  200
  344,20190814,   14,  199
  344,20190814,   15,  186
  344,20190814,   16,  181
  344,20190814,   17,  167
  344,20190814,   18,  166
  344,20190814,   19,  162
  344,20190814,   20,  158
  344,20190814,   21,  159
  344,20190814,   22,  160
  344,20190814,   23,  161
  344,20190814,   24,  164
  344,20190815,    1,  168
  344,20190815,    2,  171
  344,20190815,    3,  174
  344,20190815,    4,  171
  344,20190815,    5,  172
  344,20190815,    6,  177
  344,20190815,    7,  181
  344,20190815,    8,  183
  344,20190815,    9,  187
  344,20190815,   10,  197
  344,20190815,   11,  194
  344,20190815,   12,  198
  344,20190815,   13,  192
  344,20190815,   14,  191
  344,20190815,   15,  192
  344,20190815,   16,  189
  344,20190815,   17,  189
  344,20190815,   18,  179
  344,20190815,   19,  169
  344,20190815,   20,  160
  344,20190815,   21,  161
  344,20190815,   22,  133
  344,20190815,   23,  135
  344,20190815,   24,  129
  344,20190816,    1,  135
  344,20190816,    2,  129
  344,20190816,    3,  126
  344,20190816,    4,  125
  344,20190816,    5,  122
  344,20190816,    6,  151
  344,20190816,    7,  175
  344,20190816,    8,  180
  344,20190816,    9,  186
  344,20190816,   10,  189
  344,20190816,   11,  200
  344,20190816,   12,  200
  344,20190816,   13,  200
  344,20190816,   14,  202
  344,20190816,   15,  209
  344,20190816,   16,  207
  344,20190816,   17,  204
  344,20190816,   18,  196
  344,20190816,   19,  199
  344,20190816,   20,  199
  344,20190816,   21,  182
  344,20190816,   22,  175
  344,20190816,   23,  173
  344,20190816,   24,  174
  344,20190817,    1,  177
  344,20190817,    2,  176
  344,20190817,    3,  168
  344,20190817,    4,  166
  344,20190817,    5,  172
  344,20190817,    6,  173
  344,20190817,    7,  177
  344,20190817,    8,  180
  344,20190817,    9,  181
  344,20190817,   10,  186
  344,20190817,   11,  192
  344,20190817,   12,  202
  344,20190817,   13,  190
  344,20190817,   14,  193
  344,20190817,   15,  196
  344,20190817,   16,  193
  344,20190817,   17,  190
  344,20190817,   18,  180
  344,20190817,   19,  177
  344,20190817,   20,  171
  344,20190817,   21,  171
  344,20190817,   22,  171
  344,20190817,   23,  169
  344,20190817,   24,  165
  344,20190818,    1,  168
  344,20190818,    2,  165
  344,20190818,    3,  161
  344,20190818,    4,  161
  344,20190818,    5,  160
  344,20190818,    6,  161
  344,20190818,    7,  163
  344,20190818,    8,  165
  344,20190818,    9,  168
  344,20190818,   10,  170
  344,20190818,   11,  177
  344,20190818,   12,  184
  344,20190818,   13,  182
  344,20190818,   14,  184
  344,20190818,   15,  188
  344,20190818,   16,  193
  344,20190818,   17,  188
  344,20190818,   18,  180
  344,20190818,   19,  171
  344,20190818,   20,  163
  344,20190818,   21,  165
  344,20190818,   22,  161
  344,20190818,   23,  155
  344,20190818,   24,  152
  344,20190819,    1,  150
  344,20190819,    2,  151
  344,20190819,    3,  153
  344,20190819,    4,  147
  344,20190819,    5,  152
  344,20190819,    6,  157
  344,20190819,    7,  167
  344,20190819,    8,  179
  344,20190819,    9,  169
  344,20190819,   10,  182
  344,20190819,   11,  187
  344,20190819,   12,  206
  344,20190819,   13,  203
  344,20190819,   14,  207
  344,20190819,   15,  200
  344,20190819,   16,  195
  344,20190819,   17,  192
  344,20190819,   18,  182
  344,20190819,   19,  180
  344,20190819,   20,  171
  344,20190819,   21,  166
  344,20190819,   22,  161
  344,20190819,   23,  157
  344,20190819,   24,  154
  344,20190820,    1,  149
  344,20190820,    2,  146
  344,20190820,    3,  143
  344,20190820,    4,  143
  344,20190820,    5,  142
  344,20190820,    6,  152
  344,20190820,    7,  166
  344,20190820,    8,  180
  344,20190820,    9,  172
  344,20190820,   10,  167
  344,20190820,   11,  189
  344,20190820,   12,  195
  344,20190820,   13,  190
  344,20190820,   14,  191
  344,20190820,   15,  192
  344,20190820,   16,  188
  344,20190820,   17,  182
  344,20190820,   18,  168
  344,20190820,   19,  152
  344,20190820,   20,  147
  344,20190820,   21,  133
  344,20190820,   22,  133
  344,20190820,   23,  128
  344,20190820,   24,  127
  344,20190821,    1,  129
  344,20190821,    2,  121
  344,20190821,    3,  128
  344,20190821,    4,  125
  344,20190821,    5,  123
  344,20190821,    6,  140
  344,20190821,    7,  156
  344,20190821,    8,  175
  344,20190821,    9,  189
  344,20190821,   10,  200
  344,20190821,   11,  197
  344,20190821,   12,  215
  344,20190821,   13,  209
  344,20190821,   14,  217
  344,20190821,   15,  210
  344,20190821,   16,  215
  344,20190821,   17,  207
  344,20190821,   18,  190
  344,20190821,   19,  173
  344,20190821,   20,  144
  344,20190821,   21,  143
  344,20190821,   22,  125
  344,20190821,   23,  124
  344,20190821,   24,  120
  344,20190822,    1,  110
  344,20190822,    2,  114
  344,20190822,    3,  112
  344,20190822,    4,  119
  344,20190822,    5,  122
  344,20190822,    6,  152
  344,20190822,    7,  176
  344,20190822,    8,  189
  344,20190822,    9,  208
  344,20190822,   10,  215
  344,20190822,   11,  213
  344,20190822,   12,  217
  344,20190822,   13,  216
  344,20190822,   14,  216
  344,20190822,   15,  211
  344,20190822,   16,  208
  344,20190822,   17,  201
  344,20190822,   18,  188
  344,20190822,   19,  157
  344,20190822,   20,  148
  344,20190822,   21,  146
  344,20190822,   22,  135
  344,20190822,   23,  141
  344,20190822,   24,  135
  344,20190823,    1,  133
  344,20190823,    2,  136
  344,20190823,    3,  132
  344,20190823,    4,  129
  344,20190823,    5,  136
  344,20190823,    6,  157
  344,20190823,    7,  177
  344,20190823,    8,  198
  344,20190823,    9,  209
  344,20190823,   10,  223
  344,20190823,   11,  235
  344,20190823,   12,  241
  344,20190823,   13,  249
  344,20190823,   14,  251
  344,20190823,   15,  246
  344,20190823,   16,  247
  344,20190823,   17,  235
  344,20190823,   18,  210
  344,20190823,   19,  195
  344,20190823,   20,  175
  344,20190823,   21,  162
  344,20190823,   22,  168
  344,20190823,   23,  168
  344,20190823,   24,  143
  344,20190824,    1,  150
  344,20190824,    2,  140
  344,20190824,    3,  131
  344,20190824,    4,  126
  344,20190824,    5,  128
  344,20190824,    6,  153
  344,20190824,    7,  183
  344,20190824,    8,  205
  344,20190824,    9,  232
  344,20190824,   10,  258
  344,20190824,   11,  268
  344,20190824,   12,  281
  344,20190824,   13,  282
  344,20190824,   14,  285
  344,20190824,   15,  283
  344,20190824,   16,  281
  344,20190824,   17,  267
  344,20190824,   18,  253
  344,20190824,   19,  221
  344,20190824,   20,  211
  344,20190824,   21,  190
  344,20190824,   22,  174
  344,20190824,   23,  166
  344,20190824,   24,  154
  344,20190825,    1,  155
  344,20190825,    2,  149
  344,20190825,    3,  144
  344,20190825,    4,  147
  344,20190825,    5,  130
  344,20190825,    6,  170
  344,20190825,    7,  203
  344,20190825,    8,  230
  344,20190825,    9,  247
  344,20190825,   10,  267
  344,20190825,   11,  286
  344,20190825,   12,  293
  344,20190825,   13,  299
  344,20190825,   14,  301
  344,20190825,   15,  298
  344,20190825,   16,  291
  344,20190825,   17,  282
  344,20190825,   18,  253
  344,20190825,   19,  225
  344,20190825,   20,  219
  344,20190825,   21,  199
  344,20190825,   22,  170
  344,20190825,   23,  172
  344,20190825,   24,  161
  344,20190826,    1,  158
  344,20190826,    2,  157
  344,20190826,    3,  157
  344,20190826,    4,  153
  344,20190826,    5,  147
  344,20190826,    6,  169
  344,20190826,    7,  217
  344,20190826,    8,  254
  344,20190826,    9,  269
  344,20190826,   10,  284
  344,20190826,   11,  287
  344,20190826,   12,  294
  344,20190826,   13,  300
  344,20190826,   14,  301
  344,20190826,   15,  297
  344,20190826,   16,  296
  344,20190826,   17,  279
  344,20190826,   18,  262
  344,20190826,   19,  254
  344,20190826,   20,  246
  344,20190826,   21,  229
  344,20190826,   22,  218
  344,20190826,   23,  211
  344,20190826,   24,  201
  344,20190827,    1,  206
  344,20190827,    2,  199
  344,20190827,    3,  186
  344,20190827,    4,  184
  344,20190827,    5,  186
  344,20190827,    6,  194
  344,20190827,    7,  219
  344,20190827,    8,  243
  344,20190827,    9,  269
  344,20190827,   10,  283
  344,20190827,   11,  295
  344,20190827,   12,  311
  344,20190827,   13,  312
  344,20190827,   14,  315
  344,20190827,   15,  307
  344,20190827,   16,  311
  344,20190827,   17,  286
  344,20190827,   18,  272
  344,20190827,   19,  243
  344,20190827,   20,  226
  344,20190827,   21,  227
  344,20190827,   22,  221
  344,20190827,   23,  200
  344,20190827,   24,  197
  344,20190828,    1,  186
  344,20190828,    2,  182
  344,20190828,    3,  202
  344,20190828,    4,  187
  344,20190828,    5,  198
  344,20190828,    6,  215
  344,20190828,    7,  209
  344,20190828,    8,  221
  344,20190828,    9,  207
  344,20190828,   10,  227
  344,20190828,   11,  239
  344,20190828,   12,  235
  344,20190828,   13,  240
  344,20190828,   14,  248
  344,20190828,   15,  243
  344,20190828,   16,  240
  344,20190828,   17,  225
  344,20190828,   18,  214
  344,20190828,   19,  203
  344,20190828,   20,  196
  344,20190828,   21,  193
  344,20190828,   22,  197
  344,20190828,   23,  193
  344,20190828,   24,  188
  344,20190829,    1,  181
  344,20190829,    2,  186
  344,20190829,    3,  187
  344,20190829,    4,  177
  344,20190829,    5,  173
  344,20190829,    6,  180
  344,20190829,    7,  191
  344,20190829,    8,  200
  344,20190829,    9,  199
  344,20190829,   10,  200
  344,20190829,   11,  200
  344,20190829,   12,  207
  344,20190829,   13,  223
  344,20190829,   14,  209
  344,20190829,   15,  210
  344,20190829,   16,  202
  344,20190829,   17,  193
  344,20190829,   18,  173
  344,20190829,   19,  159
  344,20190829,   20,  155
  344,20190829,   21,  136
  344,20190829,   22,  136
  344,20190829,   23,  128
  344,20190829,   24,  120
  344,20190830,    1,  136
  344,20190830,    2,  146
  344,20190830,    3,  146
  344,20190830,    4,  145
  344,20190830,    5,  147
  344,20190830,    6,  154
  344,20190830,    7,  164
  344,20190830,    8,  180
  344,20190830,    9,  188
  344,20190830,   10,  191
  344,20190830,   11,  205
  344,20190830,   12,  228
  344,20190830,   13,  219
  344,20190830,   14,  211
  344,20190830,   15,  214
  344,20190830,   16,  214
  344,20190830,   17,  213
  344,20190830,   18,  193
  344,20190830,   19,  163
  344,20190830,   20,  161
  344,20190830,   21,  154
  344,20190830,   22,  144
  344,20190830,   23,  140
  344,20190830,   24,  128
  344,20190831,    1,  139
  344,20190831,    2,  135
  344,20190831,    3,  137
  344,20190831,    4,  127
  344,20190831,    5,  119
  344,20190831,    6,  151
  344,20190831,    7,  197
  344,20190831,    8,  210
  344,20190831,    9,  226
  344,20190831,   10,  237
  344,20190831,   11,  250
  344,20190831,   12,  259
  344,20190831,   13,  271
  344,20190831,   14,  275
  344,20190831,   15,  271
  344,20190831,   16,  259
  344,20190831,   17,  242
  344,20190831,   18,  186
  344,20190831,   19,  190
  344,20190831,   20,  183
  344,20190831,   21,  185
  344,20190831,   22,  190
  344,20190831,   23,  178
  344,20190831,   24,  175
  344,20190901,    1,  164
  344,20190901,    2,  152
  344,20190901,    3,  139
  344,20190901,    4,  162
  344,20190901,    5,  155
  344,20190901,    6,  150
  344,20190901,    7,  162
  344,20190901,    8,  172
  344,20190901,    9,  180
  344,20190901,   10,  183
  344,20190901,   11,  179
  344,20190901,   12,  185
  344,20190901,   13,  186
  344,20190901,   14,  180
  344,20190901,   15,  184
  344,20190901,   16,  183
  344,20190901,   17,  175
  344,20190901,   18,  156
  344,20190901,   19,  131
  344,20190901,   20,  122
  344,20190901,   21,  121
  344,20190901,   22,  115
  344,20190901,   23,  113
  344,20190901,   24,  121
  344,20190902,    1,  126
  344,20190902,    2,  112
  344,20190902,    3,  100
  344,20190902,    4,  102
  344,20190902,    5,  114
  344,20190902,    6,  121
  344,20190902,    7,  149
  344,20190902,    8,  157
  344,20190902,    9,  168
  344,20190902,   10,  188
  344,20190902,   11,  187
  344,20190902,   12,  195
  344,20190902,   13,  199
  344,20190902,   14,  191
  344,20190902,   15,  188
  344,20190902,   16,  184
  344,20190902,   17,  169
  344,20190902,   18,  160
  344,20190902,   19,  154
  344,20190902,   20,  160
  344,20190902,   21,  171
  344,20190902,   22,  171
  344,20190902,   23,  165
  344,20190902,   24,  163
  344,20190903,    1,  166
  344,20190903,    2,  169
  344,20190903,    3,  168
  344,20190903,    4,  169
  344,20190903,    5,  169
  344,20190903,    6,  172
  344,20190903,    7,  173
  344,20190903,    8,  176
  344,20190903,    9,  171
  344,20190903,   10,  170
  344,20190903,   11,  183
  344,20190903,   12,  196
  344,20190903,   13,  192
  344,20190903,   14,  188
  344,20190903,   15,  198
  344,20190903,   16,  191
  344,20190903,   17,  180
  344,20190903,   18,  172
  344,20190903,   19,  153
  344,20190903,   20,  143
  344,20190903,   21,  158
  344,20190903,   22,  171
  344,20190903,   23,  168
  344,20190903,   24,  156
  344,20190904,    1,  152
  344,20190904,    2,  148
  344,20190904,    3,  147
  344,20190904,    4,  148
  344,20190904,    5,  150
  344,20190904,    6,  155
  344,20190904,    7,  164
  344,20190904,    8,  166
  344,20190904,    9,  173
  344,20190904,   10,  163
  344,20190904,   11,  160
  344,20190904,   12,  155
  344,20190904,   13,  162
  344,20190904,   14,  168
  344,20190904,   15,  183
  344,20190904,   16,  154
  344,20190904,   17,  169
  344,20190904,   18,  146
  344,20190904,   19,  146
  344,20190904,   20,  130
  344,20190904,   21,  129
  344,20190904,   22,  142
  344,20190904,   23,  157
  344,20190904,   24,  154
  344,20190905,    1,  157
  344,20190905,    2,  154
  344,20190905,    3,  150
  344,20190905,    4,  144
  344,20190905,    5,  141
  344,20190905,    6,  142
  344,20190905,    7,  143
  344,20190905,    8,  163
  344,20190905,    9,  161
  344,20190905,   10,  144
  344,20190905,   11,  151
  344,20190905,   12,  161
  344,20190905,   13,  145
  344,20190905,   14,  167
  344,20190905,   15,  150
  344,20190905,   16,  149
  344,20190905,   17,  139
  344,20190905,   18,  130
  344,20190905,   19,  108
  344,20190905,   20,   90
  344,20190905,   21,   94
  344,20190905,   22,   80
  344,20190905,   23,   84
  344,20190905,   24,   86
  344,20190906,    1,  105
  344,20190906,    2,  108
  344,20190906,    3,  124
  344,20190906,    4,  121
  344,20190906,    5,  121
  344,20190906,    6,  128
  344,20190906,    7,  136
  344,20190906,    8,  147
  344,20190906,    9,  160
  344,20190906,   10,  166
  344,20190906,   11,  182
  344,20190906,   12,  180
  344,20190906,   13,  182
  344,20190906,   14,  180
  344,20190906,   15,  175
  344,20190906,   16,  172
  344,20190906,   17,  156
  344,20190906,   18,  146
  344,20190906,   19,  148
  344,20190906,   20,  145
  344,20190906,   21,  145
  344,20190906,   22,  145
  344,20190906,   23,  143
  344,20190906,   24,  130
  344,20190907,    1,  113
  344,20190907,    2,  102
  344,20190907,    3,  118
  344,20190907,    4,  121
  344,20190907,    5,  121
  344,20190907,    6,  129
  344,20190907,    7,  125
  344,20190907,    8,  137
  344,20190907,    9,  145
  344,20190907,   10,  141
  344,20190907,   11,  164
  344,20190907,   12,  180
  344,20190907,   13,  167
  344,20190907,   14,  163
  344,20190907,   15,  167
  344,20190907,   16,  154
  344,20190907,   17,  150
  344,20190907,   18,  139
  344,20190907,   19,  132
  344,20190907,   20,  133
  344,20190907,   21,  129
  344,20190907,   22,  127
  344,20190907,   23,  115
  344,20190907,   24,  101
  344,20190908,    1,   95
  344,20190908,    2,  113
  344,20190908,    3,  112
  344,20190908,    4,  117
  344,20190908,    5,  105
  344,20190908,    6,  114
  344,20190908,    7,  135
  344,20190908,    8,  142
  344,20190908,    9,  132
  344,20190908,   10,  153
  344,20190908,   11,  168
  344,20190908,   12,  167
  344,20190908,   13,  155
  344,20190908,   14,  158
  344,20190908,   15,  164
  344,20190908,   16,  157
  344,20190908,   17,  145
  344,20190908,   18,  132
  344,20190908,   19,  118
  344,20190908,   20,   97
  344,20190908,   21,   91
  344,20190908,   22,   90
  344,20190908,   23,   91
  344,20190908,   24,   88
  344,20190909,    1,   86
  344,20190909,    2,   79
  344,20190909,    3,  100
  344,20190909,    4,  112
  344,20190909,    5,  103
  344,20190909,    6,  120
  344,20190909,    7,  135
  344,20190909,    8,  144
  344,20190909,    9,  142
  344,20190909,   10,  153
  344,20190909,   11,  156
  344,20190909,   12,  170
  344,20190909,   13,  179
  344,20190909,   14,  185
  344,20190909,   15,  166
  344,20190909,   16,  161
  344,20190909,   17,  163
  344,20190909,   18,  142
  344,20190909,   19,  115
  344,20190909,   20,  103
  344,20190909,   21,  104
  344,20190909,   22,   90
  344,20190909,   23,   91
  344,20190909,   24,   81
  344,20190910,    1,   75
  344,20190910,    2,   72
  344,20190910,    3,   75
  344,20190910,    4,   82
  344,20190910,    5,   91
  344,20190910,    6,   99
  344,20190910,    7,  123
  344,20190910,    8,  146
  344,20190910,    9,  160
  344,20190910,   10,  177
  344,20190910,   11,  179
  344,20190910,   12,  184
  344,20190910,   13,  187
  344,20190910,   14,  178
  344,20190910,   15,  176
  344,20190910,   16,  175
  344,20190910,   17,  176
  344,20190910,   18,  147
  344,20190910,   19,  141
  344,20190910,   20,  128
  344,20190910,   21,  135
  344,20190910,   22,  122
  344,20190910,   23,  146
  344,20190910,   24,  145
  344,20190911,    1,  138
  344,20190911,    2,  139
  344,20190911,    3,  141
  344,20190911,    4,  144
  344,20190911,    5,  147
  344,20190911,    6,  153
  344,20190911,    7,  156
  344,20190911,    8,  153
  344,20190911,    9,  151
  344,20190911,   10,  155
  344,20190911,   11,  161
  344,20190911,   12,  155
  344,20190911,   13,  154
  344,20190911,   14,  156
  344,20190911,   15,  162
  344,20190911,   16,  170
  344,20190911,   17,  170
  344,20190911,   18,  175
  344,20190911,   19,  179
  344,20190911,   20,  179
  344,20190911,   21,  178
  344,20190911,   22,  180
  344,20190911,   23,  177
  344,20190911,   24,  168
  344,20190912,    1,  166
  344,20190912,    2,  165
  344,20190912,    3,  172
  344,20190912,    4,  170
  344,20190912,    5,  159
  344,20190912,    6,  157
  344,20190912,    7,  174
  344,20190912,    8,  174
  344,20190912,    9,  198
  344,20190912,   10,  200
  344,20190912,   11,  201
  344,20190912,   12,  199
  344,20190912,   13,  206
  344,20190912,   14,  206
  344,20190912,   15,  204
  344,20190912,   16,  200
  344,20190912,   17,  199
  344,20190912,   18,  191
  344,20190912,   19,  186
  344,20190912,   20,  183
  344,20190912,   21,  183
  344,20190912,   22,  182
  344,20190912,   23,  181
  344,20190912,   24,  182
  344,20190913,    1,  183
  344,20190913,    2,  182
  344,20190913,    3,  183
  344,20190913,    4,  183
  344,20190913,    5,  176
  344,20190913,    6,  173
  344,20190913,    7,  174
  344,20190913,    8,  180
  344,20190913,    9,  188
  344,20190913,   10,  195
  344,20190913,   11,  191
  344,20190913,   12,  187
  344,20190913,   13,  192
  344,20190913,   14,  190
  344,20190913,   15,  192
  344,20190913,   16,  182
  344,20190913,   17,  169
  344,20190913,   18,  152
  344,20190913,   19,  131
  344,20190913,   20,  122
  344,20190913,   21,  116
  344,20190913,   22,  119
  344,20190913,   23,  129
  344,20190913,   24,  115
  344,20190914,    1,  112
  344,20190914,    2,   99
  344,20190914,    3,   94
  344,20190914,    4,   97
  344,20190914,    5,   90
  344,20190914,    6,   99
  344,20190914,    7,  126
  344,20190914,    8,  147
  344,20190914,    9,  169
  344,20190914,   10,  181
  344,20190914,   11,  189
  344,20190914,   12,  190
  344,20190914,   13,  196
  344,20190914,   14,  196
  344,20190914,   15,  197
  344,20190914,   16,  191
  344,20190914,   17,  187
  344,20190914,   18,  149
  344,20190914,   19,  147
  344,20190914,   20,  132
  344,20190914,   21,  127
  344,20190914,   22,  115
  344,20190914,   23,   93
  344,20190914,   24,   94
  344,20190915,    1,  100
  344,20190915,    2,  125
  344,20190915,    3,   94
  344,20190915,    4,   95
  344,20190915,    5,  110
  344,20190915,    6,  141
  344,20190915,    7,  163
  344,20190915,    8,  170
  344,20190915,    9,  193
  344,20190915,   10,  204
  344,20190915,   11,  209
  344,20190915,   12,  209
  344,20190915,   13,  205
  344,20190915,   14,  212
  344,20190915,   15,  195
  344,20190915,   16,  187
  344,20190915,   17,  180
  344,20190915,   18,  160
  344,20190915,   19,  145
  344,20190915,   20,  148
  344,20190915,   21,  153
  344,20190915,   22,  152
  344,20190915,   23,  141
  344,20190915,   24,  146
  344,20190916,    1,  155
  344,20190916,    2,  153
  344,20190916,    3,  154
  344,20190916,    4,  141
  344,20190916,    5,  138
  344,20190916,    6,  139
  344,20190916,    7,  137
  344,20190916,    8,  139
  344,20190916,    9,  141
  344,20190916,   10,  144
  344,20190916,   11,  151
  344,20190916,   12,  159
  344,20190916,   13,  160
  344,20190916,   14,  164
  344,20190916,   15,  168
  344,20190916,   16,  161
  344,20190916,   17,  157
  344,20190916,   18,  150
  344,20190916,   19,  141
  344,20190916,   20,  116
  344,20190916,   21,  134
  344,20190916,   22,  134
  344,20190916,   23,  111
  344,20190916,   24,   93
  344,20190917,    1,   94
  344,20190917,    2,   93
  344,20190917,    3,   83
  344,20190917,    4,   90
  344,20190917,    5,   88
  344,20190917,    6,  113
  344,20190917,    7,  136
  344,20190917,    8,  158
  344,20190917,    9,  167
  344,20190917,   10,  175
  344,20190917,   11,  165
  344,20190917,   12,  175
  344,20190917,   13,  179
  344,20190917,   14,  165
  344,20190917,   15,  151
  344,20190917,   16,  147
  344,20190917,   17,  138
  344,20190917,   18,  129
  344,20190917,   19,  129
  344,20190917,   20,  131
  344,20190917,   21,  115
  344,20190917,   22,  113
  344,20190917,   23,  120
  344,20190917,   24,  113
  344,20190918,    1,   85
  344,20190918,    2,   88
  344,20190918,    3,   81
  344,20190918,    4,   96
  344,20190918,    5,   73
  344,20190918,    6,   92
  344,20190918,    7,  116
  344,20190918,    8,  155
  344,20190918,    9,  156
  344,20190918,   10,  152
  344,20190918,   11,  146
  344,20190918,   12,  158
  344,20190918,   13,  170
  344,20190918,   14,  163
  344,20190918,   15,  154
  344,20190918,   16,  151
  344,20190918,   17,  145
  344,20190918,   18,  128
  344,20190918,   19,  110
  344,20190918,   20,  119
  344,20190918,   21,  127
  344,20190918,   22,  123
  344,20190918,   23,  116
  344,20190918,   24,  116
  344,20190919,    1,  117
  344,20190919,    2,  115
  344,20190919,    3,  113
  344,20190919,    4,  111
  344,20190919,    5,  110
  344,20190919,    6,  113
  344,20190919,    7,  123
  344,20190919,    8,  129
  344,20190919,    9,  130
  344,20190919,   10,  135
  344,20190919,   11,  151
  344,20190919,   12,  152
  344,20190919,   13,  164
  344,20190919,   14,  164
  344,20190919,   15,  161
  344,20190919,   16,  161
  344,20190919,   17,  153
  344,20190919,   18,  131
  344,20190919,   19,  116
  344,20190919,   20,  112
  344,20190919,   21,  101
  344,20190919,   22,   93
  344,20190919,   23,   79
  344,20190919,   24,   69
  344,20190920,    1,   68
  344,20190920,    2,   64
  344,20190920,    3,   69
  344,20190920,    4,   72
  344,20190920,    5,   65
  344,20190920,    6,   76
  344,20190920,    7,   98
  344,20190920,    8,  130
  344,20190920,    9,  151
  344,20190920,   10,  159
  344,20190920,   11,  167
  344,20190920,   12,  174
  344,20190920,   13,  180
  344,20190920,   14,  181
  344,20190920,   15,  184
  344,20190920,   16,  180
  344,20190920,   17,  172
  344,20190920,   18,  141
  344,20190920,   19,  123
  344,20190920,   20,  135
  344,20190920,   21,  137
  344,20190920,   22,  124
  344,20190920,   23,  120
  344,20190920,   24,  111
  344,20190921,    1,  111
  344,20190921,    2,  104
  344,20190921,    3,  102
  344,20190921,    4,  104
  344,20190921,    5,   96
  344,20190921,    6,   98
  344,20190921,    7,  114
  344,20190921,    8,  135
  344,20190921,    9,  160
  344,20190921,   10,  178
  344,20190921,   11,  202
  344,20190921,   12,  213
  344,20190921,   13,  227
  344,20190921,   14,  232
  344,20190921,   15,  237
  344,20190921,   16,  233
  344,20190921,   17,  223
  344,20190921,   18,  208
  344,20190921,   19,  192
  344,20190921,   20,  176
  344,20190921,   21,  172
  344,20190921,   22,  175
  344,20190921,   23,  164
  344,20190921,   24,  152
  344,20190922,    1,  142
  344,20190922,    2,  141
  344,20190922,    3,  141
  344,20190922,    4,  136
  344,20190922,    5,  132
  344,20190922,    6,  135
  344,20190922,    7,  149
  344,20190922,    8,  167
  344,20190922,    9,  198
  344,20190922,   10,  220
  344,20190922,   11,  235
  344,20190922,   12,  253
  344,20190922,   13,  263
  344,20190922,   14,  262
  344,20190922,   15,  257
  344,20190922,   16,  246
  344,20190922,   17,  236
  344,20190922,   18,  173
  344,20190922,   19,  169
  344,20190922,   20,  163
  344,20190922,   21,  163
  344,20190922,   22,  163
  344,20190922,   23,  164
  344,20190922,   24,  161
  344,20190923,    1,  161
  344,20190923,    2,  160
  344,20190923,    3,  161
  344,20190923,    4,  161
  344,20190923,    5,  161
  344,20190923,    6,  161
  344,20190923,    7,  162
  344,20190923,    8,  165
  344,20190923,    9,  169
  344,20190923,   10,  171
  344,20190923,   11,  172
  344,20190923,   12,  170
  344,20190923,   13,  192
  344,20190923,   14,  192
  344,20190923,   15,  190
  344,20190923,   16,  184
  344,20190923,   17,  179
  344,20190923,   18,  158
  344,20190923,   19,  147
  344,20190923,   20,  133
  344,20190923,   21,  159
  344,20190923,   22,  163
  344,20190923,   23,  162
  344,20190923,   24,  158
  344,20190924,    1,  161
  344,20190924,    2,  163
  344,20190924,    3,  158
  344,20190924,    4,  159
  344,20190924,    5,  157
  344,20190924,    6,  158
  344,20190924,    7,  158
  344,20190924,    8,  162
  344,20190924,    9,  158
  344,20190924,   10,  167
  344,20190924,   11,  179
  344,20190924,   12,  179
  344,20190924,   13,  163
  344,20190924,   14,  166
  344,20190924,   15,  156
  344,20190924,   16,  153
  344,20190924,   17,  152
  344,20190924,   18,  149
  344,20190924,   19,  151
  344,20190924,   20,  151
  344,20190924,   21,  149
  344,20190924,   22,  150
  344,20190924,   23,  153
  344,20190924,   24,  152
  344,20190925,    1,  147
  344,20190925,    2,  145
  344,20190925,    3,  146
  344,20190925,    4,  147
  344,20190925,    5,  146
  344,20190925,    6,  147
  344,20190925,    7,  146
  344,20190925,    8,  149
  344,20190925,    9,  156
  344,20190925,   10,  159
  344,20190925,   11,  165
  344,20190925,   12,  172
  344,20190925,   13,  170
  344,20190925,   14,  170
  344,20190925,   15,  173
  344,20190925,   16,  168
  344,20190925,   17,  160
  344,20190925,   18,  159
  344,20190925,   19,  160
  344,20190925,   20,  163
  344,20190925,   21,  163
  344,20190925,   22,  163
  344,20190925,   23,  160
  344,20190925,   24,  159
  344,20190926,    1,  161
  344,20190926,    2,  157
  344,20190926,    3,  157
  344,20190926,    4,  153
  344,20190926,    5,  153
  344,20190926,    6,  155
  344,20190926,    7,  158
  344,20190926,    8,  158
  344,20190926,    9,  160
  344,20190926,   10,  162
  344,20190926,   11,  168
  344,20190926,   12,  175
  344,20190926,   13,  181
  344,20190926,   14,  178
  344,20190926,   15,  183
  344,20190926,   16,  184
  344,20190926,   17,  178
  344,20190926,   18,  158
  344,20190926,   19,  157
  344,20190926,   20,  156
  344,20190926,   21,  156
  344,20190926,   22,  154
  344,20190926,   23,  152
  344,20190926,   24,  149
  344,20190927,    1,  147
  344,20190927,    2,  146
  344,20190927,    3,  144
  344,20190927,    4,  143
  344,20190927,    5,  144
  344,20190927,    6,  143
  344,20190927,    7,  149
  344,20190927,    8,  153
  344,20190927,    9,  161
  344,20190927,   10,  166
  344,20190927,   11,  164
  344,20190927,   12,  174
  344,20190927,   13,  179
  344,20190927,   14,  180
  344,20190927,   15,  156
  344,20190927,   16,  163
  344,20190927,   17,  166
  344,20190927,   18,  157
  344,20190927,   19,  161
  344,20190927,   20,  161
  344,20190927,   21,  157
  344,20190927,   22,  153
  344,20190927,   23,  150
  344,20190927,   24,  149
  344,20190928,    1,  144
  344,20190928,    2,  144
  344,20190928,    3,  143
  344,20190928,    4,  142
  344,20190928,    5,  142
  344,20190928,    6,  142
  344,20190928,    7,  142
  344,20190928,    8,  149
  344,20190928,    9,  157
  344,20190928,   10,  157
  344,20190928,   11,  149
  344,20190928,   12,  165
  344,20190928,   13,  172
  344,20190928,   14,  174
  344,20190928,   15,  174
  344,20190928,   16,  171
  344,20190928,   17,  165
  344,20190928,   18,  162
  344,20190928,   19,  163
  344,20190928,   20,  157
  344,20190928,   21,  153
  344,20190928,   22,  150
  344,20190928,   23,  152
  344,20190928,   24,  148
  344,20190929,    1,  145
  344,20190929,    2,  139
  344,20190929,    3,  138
  344,20190929,    4,  139
  344,20190929,    5,  143
  344,20190929,    6,  139
  344,20190929,    7,  138
  344,20190929,    8,  135
  344,20190929,    9,  140
  344,20190929,   10,  153
  344,20190929,   11,  159
  344,20190929,   12,  162
  344,20190929,   13,  163
  344,20190929,   14,  165
  344,20190929,   15,  173
  344,20190929,   16,  169
  344,20190929,   17,  171
  344,20190929,   18,  170
  344,20190929,   19,  161
  344,20190929,   20,  167
  344,20190929,   21,  172
  344,20190929,   22,  158
  344,20190929,   23,  149
  344,20190929,   24,  143
  344,20190930,    1,  148
  344,20190930,    2,  144
  344,20190930,    3,  144
  344,20190930,    4,  147
  344,20190930,    5,  138
  344,20190930,    6,  132
  344,20190930,    7,  143
  344,20190930,    8,  150
  344,20190930,    9,  152
  344,20190930,   10,  159
  344,20190930,   11,  155
  344,20190930,   12,  159
  344,20190930,   13,  156
  344,20190930,   14,  159
  344,20190930,   15,  158
  344,20190930,   16,  154
  344,20190930,   17,  148
  344,20190930,   18,  142
  344,20190930,   19,  150
  344,20190930,   20,  149
  344,20190930,   21,  146
  344,20190930,   22,  145
  344,20190930,   23,  143
  344,20190930,   24,  139
  344,20191001,    1,  143
  344,20191001,    2,  146
  344,20191001,    3,  156
  344,20191001,    4,  163
  344,20191001,    5,  164
  344,20191001,    6,  164
  344,20191001,    7,  162
  344,20191001,    8,  167
  344,20191001,    9,  171
  344,20191001,   10,  173
  344,20191001,   11,  172
  344,20191001,   12,  178
  344,20191001,   13,  179
  344,20191001,   14,  165
  344,20191001,   15,  172
  344,20191001,   16,  172
  344,20191001,   17,  164
  344,20191001,   18,  162
  344,20191001,   19,  159
  344,20191001,   20,  125
  344,20191001,   21,  117
  344,20191001,   22,  113
  344,20191001,   23,  109
  344,20191001,   24,  108
  344,20191002,    1,  111
  344,20191002,    2,   99
  344,20191002,    3,  101
  344,20191002,    4,   89
  344,20191002,    5,   85
  344,20191002,    6,   97
  344,20191002,    7,   93
  344,20191002,    8,   98
  344,20191002,    9,  113
  344,20191002,   10,  136
  344,20191002,   11,  137
  344,20191002,   12,  109
  344,20191002,   13,  138
  344,20191002,   14,  126
  344,20191002,   15,  122
  344,20191002,   16,  105
  344,20191002,   17,  103
  344,20191002,   18,  102
  344,20191002,   19,  102
  344,20191002,   20,  109
  344,20191002,   21,  102
  344,20191002,   22,  106
  344,20191002,   23,  108
  344,20191002,   24,  103
  344,20191003,    1,  101
  344,20191003,    2,  111
  344,20191003,    3,  110
  344,20191003,    4,  109
  344,20191003,    5,   95
  344,20191003,    6,  103
  344,20191003,    7,  111
  344,20191003,    8,  124
  344,20191003,    9,  122
  344,20191003,   10,  137
  344,20191003,   11,  129
  344,20191003,   12,  143
  344,20191003,   13,  116
  344,20191003,   14,  118
  344,20191003,   15,  137
  344,20191003,   16,  128
  344,20191003,   17,  111
  344,20191003,   18,  107
  344,20191003,   19,  105
  344,20191003,   20,  113
  344,20191003,   21,  115
  344,20191003,   22,  111
  344,20191003,   23,  105
  344,20191003,   24,  103
  344,20191004,    1,  103
  344,20191004,    2,  103
  344,20191004,    3,   98
  344,20191004,    4,   88
  344,20191004,    5,   84
  344,20191004,    6,   89
  344,20191004,    7,   93
  344,20191004,    8,  100
  344,20191004,    9,  120
  344,20191004,   10,  136
  344,20191004,   11,  150
  344,20191004,   12,  151
  344,20191004,   13,  149
  344,20191004,   14,  142
  344,20191004,   15,  134
  344,20191004,   16,  134
  344,20191004,   17,  135
  344,20191004,   18,  126
  344,20191004,   19,  113
  344,20191004,   20,  110
  344,20191004,   21,  107
  344,20191004,   22,   96
  344,20191004,   23,   89
  344,20191004,   24,   81
  344,20191005,    1,   77
  344,20191005,    2,   53
  344,20191005,    3,   63
  344,20191005,    4,   55
  344,20191005,    5,   58
  344,20191005,    6,   58
  344,20191005,    7,   77
  344,20191005,    8,   87
  344,20191005,    9,   96
  344,20191005,   10,  106
  344,20191005,   11,  112
  344,20191005,   12,  120
  344,20191005,   13,  124
  344,20191005,   14,  127
  344,20191005,   15,  133
  344,20191005,   16,  121
  344,20191005,   17,  117
  344,20191005,   18,  112
  344,20191005,   19,  105
  344,20191005,   20,  101
  344,20191005,   21,  101
  344,20191005,   22,  101
  344,20191005,   23,  102
  344,20191005,   24,   98
  344,20191006,    1,   98
  344,20191006,    2,  102
  344,20191006,    3,  101
  344,20191006,    4,  100
  344,20191006,    5,   95
  344,20191006,    6,   91
  344,20191006,    7,   90
  344,20191006,    8,   89
  344,20191006,    9,   90
  344,20191006,   10,   94
  344,20191006,   11,   96
  344,20191006,   12,   97
  344,20191006,   13,   94
  344,20191006,   14,   94
  344,20191006,   15,   96
  344,20191006,   16,   96
  344,20191006,   17,   96
  344,20191006,   18,   97
  344,20191006,   19,   96
  344,20191006,   20,   93
  344,20191006,   21,   90
  344,20191006,   22,   88
  344,20191006,   23,   88
  344,20191006,   24,   88
  344,20191007,    1,   89
  344,20191007,    2,   89
  344,20191007,    3,   89
  344,20191007,    4,   87
  344,20191007,    5,   84
  344,20191007,    6,   82
  344,20191007,    7,   85
  344,20191007,    8,   90
  344,20191007,    9,   95
  344,20191007,   10,  100
  344,20191007,   11,  104
  344,20191007,   12,  106
  344,20191007,   13,  112
  344,20191007,   14,  114
  344,20191007,   15,  115
  344,20191007,   16,  116
  344,20191007,   17,  115
  344,20191007,   18,  115
  344,20191007,   19,  116
  344,20191007,   20,  117
  344,20191007,   21,  122
  344,20191007,   22,  124
  344,20191007,   23,  126
  344,20191007,   24,  126
  344,20191008,    1,  127
  344,20191008,    2,  129
  344,20191008,    3,  130
  344,20191008,    4,  132
  344,20191008,    5,  135
  344,20191008,    6,  134
  344,20191008,    7,  135
  344,20191008,    8,  143
  344,20191008,    9,  148
  344,20191008,   10,  153
  344,20191008,   11,  150
  344,20191008,   12,  147
  344,20191008,   13,  150
  344,20191008,   14,  150
  344,20191008,   15,  151
  344,20191008,   16,  150
  344,20191008,   17,  139
  344,20191008,   18,  138
  344,20191008,   19,  140
  344,20191008,   20,  120
  344,20191008,   21,  116
  344,20191008,   22,  120
  344,20191008,   23,  132
  344,20191008,   24,  134
  344,20191009,    1,  122
  344,20191009,    2,  122
  344,20191009,    3,  117
  344,20191009,    4,  116
  344,20191009,    5,  114
  344,20191009,    6,  115
  344,20191009,    7,  119
  344,20191009,    8,  125
  344,20191009,    9,  125
  344,20191009,   10,  121
  344,20191009,   11,  138
  344,20191009,   12,  137
  344,20191009,   13,  135
  344,20191009,   14,  139
  344,20191009,   15,  130
  344,20191009,   16,  121
  344,20191009,   17,  121
  344,20191009,   18,  117
  344,20191009,   19,  125
  344,20191009,   20,  122
  344,20191009,   21,  120
  344,20191009,   22,  117
  344,20191009,   23,  113
  344,20191009,   24,  108
  344,20191010,    1,  110
  344,20191010,    2,  109
  344,20191010,    3,  105
  344,20191010,    4,  110
  344,20191010,    5,  105
  344,20191010,    6,  101
  344,20191010,    7,  113
  344,20191010,    8,  128
  344,20191010,    9,  139
  344,20191010,   10,  143
  344,20191010,   11,  154
  344,20191010,   12,  133
  344,20191010,   13,  144
  344,20191010,   14,  154
  344,20191010,   15,  144
  344,20191010,   16,  142
  344,20191010,   17,  138
  344,20191010,   18,  142
  344,20191010,   19,  142
  344,20191010,   20,  140
  344,20191010,   21,  139
  344,20191010,   22,  141
  344,20191010,   23,  142
  344,20191010,   24,  139
  344,20191011,    1,  141
  344,20191011,    2,  144
  344,20191011,    3,  142
  344,20191011,    4,  144
  344,20191011,    5,  141
  344,20191011,    6,  138
  344,20191011,    7,  140
  344,20191011,    8,  141
  344,20191011,    9,  143
  344,20191011,   10,  143
  344,20191011,   11,  147
  344,20191011,   12,  144
  344,20191011,   13,  144
  344,20191011,   14,  143
  344,20191011,   15,  146
  344,20191011,   16,  150
  344,20191011,   17,  158
  344,20191011,   18,  160
  344,20191011,   19,  162
  344,20191011,   20,  166
  344,20191011,   21,  163
  344,20191011,   22,  165
  344,20191011,   23,  167
  344,20191011,   24,  167
  344,20191012,    1,  165
  344,20191012,    2,  133
  344,20191012,    3,  124
  344,20191012,    4,  124
  344,20191012,    5,  123
  344,20191012,    6,  123
  344,20191012,    7,  123
  344,20191012,    8,  122
  344,20191012,    9,  125
  344,20191012,   10,  121
  344,20191012,   11,  121
  344,20191012,   12,  120
  344,20191012,   13,  122
  344,20191012,   14,  118
  344,20191012,   15,  119
  344,20191012,   16,  117
  344,20191012,   17,  118
  344,20191012,   18,  119
  344,20191012,   19,  117
  344,20191012,   20,  118
  344,20191012,   21,  118
  344,20191012,   22,  118
  344,20191012,   23,  119
  344,20191012,   24,  120
  344,20191013,    1,  119
  344,20191013,    2,  117
  344,20191013,    3,  118
  344,20191013,    4,  134
  344,20191013,    5,  140
  344,20191013,    6,  145
  344,20191013,    7,  153
  344,20191013,    8,  161
  344,20191013,    9,  167
  344,20191013,   10,  182
  344,20191013,   11,  189
  344,20191013,   12,  216
  344,20191013,   13,  209
  344,20191013,   14,  206
  344,20191013,   15,  203
  344,20191013,   16,  199
  344,20191013,   17,  168
  344,20191013,   18,  158
  344,20191013,   19,  156
  344,20191013,   20,  155
  344,20191013,   21,  150
  344,20191013,   22,  144
  344,20191013,   23,  137
  344,20191013,   24,  127
  344,20191014,    1,  119
  344,20191014,    2,  123
  344,20191014,    3,  119
  344,20191014,    4,  115
  344,20191014,    5,  113
  344,20191014,    6,  125
  344,20191014,    7,  127
  344,20191014,    8,  135
  344,20191014,    9,  139
  344,20191014,   10,  146
  344,20191014,   11,  148
  344,20191014,   12,  158
  344,20191014,   13,  155
  344,20191014,   14,  161
  344,20191014,   15,  166
  344,20191014,   16,  161
  344,20191014,   17,  164
  344,20191014,   18,  163
  344,20191014,   19,  171
  344,20191014,   20,  177
  344,20191014,   21,  181
  344,20191014,   22,  177
  344,20191014,   23,  174
  344,20191014,   24,  169
  344,20191015,    1,  164
  344,20191015,    2,  163
  344,20191015,    3,  156
  344,20191015,    4,  155
  344,20191015,    5,  153
  344,20191015,    6,  151
  344,20191015,    7,  148
  344,20191015,    8,  153
  344,20191015,    9,  154
  344,20191015,   10,  154
  344,20191015,   11,  157
  344,20191015,   12,  161
  344,20191015,   13,  159
  344,20191015,   14,  155
  344,20191015,   15,  153
  344,20191015,   16,  150
  344,20191015,   17,  143
  344,20191015,   18,  138
  344,20191015,   19,  136
  344,20191015,   20,  139
  344,20191015,   21,  138
  344,20191015,   22,  129
  344,20191015,   23,  131
  344,20191015,   24,  126
  344,20191016,    1,  127
  344,20191016,    2,  121
  344,20191016,    3,  112
  344,20191016,    4,  110
  344,20191016,    5,  114
  344,20191016,    6,  111
  344,20191016,    7,  111
  344,20191016,    8,  122
  344,20191016,    9,  132
  344,20191016,   10,  136
  344,20191016,   11,  134
  344,20191016,   12,  134
  344,20191016,   13,  137
  344,20191016,   14,  144
  344,20191016,   15,  146
  344,20191016,   16,  144
  344,20191016,   17,  146
  344,20191016,   18,  146
  344,20191016,   19,  146
  344,20191016,   20,  145
  344,20191016,   21,  145
  344,20191016,   22,  144
  344,20191016,   23,  143
  344,20191016,   24,  142
  344,20191017,    1,  129
  344,20191017,    2,  128
  344,20191017,    3,  126
  344,20191017,    4,  125
  344,20191017,    5,  117
  344,20191017,    6,  112
  344,20191017,    7,  119
  344,20191017,    8,  133
  344,20191017,    9,  145
  344,20191017,   10,  147
  344,20191017,   11,  155
  344,20191017,   12,  146
  344,20191017,   13,  149
  344,20191017,   14,  156
  344,20191017,   15,  150
  344,20191017,   16,  143
  344,20191017,   17,  130
  344,20191017,   18,  120
  344,20191017,   19,  119
  344,20191017,   20,  123
  344,20191017,   21,  127
  344,20191017,   22,  127
  344,20191017,   23,  127
  344,20191017,   24,  126
  344,20191018,    1,  126
  344,20191018,    2,  126
  344,20191018,    3,  129
  344,20191018,    4,  131
  344,20191018,    5,  132
  344,20191018,    6,  129
  344,20191018,    7,  133
  344,20191018,    8,  133
  344,20191018,    9,  138
  344,20191018,   10,  139
  344,20191018,   11,  135
  344,20191018,   12,  138
  344,20191018,   13,  136
  344,20191018,   14,  132
  344,20191018,   15,  130
  344,20191018,   16,  124
  344,20191018,   17,  123
  344,20191018,   18,  119
  344,20191018,   19,  126
  344,20191018,   20,  107
  344,20191018,   21,  109
  344,20191018,   22,  116
  344,20191018,   23,  118
  344,20191018,   24,  116
  344,20191019,    1,  116
  344,20191019,    2,  109
  344,20191019,    3,  110
  344,20191019,    4,  113
  344,20191019,    5,  118
  344,20191019,    6,  117
  344,20191019,    7,  117
  344,20191019,    8,  123
  344,20191019,    9,  132
  344,20191019,   10,  132
  344,20191019,   11,  138
  344,20191019,   12,  134
  344,20191019,   13,  139
  344,20191019,   14,  140
  344,20191019,   15,  142
  344,20191019,   16,  136
  344,20191019,   17,  131
  344,20191019,   18,  122
  344,20191019,   19,  114
  344,20191019,   20,  113
  344,20191019,   21,  110
  344,20191019,   22,  112
  344,20191019,   23,  110
  344,20191019,   24,  109
  344,20191020,    1,  106
  344,20191020,    2,  106
  344,20191020,    3,   96
  344,20191020,    4,   97
  344,20191020,    5,   92
  344,20191020,    6,   99
  344,20191020,    7,  103
  344,20191020,    8,  114
  344,20191020,    9,  122
  344,20191020,   10,  129
  344,20191020,   11,  134
  344,20191020,   12,  134
  344,20191020,   13,  136
  344,20191020,   14,  140
  344,20191020,   15,  135
  344,20191020,   16,  131
  344,20191020,   17,  128
  344,20191020,   18,  125
  344,20191020,   19,  121
  344,20191020,   20,  118
  344,20191020,   21,  115
  344,20191020,   22,  116
  344,20191020,   23,  119
  344,20191020,   24,  118
  344,20191021,    1,  117
  344,20191021,    2,  110
  344,20191021,    3,  111
  344,20191021,    4,  110
  344,20191021,    5,  110
  344,20191021,    6,  109
  344,20191021,    7,  112
  344,20191021,    8,  112
  344,20191021,    9,  114
  344,20191021,   10,  119
  344,20191021,   11,  141
  344,20191021,   12,  144
  344,20191021,   13,  136
  344,20191021,   14,  131
  344,20191021,   15,  130
  344,20191021,   16,  127
  344,20191021,   17,  125
  344,20191021,   18,  123
  344,20191021,   19,  121
  344,20191021,   20,  119
  344,20191021,   21,  117
  344,20191021,   22,  110
  344,20191021,   23,  115
  344,20191021,   24,  118
  344,20191022,    1,  119
  344,20191022,    2,  120
  344,20191022,    3,  121
  344,20191022,    4,  122
  344,20191022,    5,  122
  344,20191022,    6,  125
  344,20191022,    7,  128
  344,20191022,    8,  133
  344,20191022,    9,  142
  344,20191022,   10,  138
  344,20191022,   11,  142
  344,20191022,   12,  149
  344,20191022,   13,  137
  344,20191022,   14,  133
  344,20191022,   15,  132
  344,20191022,   16,  123
  344,20191022,   17,  107
  344,20191022,   18,  101
  344,20191022,   19,   84
  344,20191022,   20,   75
  344,20191022,   21,   66
  344,20191022,   22,   66
  344,20191022,   23,   49
  344,20191022,   24,   61
  344,20191023,    1,   58
  344,20191023,    2,   60
  344,20191023,    3,   75
  344,20191023,    4,   79
  344,20191023,    5,   85
  344,20191023,    6,   87
  344,20191023,    7,   98
  344,20191023,    8,  106
  344,20191023,    9,  115
  344,20191023,   10,  124
  344,20191023,   11,  131
  344,20191023,   12,  146
  344,20191023,   13,  143
  344,20191023,   14,  150
  344,20191023,   15,  143
  344,20191023,   16,  138
  344,20191023,   17,  134
  344,20191023,   18,  135
  344,20191023,   19,  127
  344,20191023,   20,  129
  344,20191023,   21,  127
  344,20191023,   22,  127
  344,20191023,   23,  118
  344,20191023,   24,  130
  344,20191024,    1,  133
  344,20191024,    2,  131
  344,20191024,    3,  122
  344,20191024,    4,  134
  344,20191024,    5,  133
  344,20191024,    6,  136
  344,20191024,    7,  136
  344,20191024,    8,  144
  344,20191024,    9,  145
  344,20191024,   10,  148
  344,20191024,   11,  170
  344,20191024,   12,  185
  344,20191024,   13,  190
  344,20191024,   14,  188
  344,20191024,   15,  181
  344,20191024,   16,  172
  344,20191024,   17,  165
  344,20191024,   18,  157
  344,20191024,   19,  134
  344,20191024,   20,  126
  344,20191024,   21,  136
  344,20191024,   22,  135
  344,20191024,   23,  129
  344,20191024,   24,  127
  344,20191025,    1,  124
  344,20191025,    2,  122
  344,20191025,    3,  126
  344,20191025,    4,  124
  344,20191025,    5,  123
  344,20191025,    6,  123
  344,20191025,    7,  122
  344,20191025,    8,  123
  344,20191025,    9,  134
  344,20191025,   10,  130
  344,20191025,   11,  136
  344,20191025,   12,  141
  344,20191025,   13,  150
  344,20191025,   14,  148
  344,20191025,   15,  149
  344,20191025,   16,  149
  344,20191025,   17,  145
  344,20191025,   18,  151
  344,20191025,   19,  153
  344,20191025,   20,  152
  344,20191025,   21,  151
  344,20191025,   22,  151
  344,20191025,   23,  152
  344,20191025,   24,  152
  344,20191026,    1,  150
  344,20191026,    2,  155
  344,20191026,    3,  152
  344,20191026,    4,  150
  344,20191026,    5,  149
  344,20191026,    6,  150
  344,20191026,    7,  152
  344,20191026,    8,  151
  344,20191026,    9,  156
  344,20191026,   10,  169
  344,20191026,   11,  175
  344,20191026,   12,  181
  344,20191026,   13,  188
  344,20191026,   14,  179
  344,20191026,   15,  176
  344,20191026,   16,  179
  344,20191026,   17,  177
  344,20191026,   18,  170
  344,20191026,   19,  176
  344,20191026,   20,  152
  344,20191026,   21,  150
  344,20191026,   22,  153
  344,20191026,   23,  116
  344,20191026,   24,  105
  344,20191027,    1,   99
  344,20191027,    2,  100
  344,20191027,    3,   95
  344,20191027,    4,   95
  344,20191027,    5,   89
  344,20191027,    6,   87
  344,20191027,    7,   84
  344,20191027,    8,   93
  344,20191027,    9,  110
  344,20191027,   10,  112
  344,20191027,   11,  112
  344,20191027,   12,  116
  344,20191027,   13,  109
  344,20191027,   14,  115
  344,20191027,   15,  105
  344,20191027,   16,   92
  344,20191027,   17,   77
  344,20191027,   18,   62
  344,20191027,   19,   75
  344,20191027,   20,   65
  344,20191027,   21,   63
  344,20191027,   22,   67
  344,20191027,   23,   77
  344,20191027,   24,   58
  344,20191028,    1,   54
  344,20191028,    2,   52
  344,20191028,    3,   44
  344,20191028,    4,   46
  344,20191028,    5,   47
  344,20191028,    6,   42
  344,20191028,    7,   50
  344,20191028,    8,   83
  344,20191028,    9,  107
  344,20191028,   10,  121
  344,20191028,   11,  122
  344,20191028,   12,  115
  344,20191028,   13,  121
  344,20191028,   14,  119
  344,20191028,   15,  113
  344,20191028,   16,   98
  344,20191028,   17,   90
  344,20191028,   18,   71
  344,20191028,   19,   69
  344,20191028,   20,   56
  344,20191028,   21,   73
  344,20191028,   22,   59
  344,20191028,   23,   49
  344,20191028,   24,   50
  344,20191029,    1,   52
  344,20191029,    2,   55
  344,20191029,    3,   53
  344,20191029,    4,   43
  344,20191029,    5,   33
  344,20191029,    6,   29
  344,20191029,    7,   35
  344,20191029,    8,   61
  344,20191029,    9,   91
  344,20191029,   10,  102
  344,20191029,   11,  107
  344,20191029,   12,  104
  344,20191029,   13,  101
  344,20191029,   14,  109
  344,20191029,   15,  102
  344,20191029,   16,   79
  344,20191029,   17,   69
  344,20191029,   18,   62
  344,20191029,   19,   56
  344,20191029,   20,   42
  344,20191029,   21,   36
  344,20191029,   22,   33
  344,20191029,   23,   31
  344,20191029,   24,   25
  344,20191030,    1,   27
  344,20191030,    2,   22
  344,20191030,    3,   23
  344,20191030,    4,   14
  344,20191030,    5,   16
  344,20191030,    6,   15
  344,20191030,    7,   20
  344,20191030,    8,   20
  344,20191030,    9,   40
  344,20191030,   10,   49
  344,20191030,   11,   74
  344,20191030,   12,   87
  344,20191030,   13,   92
  344,20191030,   14,   93
  344,20191030,   15,   89
  344,20191030,   16,   73
  344,20191030,   17,   58
  344,20191030,   18,   52
  344,20191030,   19,   52
  344,20191030,   20,   38
  344,20191030,   21,   21
  344,20191030,   22,   33
  344,20191030,   23,   28
  344,20191030,   24,    2
  344,20191031,    1,    2
  344,20191031,    2,   15
  344,20191031,    3,   12
  344,20191031,    4,   -2
  344,20191031,    5,    6
  344,20191031,    6,   10
  344,20191031,    7,   13
  344,20191031,    8,   24
  344,20191031,    9,   42
  344,20191031,   10,   59
  344,20191031,   11,   74
  344,20191031,   12,   87
  344,20191031,   13,   97
  344,20191031,   14,   91
  344,20191031,   15,   86
  344,20191031,   16,   63
  344,20191031,   17,   46
  344,20191031,   18,   57
  344,20191031,   19,   49
  344,20191031,   20,   47
  344,20191031,   21,   41
  344,20191031,   22,   30
  344,20191031,   23,   32
  344,20191031,   24,   30
  344,20191101,    1,   31
  344,20191101,    2,   31
  344,20191101,    3,   29
  344,20191101,    4,   29
  344,20191101,    5,   46
  344,20191101,    6,   54
  344,20191101,    7,   66
  344,20191101,    8,   71
  344,20191101,    9,   75
  344,20191101,   10,   83
  344,20191101,   11,   89
  344,20191101,   12,   97
  344,20191101,   13,  104
  344,20191101,   14,  108
  344,20191101,   15,  110
  344,20191101,   16,  112
  344,20191101,   17,  114
  344,20191101,   18,  118
  344,20191101,   19,  128
  344,20191101,   20,  131
  344,20191101,   21,  132
  344,20191101,   22,  134
  344,20191101,   23,  139
  344,20191101,   24,  145
  344,20191102,    1,  146
  344,20191102,    2,  144
  344,20191102,    3,  147
  344,20191102,    4,  142
  344,20191102,    5,  139
  344,20191102,    6,  138
  344,20191102,    7,  135
  344,20191102,    8,  135
  344,20191102,    9,  106
  344,20191102,   10,  107
  344,20191102,   11,  127
  344,20191102,   12,  129
  344,20191102,   13,  133
  344,20191102,   14,  137
  344,20191102,   15,  134
  344,20191102,   16,  132
  344,20191102,   17,  129
  344,20191102,   18,  126
  344,20191102,   19,  126
  344,20191102,   20,  114
  344,20191102,   21,  117
  344,20191102,   22,  118
  344,20191102,   23,  114
  344,20191102,   24,  113
  344,20191103,    1,  114
  344,20191103,    2,  106
  344,20191103,    3,  102
  344,20191103,    4,  102
  344,20191103,    5,   98
  344,20191103,    6,   97
  344,20191103,    7,   87
  344,20191103,    8,   95
  344,20191103,    9,  104
  344,20191103,   10,  111
  344,20191103,   11,  116
  344,20191103,   12,  122
  344,20191103,   13,  119
  344,20191103,   14,  116
  344,20191103,   15,  111
  344,20191103,   16,  107
  344,20191103,   17,  103
  344,20191103,   18,  101
  344,20191103,   19,   88
  344,20191103,   20,   91
  344,20191103,   21,   74
  344,20191103,   22,   66
  344,20191103,   23,   88
  344,20191103,   24,   94
  344,20191104,    1,   98
  344,20191104,    2,  101
  344,20191104,    3,   95
  344,20191104,    4,  100
  344,20191104,    5,  104
  344,20191104,    6,  104
  344,20191104,    7,  101
  344,20191104,    8,  100
  344,20191104,    9,  105
  344,20191104,   10,  109
  344,20191104,   11,  109
  344,20191104,   12,  111
  344,20191104,   13,  121
  344,20191104,   14,  125
  344,20191104,   15,  124
  344,20191104,   16,  116
  344,20191104,   17,  107
  344,20191104,   18,  111
  344,20191104,   19,   99
  344,20191104,   20,  107
  344,20191104,   21,  103
  344,20191104,   22,  102
  344,20191104,   23,  101
  344,20191104,   24,   96
  344,20191105,    1,   91
  344,20191105,    2,   90
  344,20191105,    3,   90
  344,20191105,    4,   90
  344,20191105,    5,   92
  344,20191105,    6,   92
  344,20191105,    7,   92
  344,20191105,    8,   95
  344,20191105,    9,   99
  344,20191105,   10,  102
  344,20191105,   11,  104
  344,20191105,   12,  107
  344,20191105,   13,  109
  344,20191105,   14,  108
  344,20191105,   15,  109
  344,20191105,   16,  102
  344,20191105,   17,   89
  344,20191105,   18,   75
  344,20191105,   19,   74
  344,20191105,   20,   87
  344,20191105,   21,   85
  344,20191105,   22,   94
  344,20191105,   23,   91
  344,20191105,   24,   97
  344,20191106,    1,   90
  344,20191106,    2,   86
  344,20191106,    3,   82
  344,20191106,    4,   79
  344,20191106,    5,   84
  344,20191106,    6,   84
  344,20191106,    7,   80
  344,20191106,    8,   80
  344,20191106,    9,   90
  344,20191106,   10,   95
  344,20191106,   11,  104
  344,20191106,   12,   94
  344,20191106,   13,  115
  344,20191106,   14,  109
  344,20191106,   15,   97
  344,20191106,   16,   92
  344,20191106,   17,   83
  344,20191106,   18,   80
  344,20191106,   19,   81
  344,20191106,   20,   78
  344,20191106,   21,   75
  344,20191106,   22,   72
  344,20191106,   23,   69
  344,20191106,   24,   70
  344,20191107,    1,   65
  344,20191107,    2,   50
  344,20191107,    3,   70
  344,20191107,    4,   73
  344,20191107,    5,   77
  344,20191107,    6,   80
  344,20191107,    7,   78
  344,20191107,    8,   79
  344,20191107,    9,   84
  344,20191107,   10,   88
  344,20191107,   11,   90
  344,20191107,   12,   86
  344,20191107,   13,   88
  344,20191107,   14,   83
  344,20191107,   15,   80
  344,20191107,   16,   89
  344,20191107,   17,   93
  344,20191107,   18,   82
  344,20191107,   19,   76
  344,20191107,   20,   76
  344,20191107,   21,   70
  344,20191107,   22,   65
  344,20191107,   23,   61
  344,20191107,   24,   51
  344,20191108,    1,   48
  344,20191108,    2,   44
  344,20191108,    3,   45
  344,20191108,    4,   42
  344,20191108,    5,   40
  344,20191108,    6,   39
  344,20191108,    7,   41
  344,20191108,    8,   46
  344,20191108,    9,   59
  344,20191108,   10,   75
  344,20191108,   11,   87
  344,20191108,   12,   95
  344,20191108,   13,   99
  344,20191108,   14,   90
  344,20191108,   15,   89
  344,20191108,   16,   75
  344,20191108,   17,   71
  344,20191108,   18,   67
  344,20191108,   19,   69
  344,20191108,   20,   68
  344,20191108,   21,   65
  344,20191108,   22,   67
  344,20191108,   23,   69
  344,20191108,   24,   68
  344,20191109,    1,   68
  344,20191109,    2,   71
  344,20191109,    3,   75
  344,20191109,    4,   82
  344,20191109,    5,   83
  344,20191109,    6,   84
  344,20191109,    7,   74
  344,20191109,    8,   77
  344,20191109,    9,   82
  344,20191109,   10,   90
  344,20191109,   11,   95
  344,20191109,   12,   90
  344,20191109,   13,   91
  344,20191109,   14,   88
  344,20191109,   15,   83
  344,20191109,   16,   67
  344,20191109,   17,   67
  344,20191109,   18,   70
  344,20191109,   19,   47
  344,20191109,   20,   31
  344,20191109,   21,   43
  344,20191109,   22,   34
  344,20191109,   23,   28
  344,20191109,   24,   28
  344,20191110,    1,   18
  344,20191110,    2,    4
  344,20191110,    3,   -2
  344,20191110,    4,   -1
  344,20191110,    5,   10
  344,20191110,    6,  -16
  344,20191110,    7,  -18
  344,20191110,    8,   -6
  344,20191110,    9,   29
  344,20191110,   10,   74
  344,20191110,   11,   79
  344,20191110,   12,   87
  344,20191110,   13,   94
  344,20191110,   14,   91
  344,20191110,   15,   86
  344,20191110,   16,   59
  344,20191110,   17,   34
  344,20191110,   18,   25
  344,20191110,   19,   18
  344,20191110,   20,    8
  344,20191110,   21,    7
  344,20191110,   22,   21
  344,20191110,   23,   22
  344,20191110,   24,   31
  344,20191111,    1,   37
  344,20191111,    2,   49
  344,20191111,    3,   50
  344,20191111,    4,   50
  344,20191111,    5,   52
  344,20191111,    6,   58
  344,20191111,    7,   62
  344,20191111,    8,   64
  344,20191111,    9,   69
  344,20191111,   10,   72
  344,20191111,   11,   72
  344,20191111,   12,   63
  344,20191111,   13,   61
  344,20191111,   14,   65
  344,20191111,   15,   69
  344,20191111,   16,   69
  344,20191111,   17,   72
  344,20191111,   18,   72
  344,20191111,   19,   76
  344,20191111,   20,   69
  344,20191111,   21,   65
  344,20191111,   22,   61
  344,20191111,   23,   54
  344,20191111,   24,   53
  344,20191112,    1,   56
  344,20191112,    2,   51
  344,20191112,    3,   61
  344,20191112,    4,   57
  344,20191112,    5,   54
  344,20191112,    6,   50
  344,20191112,    7,   49
  344,20191112,    8,   42
  344,20191112,    9,   47
  344,20191112,   10,   42
  344,20191112,   11,   35
  344,20191112,   12,   63
  344,20191112,   13,   71
  344,20191112,   14,   73
  344,20191112,   15,   72
  344,20191112,   16,   66
  344,20191112,   17,   63
  344,20191112,   18,   60
  344,20191112,   19,   58
  344,20191112,   20,   59
  344,20191112,   21,   59
  344,20191112,   22,   54
  344,20191112,   23,   55
  344,20191112,   24,   59
  344,20191113,    1,   60
  344,20191113,    2,   66
  344,20191113,    3,   69
  344,20191113,    4,   71
  344,20191113,    5,   71
  344,20191113,    6,   70
  344,20191113,    7,   69
  344,20191113,    8,   75
  344,20191113,    9,   67
  344,20191113,   10,   82
  344,20191113,   11,   69
  344,20191113,   12,   87
  344,20191113,   13,   73
  344,20191113,   14,   67
  344,20191113,   15,   65
  344,20191113,   16,   65
  344,20191113,   17,   63
  344,20191113,   18,   58
  344,20191113,   19,   64
  344,20191113,   20,   59
  344,20191113,   21,   62
  344,20191113,   22,   60
  344,20191113,   23,   61
  344,20191113,   24,   56
  344,20191114,    1,   56
  344,20191114,    2,   52
  344,20191114,    3,   51
  344,20191114,    4,   49
  344,20191114,    5,   46
  344,20191114,    6,   51
  344,20191114,    7,   52
  344,20191114,    8,   54
  344,20191114,    9,   60
  344,20191114,   10,   65
  344,20191114,   11,   70
  344,20191114,   12,   70
  344,20191114,   13,   68
  344,20191114,   14,   74
  344,20191114,   15,   66
  344,20191114,   16,   63
  344,20191114,   17,   45
  344,20191114,   18,   52
  344,20191114,   19,   54
  344,20191114,   20,   57
  344,20191114,   21,   54
  344,20191114,   22,   59
  344,20191114,   23,   50
  344,20191114,   24,   42
  344,20191115,    1,   41
  344,20191115,    2,   36
  344,20191115,    3,   31
  344,20191115,    4,   29
  344,20191115,    5,   28
  344,20191115,    6,   32
  344,20191115,    7,   35
  344,20191115,    8,   38
  344,20191115,    9,   41
  344,20191115,   10,   44
  344,20191115,   11,   50
  344,20191115,   12,   51
  344,20191115,   13,   51
  344,20191115,   14,   49
  344,20191115,   15,   51
  344,20191115,   16,   52
  344,20191115,   17,   54
  344,20191115,   18,   55
  344,20191115,   19,   55
  344,20191115,   20,   54
  344,20191115,   21,   52
  344,20191115,   22,   50
  344,20191115,   23,   29
  344,20191115,   24,   48
  344,20191116,    1,   44
  344,20191116,    2,   31
  344,20191116,    3,   20
  344,20191116,    4,   16
  344,20191116,    5,   15
  344,20191116,    6,    3
  344,20191116,    7,   16
  344,20191116,    8,    6
  344,20191116,    9,   35
  344,20191116,   10,   50
  344,20191116,   11,   57
  344,20191116,   12,   62
  344,20191116,   13,   63
  344,20191116,   14,   62
  344,20191116,   15,   59
  344,20191116,   16,   54
  344,20191116,   17,   59
  344,20191116,   18,   62
  344,20191116,   19,   61
  344,20191116,   20,   63
  344,20191116,   21,   64
  344,20191116,   22,   63
  344,20191116,   23,   62
  344,20191116,   24,   60
  344,20191117,    1,   61
  344,20191117,    2,   54
  344,20191117,    3,   44
  344,20191117,    4,   43
  344,20191117,    5,   34
  344,20191117,    6,   17
  344,20191117,    7,   24
  344,20191117,    8,   20
  344,20191117,    9,   41
  344,20191117,   10,   70
  344,20191117,   11,   72
  344,20191117,   12,   78
  344,20191117,   13,   80
  344,20191117,   14,   72
  344,20191117,   15,   53
  344,20191117,   16,   49
  344,20191117,   17,   44
  344,20191117,   18,   39
  344,20191117,   19,   36
  344,20191117,   20,   29
  344,20191117,   21,   39
  344,20191117,   22,   36
  344,20191117,   23,   38
  344,20191117,   24,   34
  344,20191118,    1,   50
  344,20191118,    2,   44
  344,20191118,    3,   42
  344,20191118,    4,   41
  344,20191118,    5,   43
  344,20191118,    6,   43
  344,20191118,    7,   41
  344,20191118,    8,   50
  344,20191118,    9,   56
  344,20191118,   10,   65
  344,20191118,   11,   68
  344,20191118,   12,   69
  344,20191118,   13,   70
  344,20191118,   14,   71
  344,20191118,   15,   87
  344,20191118,   16,   81
  344,20191118,   17,   85
  344,20191118,   18,   82
  344,20191118,   19,   78
  344,20191118,   20,   70
  344,20191118,   21,   73
  344,20191118,   22,   64
  344,20191118,   23,   64
  344,20191118,   24,   58
  344,20191119,    1,   64
  344,20191119,    2,   50
  344,20191119,    3,   59
  344,20191119,    4,   61
  344,20191119,    5,   36
  344,20191119,    6,   29
  344,20191119,    7,   33
  344,20191119,    8,   51
  344,20191119,    9,   60
  344,20191119,   10,   69
  344,20191119,   11,   72
  344,20191119,   12,   76
  344,20191119,   13,   68
  344,20191119,   14,   64
  344,20191119,   15,   54
  344,20191119,   16,   57
  344,20191119,   17,   38
  344,20191119,   18,   19
  344,20191119,   19,   22
  344,20191119,   20,    9
  344,20191119,   21,   13
  344,20191119,   22,    5
  344,20191119,   23,    9
  344,20191119,   24,   -4
  344,20191120,    1,  -10
  344,20191120,    2,  -13
  344,20191120,    3,  -12
  344,20191120,    4,  -26
  344,20191120,    5,  -35
  344,20191120,    6,  -14
  344,20191120,    7,  -16
  344,20191120,    8,    1
  344,20191120,    9,   18
  344,20191120,   10,   46
  344,20191120,   11,   61
  344,20191120,   12,   61
  344,20191120,   13,   61
  344,20191120,   14,   57
  344,20191120,   15,   48
  344,20191120,   16,   41
  344,20191120,   17,   29
  344,20191120,   18,   22
  344,20191120,   19,   25
  344,20191120,   20,   28
  344,20191120,   21,   27
  344,20191120,   22,   26
  344,20191120,   23,   24
  344,20191120,   24,   21
  344,20191121,    1,   19
  344,20191121,    2,   19
  344,20191121,    3,   18
  344,20191121,    4,   17
  344,20191121,    5,   19
  344,20191121,    6,   19
  344,20191121,    7,   21
  344,20191121,    8,   24
  344,20191121,    9,   26
  344,20191121,   10,   29
  344,20191121,   11,   29
  344,20191121,   12,   31
  344,20191121,   13,   31
  344,20191121,   14,   33
  344,20191121,   15,   32
  344,20191121,   16,   29
  344,20191121,   17,   21
  344,20191121,   18,   22
  344,20191121,   19,   23
  344,20191121,   20,   18
  344,20191121,   21,   17
  344,20191121,   22,   19
  344,20191121,   23,   21
  344,20191121,   24,   29
  344,20191122,    1,   39
  344,20191122,    2,   45
  344,20191122,    3,   52
  344,20191122,    4,   55
  344,20191122,    5,   62
  344,20191122,    6,   63
  344,20191122,    7,   67
  344,20191122,    8,   70
  344,20191122,    9,   69
  344,20191122,   10,   81
  344,20191122,   11,   93
  344,20191122,   12,  101
  344,20191122,   13,  104
  344,20191122,   14,  106
  344,20191122,   15,   97
  344,20191122,   16,   85
  344,20191122,   17,   76
  344,20191122,   18,   72
  344,20191122,   19,   62
  344,20191122,   20,   55
  344,20191122,   21,   53
  344,20191122,   22,   50
  344,20191122,   23,   52
  344,20191122,   24,   52
  344,20191123,    1,   52
  344,20191123,    2,   52
  344,20191123,    3,   54
  344,20191123,    4,   52
  344,20191123,    5,   50
  344,20191123,    6,   49
  344,20191123,    7,   46
  344,20191123,    8,   48
  344,20191123,    9,   51
  344,20191123,   10,   58
  344,20191123,   11,   65
  344,20191123,   12,   71
  344,20191123,   13,   71
  344,20191123,   14,   74
  344,20191123,   15,   69
  344,20191123,   16,   72
  344,20191123,   17,   68
  344,20191123,   18,   72
  344,20191123,   19,   75
  344,20191123,   20,   69
  344,20191123,   21,   65
  344,20191123,   22,   61
  344,20191123,   23,   54
  344,20191123,   24,   51
  344,20191124,    1,   46
  344,20191124,    2,   29
  344,20191124,    3,   22
  344,20191124,    4,    9
  344,20191124,    5,   18
  344,20191124,    6,   24
  344,20191124,    7,   42
  344,20191124,    8,   38
  344,20191124,    9,   59
  344,20191124,   10,   72
  344,20191124,   11,   89
  344,20191124,   12,   95
  344,20191124,   13,   99
  344,20191124,   14,   96
  344,20191124,   15,   90
  344,20191124,   16,   70
  344,20191124,   17,   67
  344,20191124,   18,   70
  344,20191124,   19,   66
  344,20191124,   20,   67
  344,20191124,   21,   71
  344,20191124,   22,   73
  344,20191124,   23,   76
  344,20191124,   24,   79
  344,20191125,    1,   84
  344,20191125,    2,   62
  344,20191125,    3,   33
  344,20191125,    4,   53
  344,20191125,    5,   47
  344,20191125,    6,   59
  344,20191125,    7,   47
  344,20191125,    8,   51
  344,20191125,    9,   71
  344,20191125,   10,   89
  344,20191125,   11,  104
  344,20191125,   12,  111
  344,20191125,   13,  108
  344,20191125,   14,  109
  344,20191125,   15,  102
  344,20191125,   16,  100
  344,20191125,   17,   96
  344,20191125,   18,   97
  344,20191125,   19,   93
  344,20191125,   20,   87
  344,20191125,   21,   89
  344,20191125,   22,   89
  344,20191125,   23,   89
  344,20191125,   24,   89
  344,20191126,    1,   86
  344,20191126,    2,   87
  344,20191126,    3,   87
  344,20191126,    4,   88
  344,20191126,    5,   89
  344,20191126,    6,   92
  344,20191126,    7,   96
  344,20191126,    8,   99
  344,20191126,    9,  103
  344,20191126,   10,  110
  344,20191126,   11,  109
  344,20191126,   12,  117
  344,20191126,   13,  118
  344,20191126,   14,  104
  344,20191126,   15,  103
  344,20191126,   16,  104
  344,20191126,   17,  106
  344,20191126,   18,  112
  344,20191126,   19,  110
  344,20191126,   20,  111
  344,20191126,   21,  110
  344,20191126,   22,  110
  344,20191126,   23,  111
  344,20191126,   24,  109
  344,20191127,    1,  109
  344,20191127,    2,  106
  344,20191127,    3,  103
  344,20191127,    4,  102
  344,20191127,    5,  104
  344,20191127,    6,  103
  344,20191127,    7,  103
  344,20191127,    8,  107
  344,20191127,    9,  106
  344,20191127,   10,  111
  344,20191127,   11,  110
  344,20191127,   12,  109
  344,20191127,   13,  105
  344,20191127,   14,  110
  344,20191127,   15,  109
  344,20191127,   16,  106
  344,20191127,   17,  100
  344,20191127,   18,  102
  344,20191127,   19,  103
  344,20191127,   20,  102
  344,20191127,   21,  104
  344,20191127,   22,  103
  344,20191127,   23,  102
  344,20191127,   24,  102
  344,20191128,    1,   96
  344,20191128,    2,   98
  344,20191128,    3,  100
  344,20191128,    4,   95
  344,20191128,    5,   92
  344,20191128,    6,   91
  344,20191128,    7,   93
  344,20191128,    8,   90
  344,20191128,    9,   94
  344,20191128,   10,   93
  344,20191128,   11,   98
  344,20191128,   12,  105
  344,20191128,   13,  106
  344,20191128,   14,  107
  344,20191128,   15,  105
  344,20191128,   16,  100
  344,20191128,   17,   97
  344,20191128,   18,   92
  344,20191128,   19,   88
  344,20191128,   20,   84
  344,20191128,   21,   88
  344,20191128,   22,   84
  344,20191128,   23,   81
  344,20191128,   24,   79
  344,20191129,    1,   68
  344,20191129,    2,   60
  344,20191129,    3,   43
  344,20191129,    4,   44
  344,20191129,    5,   38
  344,20191129,    6,   53
  344,20191129,    7,   42
  344,20191129,    8,   61
  344,20191129,    9,   66
  344,20191129,   10,   87
  344,20191129,   11,   80
  344,20191129,   12,   97
  344,20191129,   13,   76
  344,20191129,   14,   72
  344,20191129,   15,   52
  344,20191129,   16,   56
  344,20191129,   17,   46
  344,20191129,   18,   38
  344,20191129,   19,   34
  344,20191129,   20,   22
  344,20191129,   21,   22
  344,20191129,   22,   19
  344,20191129,   23,   33
  344,20191129,   24,   20
  344,20191130,    1,   16
  344,20191130,    2,   10
  344,20191130,    3,   15
  344,20191130,    4,   11
  344,20191130,    5,    7
  344,20191130,    6,    9
  344,20191130,    7,   15
  344,20191130,    8,    5
  344,20191130,    9,   22
  344,20191130,   10,   55
  344,20191130,   11,   80
  344,20191130,   12,   90
  344,20191130,   13,   89
  344,20191130,   14,   72
  344,20191130,   15,   46
  344,20191130,   16,   23
  344,20191130,   17,   27
  344,20191130,   18,   19
  344,20191130,   19,   12
  344,20191130,   20,   -7
  344,20191130,   21,  -10
  344,20191130,   22,   -7
  344,20191130,   23,   -1
  344,20191130,   24,   -2
  344,20191201,    1,  -14
  344,20191201,    2,  -18
  344,20191201,    3,   -6
  344,20191201,    4,   -7
  344,20191201,    5,    4
  344,20191201,    6,    2
  344,20191201,    7,   -7
  344,20191201,    8,    7
  344,20191201,    9,   14
  344,20191201,   10,   39
  344,20191201,   11,   44
  344,20191201,   12,   45
  344,20191201,   13,   48
  344,20191201,   14,   47
  344,20191201,   15,   38
  344,20191201,   16,   35
  344,20191201,   17,   25
  344,20191201,   18,    0
  344,20191201,   19,    9
  344,20191201,   20,    4
  344,20191201,   21,   -3
  344,20191201,   22,  -10
  344,20191201,   23,  -12
  344,20191201,   24,  -23
  344,20191202,    1,  -16
  344,20191202,    2,   -8
  344,20191202,    3,    7
  344,20191202,    4,   11
  344,20191202,    5,    3
  344,20191202,    6,    1
  344,20191202,    7,   35
  344,20191202,    8,   17
  344,20191202,    9,   47
  344,20191202,   10,   62
  344,20191202,   11,   83
  344,20191202,   12,   87
  344,20191202,   13,   89
  344,20191202,   14,   84
  344,20191202,   15,   69
  344,20191202,   16,   71
  344,20191202,   17,   71
  344,20191202,   18,   57
  344,20191202,   19,   68
  344,20191202,   20,   69
  344,20191202,   21,   75
  344,20191202,   22,   70
  344,20191202,   23,   70
  344,20191202,   24,   70
  344,20191203,    1,   59
  344,20191203,    2,   25
  344,20191203,    3,   23
  344,20191203,    4,   10
  344,20191203,    5,   25
  344,20191203,    6,   13
  344,20191203,    7,   11
  344,20191203,    8,   33
  344,20191203,    9,   55
  344,20191203,   10,   68
  344,20191203,   11,   74
  344,20191203,   12,   80
  344,20191203,   13,   83
  344,20191203,   14,   72
  344,20191203,   15,   60
  344,20191203,   16,   49
  344,20191203,   17,   43
  344,20191203,   18,   47
  344,20191203,   19,   41
  344,20191203,   20,   36
  344,20191203,   21,   35
  344,20191203,   22,   26
  344,20191203,   23,   29
  344,20191203,   24,   19
  344,20191204,    1,   25
  344,20191204,    2,   24
  344,20191204,    3,   21
  344,20191204,    4,   19
  344,20191204,    5,   12
  344,20191204,    6,   18
  344,20191204,    7,   19
  344,20191204,    8,   15
  344,20191204,    9,   33
  344,20191204,   10,   51
  344,20191204,   11,   66
  344,20191204,   12,   73
  344,20191204,   13,   75
  344,20191204,   14,   80
  344,20191204,   15,   65
  344,20191204,   16,   35
  344,20191204,   17,   26
  344,20191204,   18,   29
  344,20191204,   19,   17
  344,20191204,   20,  -12
  344,20191204,   21,   -8
  344,20191204,   22,   -7
  344,20191204,   23,  -14
  344,20191204,   24,  -20
  344,20191205,    1,   -2
  344,20191205,    2,   -2
  344,20191205,    3,   -3
  344,20191205,    4,    2
  344,20191205,    5,    1
  344,20191205,    6,    5
  344,20191205,    7,    4
  344,20191205,    8,   10
  344,20191205,    9,   12
  344,20191205,   10,   17
  344,20191205,   11,   28
  344,20191205,   12,   43
  344,20191205,   13,   55
  344,20191205,   14,   58
  344,20191205,   15,   55
  344,20191205,   16,   50
  344,20191205,   17,   37
  344,20191205,   18,   33
  344,20191205,   19,   32
  344,20191205,   20,   34
  344,20191205,   21,   44
  344,20191205,   22,   46
  344,20191205,   23,   46
  344,20191205,   24,   48
  344,20191206,    1,   53
  344,20191206,    2,   52
  344,20191206,    3,   55
  344,20191206,    4,   55
  344,20191206,    5,   50
  344,20191206,    6,   52
  344,20191206,    7,   53
  344,20191206,    8,   54
  344,20191206,    9,   54
  344,20191206,   10,   58
  344,20191206,   11,   64
  344,20191206,   12,   71
  344,20191206,   13,   77
  344,20191206,   14,   78
  344,20191206,   15,   79
  344,20191206,   16,   81
  344,20191206,   17,   81
  344,20191206,   18,   87
  344,20191206,   19,   84
  344,20191206,   20,   95
  344,20191206,   21,   92
  344,20191206,   22,   96
  344,20191206,   23,  101
  344,20191206,   24,   98
  344,20191207,    1,   99
  344,20191207,    2,   99
  344,20191207,    3,   97
  344,20191207,    4,   96
  344,20191207,    5,   92
  344,20191207,    6,   94
  344,20191207,    7,   96
  344,20191207,    8,   95
  344,20191207,    9,   97
  344,20191207,   10,   99
  344,20191207,   11,  101
  344,20191207,   12,  101
  344,20191207,   13,  101
  344,20191207,   14,   99
  344,20191207,   15,   96
  344,20191207,   16,   91
  344,20191207,   17,   90
  344,20191207,   18,   91
  344,20191207,   19,   92
  344,20191207,   20,   88
  344,20191207,   21,   89
  344,20191207,   22,   96
  344,20191207,   23,   96
  344,20191207,   24,   94
  344,20191208,    1,   97
  344,20191208,    2,   95
  344,20191208,    3,   93
  344,20191208,    4,   93
  344,20191208,    5,   91
  344,20191208,    6,   88
  344,20191208,    7,   95
  344,20191208,    8,   94
  344,20191208,    9,   97
  344,20191208,   10,  104
  344,20191208,   11,  103
  344,20191208,   12,  105
  344,20191208,   13,  106
  344,20191208,   14,  100
  344,20191208,   15,   97
  344,20191208,   16,   93
  344,20191208,   17,   95
  344,20191208,   18,   94
  344,20191208,   19,   92
  344,20191208,   20,   80
  344,20191208,   21,   81
  344,20191208,   22,   83
  344,20191208,   23,   79
  344,20191208,   24,   71
  344,20191209,    1,   71
  344,20191209,    2,   74
  344,20191209,    3,   67
  344,20191209,    4,   66
  344,20191209,    5,   59
  344,20191209,    6,   53
  344,20191209,    7,   63
  344,20191209,    8,   73
  344,20191209,    9,   74
  344,20191209,   10,   85
  344,20191209,   11,   82
  344,20191209,   12,   81
  344,20191209,   13,   86
  344,20191209,   14,   72
  344,20191209,   15,   81
  344,20191209,   16,   75
  344,20191209,   17,   73
  344,20191209,   18,   70
  344,20191209,   19,   70
  344,20191209,   20,   63
  344,20191209,   21,   58
  344,20191209,   22,   52
  344,20191209,   23,   58
  344,20191209,   24,   45
  344,20191210,    1,   34
  344,20191210,    2,   46
  344,20191210,    3,   23
  344,20191210,    4,   41
  344,20191210,    5,   49
  344,20191210,    6,   38
  344,20191210,    7,   39
  344,20191210,    8,   38
  344,20191210,    9,   40
  344,20191210,   10,   50
  344,20191210,   11,   52
  344,20191210,   12,   58
  344,20191210,   13,   61
  344,20191210,   14,   62
  344,20191210,   15,   64
  344,20191210,   16,   64
  344,20191210,   17,   65
  344,20191210,   18,   66
  344,20191210,   19,   70
  344,20191210,   20,   68
  344,20191210,   21,   73
  344,20191210,   22,   76
  344,20191210,   23,   76
  344,20191210,   24,   78
  344,20191211,    1,   71
  344,20191211,    2,   74
  344,20191211,    3,   74
  344,20191211,    4,   77
  344,20191211,    5,   77
  344,20191211,    6,   73
  344,20191211,    7,   67
  344,20191211,    8,   68
  344,20191211,    9,   68
  344,20191211,   10,   70
  344,20191211,   11,   75
  344,20191211,   12,   76
  344,20191211,   13,   75
  344,20191211,   14,   73
  344,20191211,   15,   65
  344,20191211,   16,   62
  344,20191211,   17,   60
  344,20191211,   18,   58
  344,20191211,   19,   58
  344,20191211,   20,   58
  344,20191211,   21,   61
  344,20191211,   22,   60
  344,20191211,   23,   57
  344,20191211,   24,   58
  344,20191212,    1,   56
  344,20191212,    2,   57
  344,20191212,    3,   52
  344,20191212,    4,   45
  344,20191212,    5,   35
  344,20191212,    6,   37
  344,20191212,    7,   37
  344,20191212,    8,   35
  344,20191212,    9,   37
  344,20191212,   10,   40
  344,20191212,   11,   50
  344,20191212,   12,   58
  344,20191212,   13,   54
  344,20191212,   14,   56
  344,20191212,   15,   53
  344,20191212,   16,   51
  344,20191212,   17,   49
  344,20191212,   18,   49
  344,20191212,   19,   46
  344,20191212,   20,   49
  344,20191212,   21,   52
  344,20191212,   22,   49
  344,20191212,   23,   46
  344,20191212,   24,   46
  344,20191213,    1,   45
  344,20191213,    2,   46
  344,20191213,    3,   45
  344,20191213,    4,   47
  344,20191213,    5,   48
  344,20191213,    6,   46
  344,20191213,    7,   44
  344,20191213,    8,   43
  344,20191213,    9,   40
  344,20191213,   10,   41
  344,20191213,   11,   42
  344,20191213,   12,   47
  344,20191213,   13,   56
  344,20191213,   14,   73
  344,20191213,   15,   77
  344,20191213,   16,   77
  344,20191213,   17,   76
  344,20191213,   18,   81
  344,20191213,   19,   77
  344,20191213,   20,   78
  344,20191213,   21,   75
  344,20191213,   22,   68
  344,20191213,   23,   64
  344,20191213,   24,   60
  344,20191214,    1,   57
  344,20191214,    2,   57
  344,20191214,    3,   55
  344,20191214,    4,   55
  344,20191214,    5,   57
  344,20191214,    6,   66
  344,20191214,    7,   72
  344,20191214,    8,   69
  344,20191214,    9,   73
  344,20191214,   10,   71
  344,20191214,   11,   78
  344,20191214,   12,   79
  344,20191214,   13,   78
  344,20191214,   14,   73
  344,20191214,   15,   66
  344,20191214,   16,   68
  344,20191214,   17,   68
  344,20191214,   18,   67
  344,20191214,   19,   67
  344,20191214,   20,   67
  344,20191214,   21,   60
  344,20191214,   22,   54
  344,20191214,   23,   59
  344,20191214,   24,   60
  344,20191215,    1,   66
  344,20191215,    2,   71
  344,20191215,    3,   78
  344,20191215,    4,   87
  344,20191215,    5,   85
  344,20191215,    6,   82
  344,20191215,    7,   75
  344,20191215,    8,   72
  344,20191215,    9,   75
  344,20191215,   10,   85
  344,20191215,   11,   84
  344,20191215,   12,   83
  344,20191215,   13,   92
  344,20191215,   14,   80
  344,20191215,   15,   80
  344,20191215,   16,   74
  344,20191215,   17,   75
  344,20191215,   18,   70
  344,20191215,   19,   66
  344,20191215,   20,   61
  344,20191215,   21,   64
  344,20191215,   22,   62
  344,20191215,   23,   62
  344,20191215,   24,   62
  344,20191216,    1,   56
  344,20191216,    2,   52
  344,20191216,    3,   51
  344,20191216,    4,   58
  344,20191216,    5,   69
  344,20191216,    6,   72
  344,20191216,    7,   73
  344,20191216,    8,   76
  344,20191216,    9,   79
  344,20191216,   10,   83
  344,20191216,   11,   84
  344,20191216,   12,   85
  344,20191216,   13,   85
  344,20191216,   14,   83
  344,20191216,   15,   83
  344,20191216,   16,   82
  344,20191216,   17,   82
  344,20191216,   18,   80
  344,20191216,   19,   77
  344,20191216,   20,   75
  344,20191216,   21,   73
  344,20191216,   22,   71
  344,20191216,   23,   72
  344,20191216,   24,   76
  344,20191217,    1,   70
  344,20191217,    2,   68
  344,20191217,    3,   68
  344,20191217,    4,   67
  344,20191217,    5,   80
  344,20191217,    6,   88
  344,20191217,    7,   90
  344,20191217,    8,   96
  344,20191217,    9,  104
  344,20191217,   10,  111
  344,20191217,   11,  113
  344,20191217,   12,  125
  344,20191217,   13,  137
  344,20191217,   14,  135
  344,20191217,   15,  129
  344,20191217,   16,  130
  344,20191217,   17,  104
  344,20191217,   18,   93
  344,20191217,   19,   90
  344,20191217,   20,   76
  344,20191217,   21,   70
  344,20191217,   22,   51
  344,20191217,   23,   61
  344,20191217,   24,   67
  344,20191218,    1,   73
  344,20191218,    2,   63
  344,20191218,    3,   69
  344,20191218,    4,   70
  344,20191218,    5,   71
  344,20191218,    6,   70
  344,20191218,    7,   60
  344,20191218,    8,   58
  344,20191218,    9,   60
  344,20191218,   10,   69
  344,20191218,   11,   75
  344,20191218,   12,   82
  344,20191218,   13,   81
  344,20191218,   14,   82
  344,20191218,   15,   80
  344,20191218,   16,   71
  344,20191218,   17,   77
  344,20191218,   18,   75
  344,20191218,   19,   79
  344,20191218,   20,   77
  344,20191218,   21,   78
  344,20191218,   22,   81
  344,20191218,   23,   81
  344,20191218,   24,   84
  344,20191219,    1,   93
  344,20191219,    2,   89
  344,20191219,    3,   94
  344,20191219,    4,   93
  344,20191219,    5,  100
  344,20191219,    6,  103
  344,20191219,    7,  102
  344,20191219,    8,  106
  344,20191219,    9,  111
  344,20191219,   10,  122
  344,20191219,   11,  128
  344,20191219,   12,  133
  344,20191219,   13,  132
  344,20191219,   14,  130
  344,20191219,   15,  127
  344,20191219,   16,  129
  344,20191219,   17,  131
  344,20191219,   18,  132
  344,20191219,   19,  131
  344,20191219,   20,  133
  344,20191219,   21,  131
  344,20191219,   22,  131
  344,20191219,   23,  132
  344,20191219,   24,  130
  344,20191220,    1,  125
  344,20191220,    2,  121
  344,20191220,    3,  123
  344,20191220,    4,  121
  344,20191220,    5,  117
  344,20191220,    6,  118
  344,20191220,    7,  121
  344,20191220,    8,  120
  344,20191220,    9,  118
  344,20191220,   10,  115
  344,20191220,   11,  124
  344,20191220,   12,  127
  344,20191220,   13,  123
  344,20191220,   14,  113
  344,20191220,   15,  110
  344,20191220,   16,  106
  344,20191220,   17,  101
  344,20191220,   18,   92
  344,20191220,   19,   91
  344,20191220,   20,   86
  344,20191220,   21,   87
  344,20191220,   22,   83
  344,20191220,   23,   83
  344,20191220,   24,   80
  344,20191221,    1,   75
  344,20191221,    2,   71
  344,20191221,    3,   69
  344,20191221,    4,   69
  344,20191221,    5,   67
  344,20191221,    6,   67
  344,20191221,    7,   65
  344,20191221,    8,   69
  344,20191221,    9,   71
  344,20191221,   10,   78
  344,20191221,   11,   84
  344,20191221,   12,   84
  344,20191221,   13,   82
  344,20191221,   14,   83
  344,20191221,   15,   80
  344,20191221,   16,   80
  344,20191221,   17,   81
  344,20191221,   18,   79
  344,20191221,   19,   78
  344,20191221,   20,   79
  344,20191221,   21,   78
  344,20191221,   22,   79
  344,20191221,   23,   74
  344,20191221,   24,   69
  344,20191222,    1,   69
  344,20191222,    2,   73
  344,20191222,    3,   77
  344,20191222,    4,   79
  344,20191222,    5,   79
  344,20191222,    6,   80
  344,20191222,    7,   82
  344,20191222,    8,   82
  344,20191222,    9,   83
  344,20191222,   10,   85
  344,20191222,   11,   92
  344,20191222,   12,   93
  344,20191222,   13,   93
  344,20191222,   14,   86
  344,20191222,   15,   84
  344,20191222,   16,   83
  344,20191222,   17,   85
  344,20191222,   18,   82
  344,20191222,   19,   83
  344,20191222,   20,   78
  344,20191222,   21,   78
  344,20191222,   22,   80
  344,20191222,   23,   84
  344,20191222,   24,   88
  344,20191223,    1,   85
  344,20191223,    2,   88
  344,20191223,    3,   83
  344,20191223,    4,   86
  344,20191223,    5,   85
  344,20191223,    6,   78
  344,20191223,    7,   72
  344,20191223,    8,   77
  344,20191223,    9,   83
  344,20191223,   10,   88
  344,20191223,   11,   90
  344,20191223,   12,   92
  344,20191223,   13,   93
  344,20191223,   14,   95
  344,20191223,   15,   88
  344,20191223,   16,   88
  344,20191223,   17,   83
  344,20191223,   18,   79
  344,20191223,   19,   79
  344,20191223,   20,   87
  344,20191223,   21,   80
  344,20191223,   22,   70
  344,20191223,   23,   64
  344,20191223,   24,   67
  344,20191224,    1,   70
  344,20191224,    2,   73
  344,20191224,    3,   74
  344,20191224,    4,   71
  344,20191224,    5,   72
  344,20191224,    6,   69
  344,20191224,    7,   63
  344,20191224,    8,   65
  344,20191224,    9,   74
  344,20191224,   10,   96
  344,20191224,   11,   97
  344,20191224,   12,  106
  344,20191224,   13,  103
  344,20191224,   14,  100
  344,20191224,   15,  102
  344,20191224,   16,  100
  344,20191224,   17,  100
  344,20191224,   18,   98
  344,20191224,   19,  100
  344,20191224,   20,   98
  344,20191224,   21,   97
  344,20191224,   22,   99
  344,20191224,   23,   99
  344,20191224,   24,   92
  344,20191225,    1,   88
  344,20191225,    2,   87
  344,20191225,    3,   83
  344,20191225,    4,   81
  344,20191225,    5,   77
  344,20191225,    6,   76
  344,20191225,    7,   76
  344,20191225,    8,   76
  344,20191225,    9,   78
  344,20191225,   10,   82
  344,20191225,   11,   90
  344,20191225,   12,   85
  344,20191225,   13,   80
  344,20191225,   14,   83
  344,20191225,   15,   79
  344,20191225,   16,   77
  344,20191225,   17,   76
  344,20191225,   18,   73
  344,20191225,   19,   74
  344,20191225,   20,   60
  344,20191225,   21,   45
  344,20191225,   22,   62
  344,20191225,   23,   51
  344,20191225,   24,   31
  344,20191226,    1,   40
  344,20191226,    2,   44
  344,20191226,    3,   46
  344,20191226,    4,   27
  344,20191226,    5,   29
  344,20191226,    6,   36
  344,20191226,    7,   34
  344,20191226,    8,   36
  344,20191226,    9,   47
  344,20191226,   10,   52
  344,20191226,   11,   58
  344,20191226,   12,   60
  344,20191226,   13,   62
  344,20191226,   14,   64
  344,20191226,   15,   63
  344,20191226,   16,   59
  344,20191226,   17,   59
  344,20191226,   18,   61
  344,20191226,   19,   58
  344,20191226,   20,   57
  344,20191226,   21,   57
  344,20191226,   22,   59
  344,20191226,   23,   59
  344,20191226,   24,   60
  344,20191227,    1,   61
  344,20191227,    2,   61
  344,20191227,    3,   60
  344,20191227,    4,   60
  344,20191227,    5,   60
  344,20191227,    6,   58
  344,20191227,    7,   56
  344,20191227,    8,   46
  344,20191227,    9,   36
  344,20191227,   10,   38
  344,20191227,   11,   48
  344,20191227,   12,   55
  344,20191227,   13,   62
  344,20191227,   14,   61
  344,20191227,   15,   50
  344,20191227,   16,   30
  344,20191227,   17,   41
  344,20191227,   18,   13
  344,20191227,   19,   23
  344,20191227,   20,   10
  344,20191227,   21,   21
  344,20191227,   22,   23
  344,20191227,   23,   29
  344,20191227,   24,   28
  344,20191228,    1,   14
  344,20191228,    2,   16
  344,20191228,    3,   13
  344,20191228,    4,    7
  344,20191228,    5,   15
  344,20191228,    6,   12
  344,20191228,    7,    4
  344,20191228,    8,    0
  344,20191228,    9,    9
  344,20191228,   10,   21
  344,20191228,   11,   32
  344,20191228,   12,   40
  344,20191228,   13,   47
  344,20191228,   14,   48
  344,20191228,   15,   40
  344,20191228,   16,   35
  344,20191228,   17,   37
  344,20191228,   18,   27
  344,20191228,   19,   33
  344,20191228,   20,   29
  344,20191228,   21,   26
  344,20191228,   22,   10
  344,20191228,   23,    7
  344,20191228,   24,   14
  344,20191229,    1,   13
  344,20191229,    2,    4
  344,20191229,    3,    3
  344,20191229,    4,    7
  344,20191229,    5,    2
  344,20191229,    6,    4
  344,20191229,    7,   13
  344,20191229,    8,   12
  344,20191229,    9,   18
  344,20191229,   10,   28
  344,20191229,   11,   35
  344,20191229,   12,   37
  344,20191229,   13,   44
  344,20191229,   14,   46
  344,20191229,   15,   47
  344,20191229,   16,   45
  344,20191229,   17,   44
  344,20191229,   18,   41
  344,20191229,   19,   41
  344,20191229,   20,   41
  344,20191229,   21,   46
  344,20191229,   22,   49
  344,20191229,   23,   46
  344,20191229,   24,   41
  344,20191230,    1,   41
  344,20191230,    2,   37
  344,20191230,    3,   40
  344,20191230,    4,   36
  344,20191230,    5,   33
  344,20191230,    6,   21
  344,20191230,    7,   28
  344,20191230,    8,   30
  344,20191230,    9,   38
  344,20191230,   10,   51
  344,20191230,   11,   60
  344,20191230,   12,   68
  344,20191230,   13,   73
  344,20191230,   14,   77
  344,20191230,   15,   72
  344,20191230,   16,   63
  344,20191230,   17,   61
  344,20191230,   18,   60
  344,20191230,   19,   54
  344,20191230,   20,   43
  344,20191230,   21,   49
  344,20191230,   22,   55
  344,20191230,   23,   36
  344,20191230,   24,   32
  344,20191231,    1,   24
  344,20191231,    2,   41
  344,20191231,    3,   46
  344,20191231,    4,   54
  344,20191231,    5,   57
  344,20191231,    6,   65
  344,20191231,    7,   59
  344,20191231,    8,   29
  344,20191231,    9,   31
  344,20191231,   10,   48
  344,20191231,   11,   72
  344,20191231,   12,   77
  344,20191231,   13,   77
  344,20191231,   14,   65
  344,20191231,   15,   59
  344,20191231,   16,   32
  344,20191231,   17,   33
  344,20191231,   18,   41
  344,20191231,   19,   44
  344,20191231,   20,   45
  344,20191231,   21,   40
  344,20191231,   22,   32
  344,20191231,   23,   36
  344,20191231,   24,   33
